Model,Confidence
Logistic Regression,0.9810813378268332
Logistic Regression,0.990975900748078
Logistic Regression,0.9845788832616562
Logistic Regression,0.9929026035751873
Logistic Regression,0.978417277437637
Logistic Regression,0.986416416396061
Logistic Regression,0.9936437870037835
Logistic Regression,0.9833767606111754
Logistic Regression,0.9928749501041716
Logistic Regression,0.9831226673073223
Logistic Regression,0.9940261757985258
Logistic Regression,0.9855513216434114
Logistic Regression,0.9854387034175657
Logistic Regression,0.9858985275492502
Logistic Regression,0.9934529299816227
Logistic Regression,0.9881578972469035
Logistic Regression,0.9934854448560456
Logistic Regression,0.9938838561568937
Logistic Regression,0.9808810473931129
Logistic Regression,0.9833029043010993
Logistic Regression,0.9887564088663513
Logistic Regression,0.9839455370033401
Logistic Regression,0.9851611938979751
Logistic Regression,0.9837892279054503
Logistic Regression,0.9890690837366684
Logistic Regression,0.988613299609773
Logistic Regression,0.9872038487163686
Logistic Regression,0.9892376224019104
Logistic Regression,0.991317446616024
Logistic Regression,0.9824525965951112
Logistic Regression,0.993523410299327
Logistic Regression,0.989042319211018
Logistic Regression,0.9924593258565213
Logistic Regression,0.9932578262224213
Logistic Regression,0.9871807770584512
Logistic Regression,0.9939752784688021
Logistic Regression,0.981818663466453
Logistic Regression,0.9831871292299714
Logistic Regression,0.9827277692275956
Logistic Regression,0.9920264150296584
Logistic Regression,0.9933026685301668
Logistic Regression,0.9825194822334796
Logistic Regression,0.9909641005686768
Logistic Regression,0.9921989107073178
Logistic Regression,0.9876162528656814
Logistic Regression,0.9941021287790689
Logistic Regression,0.9929688550857749
Logistic Regression,0.9925891596340328
Logistic Regression,0.9924206759268641
Logistic Regression,0.985985037441156
Logistic Regression,0.9857525924721623
Logistic Regression,0.9904512805235294
Logistic Regression,0.988930594764608
Logistic Regression,0.9945105747000977
Logistic Regression,0.9918432559493647
Logistic Regression,0.9847777597888546
Logistic Regression,0.980521886704094
Logistic Regression,0.9779648975827787
Logistic Regression,0.9864199549323898
Logistic Regression,0.994204020276996
Logistic Regression,0.9866209208633361
Logistic Regression,0.9947348540453966
Logistic Regression,0.9846800295781074
Logistic Regression,0.9848595117390726
Logistic Regression,0.9864722351175902
Logistic Regression,0.9882315151417543
Logistic Regression,0.9906691798433794
Logistic Regression,0.9841352030473433
Logistic Regression,0.9882745755129059
Logistic Regression,0.9871102710214913
Logistic Regression,0.9799029028523853
Logistic Regression,0.9876577897969469
Logistic Regression,0.9819111654585551
Logistic Regression,0.9872698152416162
Logistic Regression,0.9917202061096538
Logistic Regression,0.9891949818746624
Logistic Regression,0.9840636491121656
Logistic Regression,0.993043974430195
Logistic Regression,0.9941618047576026
Logistic Regression,0.9803812407784266
Logistic Regression,0.9880249289293992
Logistic Regression,0.9946175515454014
Logistic Regression,0.987503042689793
Logistic Regression,0.9866694986530224
Logistic Regression,0.9855436738607389
Logistic Regression,0.9880697037632022
Logistic Regression,0.987161149283948
Logistic Regression,0.989776185415233
Logistic Regression,0.9922532386100047
Logistic Regression,0.9851870919754487
Logistic Regression,0.9844441898049361
Logistic Regression,0.980200588774724
Logistic Regression,0.989491898345779
Logistic Regression,0.9943034089395844
Logistic Regression,0.9812976307809361
Logistic Regression,0.9842927004929594
Logistic Regression,0.9917271009122829
Logistic Regression,0.9863480929898399
Logistic Regression,0.9893464716033166
Logistic Regression,0.9912719129464972
Logistic Regression,0.992449131528144
Logistic Regression,0.9926287602275383
Logistic Regression,0.990367773396856
Logistic Regression,0.9861503179641423
Logistic Regression,0.9885290898548492
Logistic Regression,0.9916194950596069
Logistic Regression,0.989458563747253
Logistic Regression,0.993524475493618
Logistic Regression,0.9952797594454773
Logistic Regression,0.9847527661176039
Logistic Regression,0.9950274585220705
Logistic Regression,0.98387857395346
Logistic Regression,0.983532150023983
Logistic Regression,0.986503311172252
Logistic Regression,0.9942914080181109
Logistic Regression,0.9918699191824275
Logistic Regression,0.9886285788523886
Logistic Regression,0.9926985661535935
Logistic Regression,0.9945138503634688
Logistic Regression,0.9855416881671584
Logistic Regression,0.9838309653075459
Logistic Regression,0.9792474407237719
Logistic Regression,0.9815118920397938
Logistic Regression,0.9938865258445005
Logistic Regression,0.9887375125433857
Logistic Regression,0.9856559058987855
Logistic Regression,0.98936019714615
Logistic Regression,0.9928524031351037
Logistic Regression,0.9807396565760611
Logistic Regression,0.9929256286531897
Logistic Regression,0.9883379498033171
Logistic Regression,0.9877430047529765
Logistic Regression,0.9917591043163336
Logistic Regression,0.9939632448727207
Logistic Regression,0.9933500567939462
Logistic Regression,0.986901451256595
Logistic Regression,0.9844735604933612
Logistic Regression,0.983280464327379
Logistic Regression,0.9866395615191286
Logistic Regression,0.9762897095608304
Logistic Regression,0.9790474050568426
Logistic Regression,0.9934548412175017
Logistic Regression,0.9888950566745814
Logistic Regression,0.9899470190035788
Logistic Regression,0.9884085922088459
Logistic Regression,0.9898834840928444
Logistic Regression,0.9892841891901089
Logistic Regression,0.9767289442434407
Logistic Regression,0.994880401234841
Logistic Regression,0.9943330135703322
Logistic Regression,0.9850405684427459
Logistic Regression,0.9887592528414401
Logistic Regression,0.9925206879895334
Logistic Regression,0.9876896588347231
Logistic Regression,0.9920593444742082
Logistic Regression,0.9938743619256732
Logistic Regression,0.9897071567903918
Logistic Regression,0.9897153797739021
Logistic Regression,0.9920584240662259
Logistic Regression,0.9807608842676151
Logistic Regression,0.9843069870635831
Logistic Regression,0.9870858504324828
Logistic Regression,0.9882698754499134
Logistic Regression,0.9874216966004257
Logistic Regression,0.9871302525941252
Logistic Regression,0.9870921914211059
Logistic Regression,0.9843232882528181
Logistic Regression,0.9848126421183548
Logistic Regression,0.9925011164189543
Logistic Regression,0.9806935494161403
Logistic Regression,0.9874526994473357
Logistic Regression,0.9911837253469193
Logistic Regression,0.9876365170170668
Logistic Regression,0.9825751923437359
Logistic Regression,0.9924926610044231
Logistic Regression,0.9852474042471966
Logistic Regression,0.9937487066307444
Logistic Regression,0.9821738015916883
Logistic Regression,0.9941621630219358
Logistic Regression,0.9873567830829365
Logistic Regression,0.9847555465939847
Logistic Regression,0.9923303803444553
Logistic Regression,0.9867402675817052
Logistic Regression,0.9872348154833175
Logistic Regression,0.9894065171521819
Logistic Regression,0.9929435277764055
Logistic Regression,0.9825079459490237
Logistic Regression,0.9849508410473315
Logistic Regression,0.9856869318962496
Logistic Regression,0.9895276225462466
Logistic Regression,0.9932427241399455
Logistic Regression,0.993735887920058
Logistic Regression,0.9841765143664866
Logistic Regression,0.990315915582207
Logistic Regression,0.9891163012797383
Logistic Regression,0.9941205251268368
Logistic Regression,0.9830526563518702
Logistic Regression,0.993335014277137
Logistic Regression,0.9958903920521194
Logistic Regression,0.9876762625104261
Logistic Regression,0.9735097083267075
Logistic Regression,0.992002712912981
Logistic Regression,0.9934150601340505
Logistic Regression,0.9945067989928428
Logistic Regression,0.9928995162332239
Logistic Regression,0.9931932608669126
Logistic Regression,0.9865623305111754
Logistic Regression,0.9845454773979754
Logistic Regression,0.9843886982576914
Logistic Regression,0.9888083377292443
Logistic Regression,0.9771973612557939
Logistic Regression,0.992421180849104
Logistic Regression,0.9947773230380305
Logistic Regression,0.9918479619342806
Logistic Regression,0.9911180252550162
Logistic Regression,0.9839815573487946
Logistic Regression,0.9799854445738494
Logistic Regression,0.9930957432933383
Logistic Regression,0.9921770453111635
Logistic Regression,0.9877195971076075
Logistic Regression,0.9935229921754959
Logistic Regression,0.9949329838725269
Logistic Regression,0.9899412178928555
Logistic Regression,0.9824504787657755
Logistic Regression,0.9856530479802628
Logistic Regression,0.9859815258554471
Logistic Regression,0.9899125723376333
Logistic Regression,0.9903757279425683
Logistic Regression,0.9842350912231019
Logistic Regression,0.9936033792361343
Logistic Regression,0.987524369142412
Logistic Regression,0.9945131747962203
Logistic Regression,0.9878269641112929
Logistic Regression,0.9823999307828915
Logistic Regression,0.9826973672762969
Logistic Regression,0.9938035634068837
Logistic Regression,0.9867610360991174
Logistic Regression,0.9920502610353172
Logistic Regression,0.9838610496086347
Logistic Regression,0.9893735710730928
Logistic Regression,0.9948278316330416
Logistic Regression,0.9839088042635767
Logistic Regression,0.9905796558938147
Logistic Regression,0.9917753350017171
Logistic Regression,0.987279235542463
Logistic Regression,0.9918402693953963
Logistic Regression,0.9904321405889305
Logistic Regression,0.9812208330260885
Logistic Regression,0.9914282696747905
Logistic Regression,0.9832893664408044
Logistic Regression,0.9873591255233307
Logistic Regression,0.9919732139822569
Logistic Regression,0.9782304647076705
Logistic Regression,0.9933161328498845
Logistic Regression,0.9866568104736612
Logistic Regression,0.9868765952437111
Logistic Regression,0.9891828402022228
Logistic Regression,0.9911225730359132
Logistic Regression,0.9837021961286021
Logistic Regression,0.9899362928248965
Logistic Regression,0.9934131933552391
Logistic Regression,0.9829224490531931
Logistic Regression,0.987004282602869
Logistic Regression,0.98937003614155
Logistic Regression,0.9848707487355975
Logistic Regression,0.9865854522371937
Logistic Regression,0.9923831517820062
Logistic Regression,0.992531227272385
Logistic Regression,0.9927960689256023
Logistic Regression,0.9826587779952025
Logistic Regression,0.9872666009871719
Logistic Regression,0.987736297310382
Logistic Regression,0.9936949788360546
Logistic Regression,0.9786342839102431
Logistic Regression,0.986052805708685
Logistic Regression,0.9850921111646984
Logistic Regression,0.9913774799782187
Logistic Regression,0.9933637756381941
Logistic Regression,0.9797274772890244
Logistic Regression,0.9922489203635781
Logistic Regression,0.9851786116425139
Logistic Regression,0.9858021286930942
Logistic Regression,0.9925675446089799
Logistic Regression,0.9869705634558545
Logistic Regression,0.9805913063394202
Logistic Regression,0.9939976047881931
Logistic Regression,0.9859033172497291
Logistic Regression,0.9810444699632229
Logistic Regression,0.9890456804517502
Logistic Regression,0.9935073622884851
Logistic Regression,0.980862740503169
Logistic Regression,0.9836413699861208
Logistic Regression,0.9883878164922957
Logistic Regression,0.9863982164520532
Logistic Regression,0.9928627232724768
Logistic Regression,0.9909207298566963
Logistic Regression,0.9931551854786377
Logistic Regression,0.9842790177336977
Logistic Regression,0.9857088784979191
Logistic Regression,0.9902001915575479
Logistic Regression,0.9926832044921077
Logistic Regression,0.9935932300230319
Logistic Regression,0.9808314468565201
Logistic Regression,0.9870668522461254
Logistic Regression,0.994543033113897
Logistic Regression,0.9881673544033527
Logistic Regression,0.983625095121379
Logistic Regression,0.9865222183196282
Logistic Regression,0.9939821434282157
Logistic Regression,0.9909197531262778
Logistic Regression,0.987982723081514
Logistic Regression,0.9848299553169064
Logistic Regression,0.9840521655337446
Logistic Regression,0.9936809320811087
Logistic Regression,0.98107564176423
Logistic Regression,0.9948443283206898
Logistic Regression,0.9887809743940176
Logistic Regression,0.9884721919214989
Logistic Regression,0.9873018202777353
Logistic Regression,0.9889982747003842
Logistic Regression,0.9902011541072416
Logistic Regression,0.9851913694741565
Logistic Regression,0.9906475125259588
Logistic Regression,0.9952391562615458
Logistic Regression,0.9922132437540659
Logistic Regression,0.9921581907676522
Logistic Regression,0.9859216381608542
Logistic Regression,0.990536957541688
Logistic Regression,0.9849478372377375
Logistic Regression,0.9930622569110147
Logistic Regression,0.9920479986481233
Logistic Regression,0.9909529735557197
Logistic Regression,0.984544079232971
Logistic Regression,0.9861999668773224
Logistic Regression,0.993965845790024
Logistic Regression,0.986380673230613
Logistic Regression,0.9936769305669958
Logistic Regression,0.9928706934763151
Logistic Regression,0.9887087240982024
Logistic Regression,0.9838531638428452
Logistic Regression,0.9865823034446467
Logistic Regression,0.9908269710193848
Logistic Regression,0.9856216576178902
Logistic Regression,0.9929921620290613
Logistic Regression,0.9926818653940294
Logistic Regression,0.9803901215362861
Logistic Regression,0.9915194965600725
Logistic Regression,0.9775728987492764
Logistic Regression,0.9851272780775211
Logistic Regression,0.9882622309478196
Logistic Regression,0.9901393810801148
Logistic Regression,0.9935333656115505
Logistic Regression,0.9808373306190399
Logistic Regression,0.9804488096839535
Logistic Regression,0.9934210056970137
Logistic Regression,0.9936429228957082
Logistic Regression,0.987524621987909
Logistic Regression,0.9818367961800212
Logistic Regression,0.9862926081804313
Logistic Regression,0.9856485606950309
Logistic Regression,0.9877392543646348
Logistic Regression,0.9935662141797932
Logistic Regression,0.9932856992660997
Logistic Regression,0.9930125861288233
Logistic Regression,0.9944462923276468
Logistic Regression,0.9916360901967445
Logistic Regression,0.9817269004420646
Logistic Regression,0.9902400071674891
Logistic Regression,0.9868060652484334
Logistic Regression,0.9915731399012818
Logistic Regression,0.9850428632832767
Logistic Regression,0.9753005365302785
Logistic Regression,0.9933266894020439
Logistic Regression,0.9830293929824045
Logistic Regression,0.985170855603893
Logistic Regression,0.985765871358301
Logistic Regression,0.9930499282704582
Logistic Regression,0.9880894859917624
Logistic Regression,0.9856351131445988
Logistic Regression,0.9812448945892548
Logistic Regression,0.9833639880977967
Logistic Regression,0.9911363308972401
Logistic Regression,0.992605489160596
Logistic Regression,0.9876860141981287
Logistic Regression,0.9863510269703157
Logistic Regression,0.9938296931719357
Logistic Regression,0.9945917735426061
Logistic Regression,0.9870135322628041
Logistic Regression,0.9933865558562113
Logistic Regression,0.9795055107925553
Logistic Regression,0.9813557899438291
Logistic Regression,0.9853994898108415
Logistic Regression,0.9908923647017821
Logistic Regression,0.990782223794061
Logistic Regression,0.9937669917504834
Logistic Regression,0.9912488753945551
Logistic Regression,0.9863916944784281
Logistic Regression,0.9798787466827042
Logistic Regression,0.9882638676348189
Logistic Regression,0.9944753105243529
Logistic Regression,0.9920502814796777
Logistic Regression,0.9921828796551876
Logistic Regression,0.9921760405897991
Logistic Regression,0.992216579025037
Logistic Regression,0.9921199766082825
Logistic Regression,0.98053387320213
Logistic Regression,0.9850898311828101
Logistic Regression,0.9921603861413453
Logistic Regression,0.9871718231110636
Logistic Regression,0.9840246246227784
Logistic Regression,0.9905081135380658
Logistic Regression,0.9913707889127802
Logistic Regression,0.9791221238437124
Logistic Regression,0.9945557220103144
Logistic Regression,0.9924041770814198
Logistic Regression,0.9891829929499916
Logistic Regression,0.9880343514149589
Logistic Regression,0.9930260785567304
Logistic Regression,0.9928769964276113
Logistic Regression,0.9849649795466401
Logistic Regression,0.9865106478843292
Logistic Regression,0.9906663646294037
Logistic Regression,0.9864700702345718
Logistic Regression,0.9918488374130743
Logistic Regression,0.9842636179707795
Logistic Regression,0.9839430109886969
Logistic Regression,0.9856252359108997
Logistic Regression,0.9888971136809651
Logistic Regression,0.9896992531880333
Logistic Regression,0.9859027346511117
Logistic Regression,0.9930088140720518
Logistic Regression,0.9880053141356884
Logistic Regression,0.9872743845791659
Logistic Regression,0.9943625444814707
Logistic Regression,0.9865794645847689
Logistic Regression,0.9867851557291036
Logistic Regression,0.9854162915009609
Logistic Regression,0.9940942825978197
Logistic Regression,0.9921641133223328
Logistic Regression,0.9744272446927789
Logistic Regression,0.9874339361710991
Logistic Regression,0.9923604877571359
Logistic Regression,0.9879710145491141
Logistic Regression,0.9882865195099552
Logistic Regression,0.9833160193508506
Logistic Regression,0.9926866397248763
Logistic Regression,0.9895205759996519
Logistic Regression,0.9878485922006747
Logistic Regression,0.9944873202490808
Logistic Regression,0.9878990753558586
Logistic Regression,0.9928378870327045
Logistic Regression,0.9831718200924234
Logistic Regression,0.9929202799141074
Logistic Regression,0.9896670563982579
Logistic Regression,0.9876873522271977
Logistic Regression,0.9810613606756774
Logistic Regression,0.9923939702838593
Logistic Regression,0.9861962014646181
Logistic Regression,0.9797154864433872
Logistic Regression,0.9849980662001309
Logistic Regression,0.9937291952948222
Logistic Regression,0.9934185197283807
Logistic Regression,0.992635938870748
Logistic Regression,0.9873656343441309
Logistic Regression,0.9920818029619841
Logistic Regression,0.990439579118155
Logistic Regression,0.9894071356891568
Logistic Regression,0.9923265908670708
Logistic Regression,0.9867802615219632
Logistic Regression,0.993017223872373
Logistic Regression,0.9940632423317388
Logistic Regression,0.9902156235627445
Logistic Regression,0.9909361824047744
Logistic Regression,0.9817434253095064
Logistic Regression,0.9872073441447243
Logistic Regression,0.9910691143375097
Logistic Regression,0.9943470449828661
Logistic Regression,0.9938072531249948
Logistic Regression,0.9938361304584452
Logistic Regression,0.9858471460809438
Logistic Regression,0.9861497057379537
Logistic Regression,0.9859822616834809
Logistic Regression,0.9938577581198039
Logistic Regression,0.9924122392071703
Logistic Regression,0.9845453883618435
Logistic Regression,0.9853687547295547
Logistic Regression,0.9941363609410581
Logistic Regression,0.9884396584654521
Logistic Regression,0.9934287229052815
Logistic Regression,0.9946493596766555
Logistic Regression,0.9860993405130433
Logistic Regression,0.9898679618291407
Logistic Regression,0.9819831456448829
Logistic Regression,0.9928312628490523
Logistic Regression,0.992635624121357
Logistic Regression,0.9942229407674535
Logistic Regression,0.9870500811073655
Logistic Regression,0.9913644058316432
Logistic Regression,0.977966865480789
Logistic Regression,0.988550132076162
Logistic Regression,0.985667463235489
Logistic Regression,0.9930186802409785
Logistic Regression,0.9931227067766032
Logistic Regression,0.9716877840793903
Logistic Regression,0.9861235970906972
Logistic Regression,0.986749411375099
Logistic Regression,0.9876955747640749
Logistic Regression,0.9925062434335358
Logistic Regression,0.9882971723730201
Logistic Regression,0.9831514764209502
Logistic Regression,0.9939276366069639
Logistic Regression,0.9934620650365212
Logistic Regression,0.9934074289493672
Logistic Regression,0.9856412435542937
Logistic Regression,0.9759755378825749
Logistic Regression,0.9870785009582287
Logistic Regression,0.9943365818732648
Logistic Regression,0.9925606491821298
Logistic Regression,0.984187497749645
Logistic Regression,0.983020113660198
Logistic Regression,0.9852955532038646
Logistic Regression,0.9944510514971857
Logistic Regression,0.9803928396327694
Logistic Regression,0.9883202420581019
Logistic Regression,0.9910994843311803
Logistic Regression,0.9909310414938804
Logistic Regression,0.9940943196254856
Logistic Regression,0.9865712216032589
Logistic Regression,0.9916782061211037
Logistic Regression,0.9902775303168869
Logistic Regression,0.9882420252136404
Logistic Regression,0.9844471658554808
Logistic Regression,0.9926287107057481
Logistic Regression,0.9903521188310821
Logistic Regression,0.9897955033050948
Logistic Regression,0.9876157016363002
Logistic Regression,0.9855658824045852
Logistic Regression,0.9940154634835162
Logistic Regression,0.9889339836728812
Logistic Regression,0.9897963339160828
Logistic Regression,0.9901225740032242
Logistic Regression,0.9871036336167804
Logistic Regression,0.9851264499866985
Logistic Regression,0.980331854617327
Logistic Regression,0.9903379604731428
Logistic Regression,0.9929511967205329
Logistic Regression,0.9920417146320503
Logistic Regression,0.982508185335258
Logistic Regression,0.9852421421649155
Logistic Regression,0.9839338490593297
Logistic Regression,0.9858165547257095
Logistic Regression,0.9933093202927896
Logistic Regression,0.9934772292391929
Logistic Regression,0.9838269199344799
Logistic Regression,0.9866512226194748
Logistic Regression,0.9827001406876605
Logistic Regression,0.9874290518686013
Logistic Regression,0.9858597154717406
Logistic Regression,0.991104719394311
Logistic Regression,0.9859711258334697
Logistic Regression,0.9942752454551065
Logistic Regression,0.980790706022346
Logistic Regression,0.9947119824528422
Logistic Regression,0.9941374830656083
Logistic Regression,0.9876960990439726
Logistic Regression,0.9789782155044231
Logistic Regression,0.9869278905102138
Logistic Regression,0.9896159281655428
Logistic Regression,0.980145489089466
Logistic Regression,0.9923352201266843
Logistic Regression,0.9771914333673404
Logistic Regression,0.99022170423054
Logistic Regression,0.9848448376701857
Logistic Regression,0.9824904300841129
Logistic Regression,0.9933260993162246
Logistic Regression,0.975940057802394
Logistic Regression,0.9919202167999358
Logistic Regression,0.9797177826470903
Logistic Regression,0.9861534084393755
Logistic Regression,0.9780656760141527
Logistic Regression,0.9892035654850951
Logistic Regression,0.9857606558615405
Logistic Regression,0.9897796017660355
Logistic Regression,0.9880211823519955
Logistic Regression,0.9944957182460843
Logistic Regression,0.9917640746037956
Logistic Regression,0.9853774484011882
Logistic Regression,0.9862061601531125
Logistic Regression,0.9855703042155787
Logistic Regression,0.9937639443988495
Logistic Regression,0.9845239263963944
Logistic Regression,0.9937036056924734
Logistic Regression,0.9876381598213922
Logistic Regression,0.9902764653872261
Logistic Regression,0.9830556348164012
Logistic Regression,0.9907558849602848
Logistic Regression,0.9861970885946811
Logistic Regression,0.9847881493332394
Logistic Regression,0.9935269821186942
Logistic Regression,0.9932384651979828
Logistic Regression,0.9931629135943749
Logistic Regression,0.9934404357803724
Logistic Regression,0.991461870003823
Logistic Regression,0.9886407943079005
Logistic Regression,0.9836908138452332
Logistic Regression,0.9844255925102199
Logistic Regression,0.9865140840039006
Logistic Regression,0.9847821218446422
Logistic Regression,0.9923632707387307
Logistic Regression,0.9812799495526247
Logistic Regression,0.9884162419128636
Logistic Regression,0.9884233013883433
Logistic Regression,0.9891909206770593
Logistic Regression,0.9822051014143958
Logistic Regression,0.985419564857973
Logistic Regression,0.981140178279176
Logistic Regression,0.9839873390020921
Logistic Regression,0.9881956135431318
Logistic Regression,0.9806132725327096
Logistic Regression,0.9949349322839489
Logistic Regression,0.9846289272686177
Logistic Regression,0.9863163398392563
Logistic Regression,0.9880547319508296
Logistic Regression,0.9931216876055877
Logistic Regression,0.9814780549440347
Logistic Regression,0.9826610615868594
Logistic Regression,0.9846259640438592
Logistic Regression,0.981334121540245
Logistic Regression,0.9912684844733982
Logistic Regression,0.9851947105002956
Logistic Regression,0.9929391818250775
Logistic Regression,0.9835320867022712
Logistic Regression,0.9934273536325443
Logistic Regression,0.9771520686058485
Logistic Regression,0.9926886077347228
Logistic Regression,0.9951538928867623
Logistic Regression,0.9844767072235578
Logistic Regression,0.9789765234839815
Logistic Regression,0.9926379175614527
Logistic Regression,0.9877737437391204
Logistic Regression,0.980688152371662
Logistic Regression,0.9932206929170884
Logistic Regression,0.9874248335909411
Logistic Regression,0.9836591199580716
Logistic Regression,0.9894862078198691
Logistic Regression,0.9886935440504085
Logistic Regression,0.9906043902991027
Logistic Regression,0.9956442205852842
Logistic Regression,0.9878924813954315
Logistic Regression,0.9884557230480141
Logistic Regression,0.9852234177797609
Logistic Regression,0.9842132659906067
Logistic Regression,0.9842936542855336
Logistic Regression,0.9881217886103354
Logistic Regression,0.9868712268840977
Logistic Regression,0.9919597560939444
Logistic Regression,0.9884224514649074
Logistic Regression,0.9777511012946863
Logistic Regression,0.9787271446320623
Logistic Regression,0.9897064838666311
Logistic Regression,0.9881227724928335
Logistic Regression,0.991091033305686
Logistic Regression,0.9841624506615153
Logistic Regression,0.9887096127306421
Logistic Regression,0.9856172294223222
Logistic Regression,0.9828890693476888
Logistic Regression,0.9925912919654074
Logistic Regression,0.982697172934101
Logistic Regression,0.9950744995447889
Logistic Regression,0.9893661201696413
Logistic Regression,0.9888858547183073
Logistic Regression,0.9834594839418357
Logistic Regression,0.9927200596007381
Logistic Regression,0.9940892899174938
Logistic Regression,0.9881099890663697
Logistic Regression,0.9902412716216804
Logistic Regression,0.9806597479074884
Logistic Regression,0.9880825180836691
Logistic Regression,0.9922170225699132
Logistic Regression,0.9817918137277526
Logistic Regression,0.9777308187193573
Logistic Regression,0.9852120856742038
Logistic Regression,0.9924080483657101
Logistic Regression,0.9802970229710477
Logistic Regression,0.9860086715218204
Logistic Regression,0.9814108427689741
Logistic Regression,0.9864692298728253
Logistic Regression,0.9853444374256977
Logistic Regression,0.9879552550749832
Logistic Regression,0.9765008994153308
Logistic Regression,0.9939553808505749
Logistic Regression,0.9928863604461757
Logistic Regression,0.992110377302222
Logistic Regression,0.9827527499619314
Logistic Regression,0.9846713832163685
Logistic Regression,0.9817422694723387
Logistic Regression,0.9940310115179103
Logistic Regression,0.9901911167558446
Logistic Regression,0.9937114242816101
Logistic Regression,0.9919327242136591
Logistic Regression,0.9784724562921928
Logistic Regression,0.9798448992344536
Logistic Regression,0.9896303077548514
Logistic Regression,0.9881897646170386
Logistic Regression,0.9929056458214709
Logistic Regression,0.9825921955746101
Logistic Regression,0.9931536571257845
Logistic Regression,0.9893094187694944
Logistic Regression,0.9940617032348306
Logistic Regression,0.9924160559337964
Logistic Regression,0.9927417736031996
Logistic Regression,0.9872935554488705
Logistic Regression,0.993136158787804
Logistic Regression,0.9927093806778862
Logistic Regression,0.9938946075514673
Logistic Regression,0.9914877848424133
Logistic Regression,0.9872044495856463
Logistic Regression,0.9931965613194544
Logistic Regression,0.9901179546320179
Logistic Regression,0.988168844267842
Logistic Regression,0.9934822544541592
Logistic Regression,0.9884253065826464
Logistic Regression,0.9906919116544788
Logistic Regression,0.9891321373108429
Logistic Regression,0.9834964254951384
Logistic Regression,0.99337670548124
Logistic Regression,0.9867554526844006
Logistic Regression,0.9917438571754749
Logistic Regression,0.9867901305209595
Logistic Regression,0.9923655717211648
Logistic Regression,0.9922316761445488
Logistic Regression,0.9938262625980762
Logistic Regression,0.9880475877015847
Logistic Regression,0.9925714599905265
Logistic Regression,0.9806672885442332
Logistic Regression,0.9925677445405272
Logistic Regression,0.9770130976987946
Logistic Regression,0.9760752549107724
Logistic Regression,0.9926606937054754
Logistic Regression,0.9925836478703218
Logistic Regression,0.9941759809885368
Logistic Regression,0.9875692067317607
Logistic Regression,0.9906238440443906
Logistic Regression,0.9935718597360018
Logistic Regression,0.992229895886124
Logistic Regression,0.989319868657376
Logistic Regression,0.9905370241534298
Logistic Regression,0.9945155619433895
Logistic Regression,0.9857648673557221
Logistic Regression,0.986252784056685
Logistic Regression,0.9861751718543807
Logistic Regression,0.9852603050223012
Logistic Regression,0.9846049366731253
Logistic Regression,0.9935676566248488
Logistic Regression,0.983062986728167
Logistic Regression,0.9913669444155537
Logistic Regression,0.9872503916773465
Logistic Regression,0.9818663416116605
Logistic Regression,0.9860509441100669
Logistic Regression,0.9818514953655348
Logistic Regression,0.989271127794585
Logistic Regression,0.9925412740224977
Logistic Regression,0.9931837649013762
Logistic Regression,0.9854102455969469
Logistic Regression,0.9852555900209786
Logistic Regression,0.9808159423573108
Logistic Regression,0.9832982296267736
Logistic Regression,0.9892785112912242
Logistic Regression,0.9929166720553977
Logistic Regression,0.9884240679138361
Logistic Regression,0.983702486636715
Logistic Regression,0.9884086517088845
Logistic Regression,0.990103006515422
Logistic Regression,0.9888894892610601
Logistic Regression,0.9895731221206873
Logistic Regression,0.993975468833143
Logistic Regression,0.988692269406204
Logistic Regression,0.9735932310937625
Logistic Regression,0.9878669021695894
Logistic Regression,0.9941254827986488
Logistic Regression,0.9864705528157477
Logistic Regression,0.9943283416619868
Logistic Regression,0.9921492100851482
Logistic Regression,0.9912341988289342
Logistic Regression,0.9897270703796588
Logistic Regression,0.9801239786257583
Logistic Regression,0.9936230871018958
Logistic Regression,0.9905179984760595
Logistic Regression,0.9770223183947476
Logistic Regression,0.9915463787641516
Logistic Regression,0.9871936246151424
Logistic Regression,0.9879814978163506
Logistic Regression,0.9941447033708922
Logistic Regression,0.979311004176734
Logistic Regression,0.9914987915625055
Logistic Regression,0.993704006484747
Logistic Regression,0.9920730987607526
Logistic Regression,0.9851584771502789
Logistic Regression,0.9892048483318728
Logistic Regression,0.9894394348796389
Logistic Regression,0.9910719815712801
Logistic Regression,0.9754832644773782
Logistic Regression,0.9920413984063715
Logistic Regression,0.9911184543943341
Logistic Regression,0.9848038222204081
Logistic Regression,0.993690022202704
Logistic Regression,0.9921814025466642
Logistic Regression,0.9873999597902128
Logistic Regression,0.9918703918030399
Logistic Regression,0.9930558764567516
Logistic Regression,0.9815581179849842
Logistic Regression,0.9877636496324453
Logistic Regression,0.9849332135180503
Logistic Regression,0.9875566554281947
Logistic Regression,0.986117589894475
Logistic Regression,0.9829170852298621
Logistic Regression,0.9843383555812695
Logistic Regression,0.9846093891299854
Logistic Regression,0.9813403470895221
Logistic Regression,0.984738767617366
Logistic Regression,0.9826760069520677
Logistic Regression,0.9913785711658544
Logistic Regression,0.9873071310289895
Logistic Regression,0.9900848415024932
Logistic Regression,0.9936455694084798
Logistic Regression,0.9928300642694025
Logistic Regression,0.9833691641878698
Logistic Regression,0.9870806146727744
Logistic Regression,0.9936750248318329
Logistic Regression,0.993386061994333
Logistic Regression,0.9695644581414081
Logistic Regression,0.9932933077499954
Logistic Regression,0.9922452605209341
Logistic Regression,0.9880335978658388
Logistic Regression,0.993521088605387
Logistic Regression,0.9929005009239786
Logistic Regression,0.9916399745875928
Logistic Regression,0.982782315817878
Logistic Regression,0.986795044318402
Logistic Regression,0.984349512061365
Logistic Regression,0.9942456023033517
Logistic Regression,0.9916475195139521
Logistic Regression,0.9884411887259649
Logistic Regression,0.9915214003837806
Logistic Regression,0.9920709511508657
Logistic Regression,0.989827098425004
Logistic Regression,0.9924918329421815
Logistic Regression,0.9891044371118872
Logistic Regression,0.9876586030844723
Logistic Regression,0.9854413001720643
Logistic Regression,0.9844178543228808
Logistic Regression,0.9903492037423254
Logistic Regression,0.992521124568657
Logistic Regression,0.9946442510809471
Logistic Regression,0.9934374659584785
Logistic Regression,0.9852651265320983
Logistic Regression,0.9863576941218974
Logistic Regression,0.9940318481621855
Logistic Regression,0.9936660743530153
Logistic Regression,0.989065522608407
Logistic Regression,0.9944930659090637
Logistic Regression,0.9868086501962404
Logistic Regression,0.994640362924422
Logistic Regression,0.986418808713164
Logistic Regression,0.9848110208431936
Logistic Regression,0.9926244765760872
Logistic Regression,0.9895599010711879
Logistic Regression,0.9882443651452085
Logistic Regression,0.9944193173093784
Logistic Regression,0.9886754281181838
Logistic Regression,0.9922664374252681
Logistic Regression,0.9888148546328371
Logistic Regression,0.9886986992051522
Logistic Regression,0.9843147392523336
Logistic Regression,0.9919749451367093
Logistic Regression,0.9934749779889911
Logistic Regression,0.9920306957372782
Logistic Regression,0.9932125038231856
Logistic Regression,0.9944849210327159
Logistic Regression,0.9864790057089767
Logistic Regression,0.9849309302593056
Logistic Regression,0.9868395517731663
Logistic Regression,0.986464972010696
Logistic Regression,0.9888187813721947
Logistic Regression,0.9890686551864081
Logistic Regression,0.9827348944345441
Logistic Regression,0.9929306507354483
Logistic Regression,0.9879678434416725
Logistic Regression,0.9905230220091515
Logistic Regression,0.9931245258395477
Logistic Regression,0.9813368619776381
Logistic Regression,0.9842107530049724
Logistic Regression,0.9908014998189473
Logistic Regression,0.9944224752302392
Logistic Regression,0.9930177934788392
Logistic Regression,0.9892406512205663
Logistic Regression,0.9874112217316724
Logistic Regression,0.9819200254499837
Logistic Regression,0.992512172752005
Logistic Regression,0.9943767466429392
Logistic Regression,0.9922419141444826
Logistic Regression,0.98375753854109
Logistic Regression,0.9725495110333217
Logistic Regression,0.9934010170160592
Logistic Regression,0.9880550584228409
Logistic Regression,0.9828652991463025
Logistic Regression,0.9832906695060214
Logistic Regression,0.9930460229337693
Logistic Regression,0.987696518337659
Logistic Regression,0.9873264259129442
Logistic Regression,0.9806799492783992
Logistic Regression,0.9883841156152298
Logistic Regression,0.9787736867396114
Logistic Regression,0.9882294954388564
Logistic Regression,0.9927753938819264
Logistic Regression,0.9905199594188943
Logistic Regression,0.9901960581620857
Logistic Regression,0.9882197066208539
Logistic Regression,0.989524783353789
Logistic Regression,0.9883036572985406
Logistic Regression,0.9893319003567321
Logistic Regression,0.981048085013206
Logistic Regression,0.9921368642633563
Logistic Regression,0.9945129644173304
Logistic Regression,0.9958441567650739
Logistic Regression,0.9813971506713781
Logistic Regression,0.9907504789189306
Logistic Regression,0.9943960374740403
Logistic Regression,0.9933299594619688
Logistic Regression,0.9857661803078474
Logistic Regression,0.9804739226532322
Logistic Regression,0.9866284407963715
Logistic Regression,0.9843954559620518
Logistic Regression,0.9830203875500517
Logistic Regression,0.9921850099428904
Logistic Regression,0.9928268192858768
Logistic Regression,0.9906485061469851
Logistic Regression,0.9827158922241723
Logistic Regression,0.9937022936858708
Logistic Regression,0.9884019319087308
Logistic Regression,0.9785787783852133
Logistic Regression,0.9862862847992881
Logistic Regression,0.9909657000165859
Logistic Regression,0.985888499794723
Logistic Regression,0.988566118175803
Logistic Regression,0.9828564601440868
Logistic Regression,0.9846990701420631
Logistic Regression,0.9840243126234178
Logistic Regression,0.986727621438221
Logistic Regression,0.9824203730490081
Logistic Regression,0.9852119694045065
Logistic Regression,0.984303535484009
Logistic Regression,0.9844031876970271
Logistic Regression,0.9932339725746656
Logistic Regression,0.9873174645286871
Logistic Regression,0.982928247831579
Logistic Regression,0.9836474288797296
Logistic Regression,0.9894612128901552
Logistic Regression,0.992073866992921
Logistic Regression,0.9858416440848429
Logistic Regression,0.9944650697600171
Logistic Regression,0.992397184612675
Logistic Regression,0.9780058430833428
Logistic Regression,0.9921006541257321
Logistic Regression,0.9886340833752372
Logistic Regression,0.981833702996769
Logistic Regression,0.9915973107674476
Logistic Regression,0.9921510440175632
Logistic Regression,0.9921948279742563
Logistic Regression,0.9927188183119631
Logistic Regression,0.9923869093444614
Logistic Regression,0.9826665056056905
Logistic Regression,0.993875929253025
Logistic Regression,0.9877426271889015
Logistic Regression,0.986083552287205
Logistic Regression,0.9908529064242397
Logistic Regression,0.9935604529881097
Logistic Regression,0.9849515876236391
Logistic Regression,0.9832037318350471
Logistic Regression,0.9867881233005235
Logistic Regression,0.9923992412393972
Logistic Regression,0.9924583656869843
Logistic Regression,0.984001022137071
Logistic Regression,0.9899107106967034
Logistic Regression,0.9946726843910771
Logistic Regression,0.9885679607727732
Logistic Regression,0.9922982338212142
Logistic Regression,0.9800824111684951
Logistic Regression,0.9840988376812643
Logistic Regression,0.9937149396275138
Logistic Regression,0.9924635979658515
Logistic Regression,0.979378287803191
Logistic Regression,0.9921600616038633
Logistic Regression,0.9812014894943368
Logistic Regression,0.9827706955350362
Logistic Regression,0.9944392768666188
Logistic Regression,0.9852426636407655
Logistic Regression,0.9928747322765301
Logistic Regression,0.9828869797785245
Logistic Regression,0.9935313198782051
Logistic Regression,0.9924087967023489
Logistic Regression,0.9938506993816777
Logistic Regression,0.9918184563533103
Logistic Regression,0.9859737273358581
Logistic Regression,0.993932610587384
Logistic Regression,0.994474071936355
Logistic Regression,0.987001342665797
Logistic Regression,0.9875086314553299
Logistic Regression,0.9670755818149278
Logistic Regression,0.9937327294328034
Logistic Regression,0.9892189627202594
Logistic Regression,0.978362231042827
Logistic Regression,0.9876955861767805
Logistic Regression,0.9924392980768973
Logistic Regression,0.9934705716466646
Logistic Regression,0.9938135774410775
Logistic Regression,0.9939235313499258
Logistic Regression,0.9860139078082675
Logistic Regression,0.9907870043178838
Logistic Regression,0.9938793369266269
Logistic Regression,0.9848998485055326
Logistic Regression,0.9884056705055672
Logistic Regression,0.9957269251250805
Logistic Regression,0.9854874667414556
Logistic Regression,0.9838381562728516
Logistic Regression,0.9895608115448986
Logistic Regression,0.986866375432757
Logistic Regression,0.9940900121890001
Logistic Regression,0.9866361353126283
Logistic Regression,0.983560835818935
Logistic Regression,0.980833683318728
Logistic Regression,0.9903228532212145
Logistic Regression,0.9829213829214913
Logistic Regression,0.9939441816539386
Logistic Regression,0.9914018085200238
Logistic Regression,0.9878383289366499
Logistic Regression,0.9913491413582012
Logistic Regression,0.9893109423107802
Logistic Regression,0.9822315890041661
Logistic Regression,0.9915489744852689
Logistic Regression,0.9871946669938703
Logistic Regression,0.9866844250991146
Logistic Regression,0.9911649326810663
Logistic Regression,0.9859967670638619
Logistic Regression,0.9861084390521413
Logistic Regression,0.9865024514063448
Logistic Regression,0.9909180776677671
Logistic Regression,0.9922121416063815
Logistic Regression,0.9876699651921839
Logistic Regression,0.9951493303412379
Logistic Regression,0.9919582312823907
Logistic Regression,0.983453159235796
Logistic Regression,0.9863585449715052
Logistic Regression,0.981873808429491
Logistic Regression,0.9841038027123946
Logistic Regression,0.9890745035602652
Logistic Regression,0.9812019844891083
Logistic Regression,0.9849630982625728
Logistic Regression,0.987292605245461
Logistic Regression,0.9926747534693628
Logistic Regression,0.9858989807862877
Logistic Regression,0.9868404823281476
Logistic Regression,0.9880364612024233
Logistic Regression,0.989958746199185
Logistic Regression,0.9861274454580838
Logistic Regression,0.9867754396366675
Logistic Regression,0.9815674631811567
Logistic Regression,0.9913390842693849
Logistic Regression,0.9937696319035305
Logistic Regression,0.9936541446978744
Logistic Regression,0.9937412321632096
Logistic Regression,0.9808530959889302
Logistic Regression,0.9927481326963005
Logistic Regression,0.9849312815821526
Logistic Regression,0.995196547672715
Logistic Regression,0.9917746445218356
Logistic Regression,0.9930408868748201
Logistic Regression,0.9919613876153426
Logistic Regression,0.9928110241929137
Logistic Regression,0.9941838652778447
Logistic Regression,0.9937823927838312
Logistic Regression,0.987093601060219
Logistic Regression,0.9942293087122407
Logistic Regression,0.9925286227522955
Logistic Regression,0.9906145522747689
Logistic Regression,0.9945161078517215
Logistic Regression,0.9921494576175068
Logistic Regression,0.9868941342855181
Logistic Regression,0.9929820662252838
Logistic Regression,0.9903175705081227
Logistic Regression,0.9874849169317821
Logistic Regression,0.9804543577430813
Logistic Regression,0.9901327837710625
Logistic Regression,0.9870276284784116
Logistic Regression,0.987126372786423
Logistic Regression,0.9853496070066299
Logistic Regression,0.991257253443031
Logistic Regression,0.9942618476935856
Logistic Regression,0.9926974191487158
Logistic Regression,0.9822327317944055
Logistic Regression,0.9931042132580784
Logistic Regression,0.9833736221020409
Logistic Regression,0.9911284506497707
Logistic Regression,0.983897860741546
Logistic Regression,0.9877325405313562
Logistic Regression,0.9861263009493092
Logistic Regression,0.9923917358915965
Logistic Regression,0.9846229433967112
Logistic Regression,0.990687649974654
Logistic Regression,0.9880821725688831
Logistic Regression,0.987294736881762
Logistic Regression,0.9870202819027324
Logistic Regression,0.9929487628190761
Logistic Regression,0.9839992242795972
Logistic Regression,0.9801333633935638
Logistic Regression,0.9924852428133806
Logistic Regression,0.9875731431925399
Logistic Regression,0.9911994316265931
Logistic Regression,0.9940525965963004
Logistic Regression,0.9941628846323838
Logistic Regression,0.9946644766899995
Logistic Regression,0.9924611070310985
Logistic Regression,0.9935499680964314
Logistic Regression,0.9897224578634021
Logistic Regression,0.983083141086785
Logistic Regression,0.9884370259957297
Logistic Regression,0.9922784773450505
Logistic Regression,0.9904245650007909
Logistic Regression,0.9872980427386692
Logistic Regression,0.9922546141487075
Logistic Regression,0.9940462427770929
Logistic Regression,0.9910153346860016
Logistic Regression,0.9828275661325989
Logistic Regression,0.9795762021301159
Logistic Regression,0.9922821272771003
Logistic Regression,0.984535287875111
Logistic Regression,0.9938742530108042
Logistic Regression,0.9918859791765514
Logistic Regression,0.9933923896370287
Logistic Regression,0.9929642179401722
Logistic Regression,0.977354755124698
Logistic Regression,0.9928872695254908
Logistic Regression,0.9861064292961362
Logistic Regression,0.9940119838934606
Logistic Regression,0.9897322380230247
Logistic Regression,0.9915971889621285
Logistic Regression,0.9882963239094262
Logistic Regression,0.9916602295915962
Logistic Regression,0.9929871965969206
Logistic Regression,0.9939574195097941
Logistic Regression,0.9812093391137523
Logistic Regression,0.970738701638875
Logistic Regression,0.9877585557257686
Logistic Regression,0.9833871776221399
Logistic Regression,0.9841852604859819
Logistic Regression,0.9817483296780736
Logistic Regression,0.9870811345365
Logistic Regression,0.9859497096395341
Logistic Regression,0.9933723054057552
Logistic Regression,0.9901264891374567
Logistic Regression,0.9883706218138437
Logistic Regression,0.9926514981878195
Logistic Regression,0.9887807257198091
Logistic Regression,0.9932170557073188
Logistic Regression,0.9858273344658468
Logistic Regression,0.9897756324452631
Logistic Regression,0.9911951559633284
Logistic Regression,0.9811031816218934
Logistic Regression,0.985586509915008
Logistic Regression,0.9919441776522407
Logistic Regression,0.991266709552217
Logistic Regression,0.9854614886201088
Logistic Regression,0.9890937975890022
Logistic Regression,0.9917913973248762
Logistic Regression,0.9929711549844826
Logistic Regression,0.9893636205979635
Logistic Regression,0.9841035560387773
Logistic Regression,0.9931946560579641
Logistic Regression,0.9798714414372851
Logistic Regression,0.9832871247758339
Logistic Regression,0.9869276828928952
Logistic Regression,0.9862385314304927
Logistic Regression,0.9930935448960239
Logistic Regression,0.9859145659443582
Logistic Regression,0.9926203480228493
Logistic Regression,0.9866405843393784
Logistic Regression,0.9750600695102069
Logistic Regression,0.9943408907042431
Logistic Regression,0.9740285476461059
Logistic Regression,0.980104725110765
Logistic Regression,0.9829260581332296
Logistic Regression,0.9854554533228992
Logistic Regression,0.9927142135130083
Logistic Regression,0.9822252380072365
Logistic Regression,0.9898843946638344
Logistic Regression,0.9907175845252192
Logistic Regression,0.9926067288237402
Logistic Regression,0.9881365280136772
Logistic Regression,0.9838404393861476
Logistic Regression,0.9935112953813353
Logistic Regression,0.9940891325773046
Logistic Regression,0.9927691196194217
Logistic Regression,0.9829211584581773
Logistic Regression,0.9889425342348604
Logistic Regression,0.994148274444178
Logistic Regression,0.9799106377845842
Logistic Regression,0.9932846859584704
Logistic Regression,0.983104708485374
Logistic Regression,0.9862287251350075
Logistic Regression,0.9850747239702479
Logistic Regression,0.9835951321704384
Logistic Regression,0.9838126737173322
Logistic Regression,0.9857163729948698
Logistic Regression,0.9947852125363255
Logistic Regression,0.9945888838900523
Logistic Regression,0.9941692720365879
Logistic Regression,0.9943033744145293
Logistic Regression,0.9890532429410458
Logistic Regression,0.9917717779386909
Logistic Regression,0.9921552684892806
Logistic Regression,0.9884241303053952
Logistic Regression,0.9809693367800539
Logistic Regression,0.9848344367164563
Logistic Regression,0.9926822171002022
Logistic Regression,0.9829189204501029
Logistic Regression,0.9867970966591847
Logistic Regression,0.987534121381428
Logistic Regression,0.99316956970257
Logistic Regression,0.9893107070951168
Logistic Regression,0.9896511787504843
Logistic Regression,0.9850526940282436
Logistic Regression,0.9925584326035042
Logistic Regression,0.9905949702160228
Logistic Regression,0.9921647042306756
Logistic Regression,0.9870781024218878
Logistic Regression,0.994646206607404
Logistic Regression,0.9891905123034002
Logistic Regression,0.9840563854786548
Logistic Regression,0.9845856646867851
Logistic Regression,0.9890552601729186
Logistic Regression,0.9947677230860714
Logistic Regression,0.9942397527166543
Logistic Regression,0.9774187409671952
Logistic Regression,0.9880021211814
Logistic Regression,0.9918262848143589
Logistic Regression,0.9910596679338136
Logistic Regression,0.9917540932238047
Logistic Regression,0.9891107681059234
Logistic Regression,0.9902829389118173
Logistic Regression,0.9841773677744708
Logistic Regression,0.9875243999053526
Logistic Regression,0.9842286167191003
Logistic Regression,0.9888202248787845
Logistic Regression,0.9888445432788736
Logistic Regression,0.9815934447837852
Logistic Regression,0.9864395762654744
Logistic Regression,0.9861283482825662
Logistic Regression,0.9814891670692766
Logistic Regression,0.9921184636714266
Logistic Regression,0.9933849159461734
Logistic Regression,0.9840436652349398
Logistic Regression,0.9939863470039698
Logistic Regression,0.9817376023078092
Logistic Regression,0.9932996693242221
Logistic Regression,0.9868723740187502
Logistic Regression,0.9912429885317564
Logistic Regression,0.9925358523171813
Logistic Regression,0.9837779095431682
Logistic Regression,0.9935746994892176
Logistic Regression,0.9846395057839507
Logistic Regression,0.9889724275943993
Logistic Regression,0.9836981421236753
Logistic Regression,0.9927167676984153
Logistic Regression,0.9838274625830673
Logistic Regression,0.9891841023014667
Logistic Regression,0.9929228001875121
Logistic Regression,0.9879290717451648
Logistic Regression,0.9931921874891264
Logistic Regression,0.9871654082079319
Logistic Regression,0.9866792420303092
Logistic Regression,0.9872503291678354
Logistic Regression,0.9901763714033747
Logistic Regression,0.9880725648819809
Logistic Regression,0.9888157296616508
Logistic Regression,0.9929265355963007
Logistic Regression,0.9908488798556829
Logistic Regression,0.9864369021081221
Logistic Regression,0.990846199078854
Logistic Regression,0.9930865331374812
Logistic Regression,0.9924204263274596
Logistic Regression,0.9841042754408866
Logistic Regression,0.9833332234545357
Logistic Regression,0.9934767913371794
Logistic Regression,0.9819026911910773
Logistic Regression,0.9801331955952287
Logistic Regression,0.9802644483999072
Logistic Regression,0.9895641831741855
Logistic Regression,0.9821715671117424
Logistic Regression,0.9860107562230449
Logistic Regression,0.9930180304460791
Logistic Regression,0.9915009630718551
Logistic Regression,0.9865425895503298
Logistic Regression,0.9947376896431922
Logistic Regression,0.9801646038115203
Logistic Regression,0.9854618333535498
Logistic Regression,0.9844371238386472
Logistic Regression,0.9916560592068977
Logistic Regression,0.9922793443748192
Logistic Regression,0.9841940101459543
Logistic Regression,0.9840856399226077
Logistic Regression,0.986800416321355
Logistic Regression,0.9842996165551688
Logistic Regression,0.9938547369438028
Logistic Regression,0.9854315237377429
Logistic Regression,0.9944389336380293
Logistic Regression,0.9823646080115358
Logistic Regression,0.988749028183348
Logistic Regression,0.9924215966687516
Logistic Regression,0.9917465457833722
Logistic Regression,0.992088514255504
Logistic Regression,0.9864428215788551
Logistic Regression,0.9930990697827221
Logistic Regression,0.9867968349716392
Logistic Regression,0.9870611086334887
Logistic Regression,0.9841542613968739
Logistic Regression,0.9842230387079115
Logistic Regression,0.9829730673068234
Logistic Regression,0.9920834184118151
Logistic Regression,0.9929660613231623
Logistic Regression,0.9794207952618497
Logistic Regression,0.9860231707437892
Logistic Regression,0.9917538233204676
Logistic Regression,0.9831006475686876
Logistic Regression,0.9906916961052924
Logistic Regression,0.9797056482384977
Logistic Regression,0.9868996539810706
Logistic Regression,0.9894051552393974
Logistic Regression,0.9938310296770172
Logistic Regression,0.9846490323406628
Logistic Regression,0.9804602624406029
Logistic Regression,0.9868131792464067
Logistic Regression,0.985929949786298
Logistic Regression,0.9958978567508325
Logistic Regression,0.9884327597287068
Logistic Regression,0.9936337864510495
Logistic Regression,0.9900679869968537
Logistic Regression,0.9950965516819551
Logistic Regression,0.9911718437549184
Logistic Regression,0.991816145955494
Logistic Regression,0.9930261078031951
Logistic Regression,0.9849252282435117
Logistic Regression,0.9891025326054114
Logistic Regression,0.9937607642417676
Logistic Regression,0.9915568527852912
Logistic Regression,0.9872458548468335
Logistic Regression,0.9796576013144026
Logistic Regression,0.9811983563591059
Logistic Regression,0.9835480835247415
Logistic Regression,0.9866411752940607
Logistic Regression,0.9836727967966121
Logistic Regression,0.9746844283230278
Logistic Regression,0.9907976370938272
Logistic Regression,0.9790799769977444
Logistic Regression,0.9860257838987652
Logistic Regression,0.9909196793824477
Logistic Regression,0.992232693148954
Logistic Regression,0.9876602719430229
Logistic Regression,0.9907383577637333
Logistic Regression,0.9888361285894295
Logistic Regression,0.9848007901707878
Logistic Regression,0.9939101380424491
Logistic Regression,0.9824865814047382
Logistic Regression,0.986732483580824
Logistic Regression,0.9934175289315195
Logistic Regression,0.9930789766839874
Logistic Regression,0.9945850692026715
Logistic Regression,0.992495731949972
Logistic Regression,0.9899319828038273
Logistic Regression,0.9819096618474555
Logistic Regression,0.9850388114001548
Logistic Regression,0.990951323021068
Logistic Regression,0.9933080402571921
Logistic Regression,0.9800763723930803
Logistic Regression,0.9942910983094795
Logistic Regression,0.9862941314727545
Logistic Regression,0.9890587375361217
Logistic Regression,0.9927314223189617
Logistic Regression,0.9858521783674524
Logistic Regression,0.9844857361890189
Logistic Regression,0.9915717221842114
Logistic Regression,0.9929342126358515
Logistic Regression,0.9863522666752021
Logistic Regression,0.9870259089240446
Logistic Regression,0.9906970677451143
Logistic Regression,0.9881298063747739
Logistic Regression,0.9894956176479304
Logistic Regression,0.9936074882622856
Logistic Regression,0.9792190057851834
Logistic Regression,0.9811255705972802
Logistic Regression,0.9850041196224734
Logistic Regression,0.9865286167714915
Logistic Regression,0.9898002848692746
Logistic Regression,0.9851397506666445
Logistic Regression,0.9821884193456979
Logistic Regression,0.9867542035952052
Logistic Regression,0.9863798318019918
Logistic Regression,0.9935124026997835
Logistic Regression,0.9862205329674079
Logistic Regression,0.9866656583978795
Logistic Regression,0.994683229303855
Logistic Regression,0.9863238534306539
Logistic Regression,0.9947010673083709
Logistic Regression,0.9920572774215909
Logistic Regression,0.9787860182043034
Logistic Regression,0.9847387134367128
Logistic Regression,0.9928154949151188
Logistic Regression,0.9852701214822676
Logistic Regression,0.9873375568975964
Logistic Regression,0.9921748370369027
Logistic Regression,0.9817715911636845
Logistic Regression,0.9902387566081532
Logistic Regression,0.9934805068275077
Logistic Regression,0.9850684372777798
Logistic Regression,0.9900273507189221
Logistic Regression,0.9868454349207418
Logistic Regression,0.9873136798367543
Logistic Regression,0.9880068922834226
Logistic Regression,0.9862564419111641
Logistic Regression,0.9941876182871708
Logistic Regression,0.9917463290527817
Logistic Regression,0.9930808256226077
Logistic Regression,0.9824780367788937
Logistic Regression,0.9854784236125463
Logistic Regression,0.9853878819111296
Logistic Regression,0.9904683463552958
Logistic Regression,0.9917565717687
Logistic Regression,0.9895970876713523
Logistic Regression,0.9926206464483952
Logistic Regression,0.9937830977998454
Logistic Regression,0.9845113791558261
Logistic Regression,0.9764166227197719
Logistic Regression,0.9821423442988657
Logistic Regression,0.9791508287245304
Logistic Regression,0.9927632587268724
Logistic Regression,0.9882849982520949
Logistic Regression,0.9857577198916414
Logistic Regression,0.9886557503836809
Logistic Regression,0.9821811763693884
Logistic Regression,0.9797498700562343
Logistic Regression,0.9921756708354795
Logistic Regression,0.9860464763232797
Logistic Regression,0.9911655921930231
Logistic Regression,0.9840715364246703
Logistic Regression,0.989996107142805
Logistic Regression,0.9819338862596617
Logistic Regression,0.9832654626506762
Logistic Regression,0.9946162854449178
Logistic Regression,0.9915543897685936
Logistic Regression,0.9943835445317103
Logistic Regression,0.9803936692403223
Logistic Regression,0.9833624061405292
Logistic Regression,0.984636311217033
Logistic Regression,0.9881845690455353
Logistic Regression,0.9905632335619209
Logistic Regression,0.9889311864232515
Logistic Regression,0.986360488882843
Logistic Regression,0.9851523348816154
Logistic Regression,0.9936036232578194
Logistic Regression,0.9904700699943256
Logistic Regression,0.9908042640836638
Logistic Regression,0.9846934412055094
Logistic Regression,0.9799905540848125
Logistic Regression,0.984737577638743
Logistic Regression,0.9765716164809698
Logistic Regression,0.993441947292607
Logistic Regression,0.991673750741803
Logistic Regression,0.9942370956783979
Logistic Regression,0.9845663146986884
Logistic Regression,0.9892550114852442
Logistic Regression,0.993354124636013
Logistic Regression,0.9908111347018288
Logistic Regression,0.9935294735089089
Logistic Regression,0.9846920698324911
Logistic Regression,0.9899044642907384
Logistic Regression,0.9940262782727131
Logistic Regression,0.9919174440756234
Logistic Regression,0.9934848177221282
Logistic Regression,0.9921969605163635
Logistic Regression,0.9935433823039853
Logistic Regression,0.9931501132087399
Logistic Regression,0.9878905321029097
Logistic Regression,0.9864090363305107
Logistic Regression,0.9800698032310993
Logistic Regression,0.9940669489622468
Logistic Regression,0.9900986733018279
Logistic Regression,0.9931418359633901
Logistic Regression,0.9826187017585561
Logistic Regression,0.9704673402947889
Logistic Regression,0.9935080363712282
Logistic Regression,0.98388104002407
Logistic Regression,0.9888270493315457
Logistic Regression,0.9932578860888406
Logistic Regression,0.9783215914242918
Logistic Regression,0.975137988791111
Logistic Regression,0.9945534711745551
Logistic Regression,0.984106986787626
Logistic Regression,0.9828629144494455
Logistic Regression,0.9942612450808974
Logistic Regression,0.9832287350462803
Logistic Regression,0.9938478729486154
Logistic Regression,0.9794607769830196
Logistic Regression,0.983787471563465
Logistic Regression,0.9929011136502662
Logistic Regression,0.9919543118157198
Logistic Regression,0.9797377865537018
Logistic Regression,0.9858404388733601
Logistic Regression,0.990768543479767
Logistic Regression,0.992172478610715
Logistic Regression,0.9850260312711492
Logistic Regression,0.9898036790483876
Logistic Regression,0.9907034800563723
Logistic Regression,0.9859242728476604
Logistic Regression,0.9861892380577204
Logistic Regression,0.9784650083167129
Logistic Regression,0.9931339508403566
Logistic Regression,0.9878487971620291
Logistic Regression,0.9924681662166238
Logistic Regression,0.9916842679469526
Logistic Regression,0.9881112791387094
Logistic Regression,0.994073411908282
Logistic Regression,0.9922722967619546
Logistic Regression,0.9924465634966214
Logistic Regression,0.9920304149333535
Logistic Regression,0.9924019621256288
Logistic Regression,0.9808200604468865
Logistic Regression,0.9913920957240914
Logistic Regression,0.987142314206445
Logistic Regression,0.9912088896646659
Logistic Regression,0.9919478630340621
Logistic Regression,0.9915428768469287
Logistic Regression,0.9880832547676999
Logistic Regression,0.9851451247436677
Logistic Regression,0.986480212474036
Logistic Regression,0.9797969878453111
Logistic Regression,0.9932605977544388
Logistic Regression,0.984260361262138
Logistic Regression,0.987071621858483
Logistic Regression,0.9928036606188352
Logistic Regression,0.9818403649884173
Logistic Regression,0.9922024960698917
Logistic Regression,0.989494992911834
Logistic Regression,0.9927753520533285
Logistic Regression,0.9900464612565265
Logistic Regression,0.9847564111614919
Logistic Regression,0.9919964146410509
Logistic Regression,0.9914900117261397
Logistic Regression,0.9878174875662263
Logistic Regression,0.9908145675650554
Logistic Regression,0.9860151917207404
Logistic Regression,0.9944306703151734
Logistic Regression,0.9935806680105125
Logistic Regression,0.9867352498999807
Logistic Regression,0.9864402611237477
Logistic Regression,0.9774618944451484
Logistic Regression,0.9920119343872686
Logistic Regression,0.9932012512155247
Logistic Regression,0.9870594685723713
Logistic Regression,0.9906483538725923
Logistic Regression,0.985866283820215
Logistic Regression,0.979611372096632
Logistic Regression,0.9840644433914714
Logistic Regression,0.9817786028519091
Logistic Regression,0.9929329769111735
Logistic Regression,0.9928457026075305
Logistic Regression,0.9943243446139733
Logistic Regression,0.9931395872297165
Logistic Regression,0.9797704678497525
Logistic Regression,0.9853585084239742
Logistic Regression,0.9853096810071065
Logistic Regression,0.9806848058716585
Logistic Regression,0.9921507055914437
Logistic Regression,0.9801431361712349
Logistic Regression,0.9871524809078718
Logistic Regression,0.9915980392227158
Logistic Regression,0.993101906712849
Logistic Regression,0.9834240841439369
Logistic Regression,0.9869753542754637
Logistic Regression,0.991299600964686
Logistic Regression,0.976452842363973
Logistic Regression,0.9800485324913802
Logistic Regression,0.9786028628744837
Logistic Regression,0.9933024629173195
Logistic Regression,0.9898607963216021
Logistic Regression,0.9933104773420138
Logistic Regression,0.9822243738005253
Logistic Regression,0.9870367498262032
Logistic Regression,0.9876884840688552
Logistic Regression,0.984521291075163
Logistic Regression,0.986643099634831
Logistic Regression,0.989466344248793
Logistic Regression,0.9916429945060469
Logistic Regression,0.994718287403654
Logistic Regression,0.9816033441649544
Logistic Regression,0.991806654129834
Logistic Regression,0.9862275584746362
Logistic Regression,0.9881611531986656
Logistic Regression,0.9922794708069194
Logistic Regression,0.9842246940925143
Logistic Regression,0.9864724519699124
Logistic Regression,0.9935398335234209
Logistic Regression,0.9892058530691188
Logistic Regression,0.9953873797988416
Logistic Regression,0.9859807295126992
Logistic Regression,0.985188063170602
Logistic Regression,0.9929407456611253
Logistic Regression,0.9865532236037444
Logistic Regression,0.9839022928794763
Logistic Regression,0.9919656009623161
Logistic Regression,0.9869741576168451
Logistic Regression,0.9944654552110463
Logistic Regression,0.9833257747397841
Logistic Regression,0.9844101528702345
Logistic Regression,0.9846197524997499
Logistic Regression,0.9855537658686826
Logistic Regression,0.9874575220383722
Logistic Regression,0.9849382099769757
Logistic Regression,0.9851930452600736
Logistic Regression,0.9865682878939744
Logistic Regression,0.9918128774420005
Logistic Regression,0.9888059483236991
Logistic Regression,0.9947992113622419
Logistic Regression,0.9934648565552827
Logistic Regression,0.985279260115554
Logistic Regression,0.9907261690001284
Logistic Regression,0.9906448604762323
Logistic Regression,0.9925854001085938
Logistic Regression,0.9886857356234771
Logistic Regression,0.9930411856091463
Logistic Regression,0.9774963918885884
Logistic Regression,0.9817084018046541
Logistic Regression,0.9929367652226757
Logistic Regression,0.9899570447146595
Logistic Regression,0.9860991766709191
Logistic Regression,0.9801167342292411
Logistic Regression,0.9885300955443213
Logistic Regression,0.9857862844773715
Logistic Regression,0.9823788981225422
Logistic Regression,0.9828387013065932
Logistic Regression,0.9835887140679581
Logistic Regression,0.9820216378894049
Logistic Regression,0.9928596627489229
Logistic Regression,0.9939954934947811
Logistic Regression,0.990933754244745
Logistic Regression,0.9855289864384004
Logistic Regression,0.9933900187917949
Logistic Regression,0.9871088550685004
Logistic Regression,0.9830584923964534
Logistic Regression,0.9806179154638478
Logistic Regression,0.9880924277732782
Logistic Regression,0.9793405597721969
Logistic Regression,0.9854179684497867
Logistic Regression,0.98899147975044
Logistic Regression,0.9922355271740156
Logistic Regression,0.9903546501870125
Logistic Regression,0.9829344703294118
Logistic Regression,0.9762323700192115
Logistic Regression,0.9877106108803327
Logistic Regression,0.9913599249469583
Logistic Regression,0.9856168746384958
Logistic Regression,0.9878287630732667
Logistic Regression,0.9926629057717584
Logistic Regression,0.9929353278875541
Logistic Regression,0.9829029049444787
Logistic Regression,0.9884519945773889
Logistic Regression,0.9839146901628104
Logistic Regression,0.9846323958226335
Logistic Regression,0.9883959139671991
Logistic Regression,0.9845706478515079
Logistic Regression,0.9923461374343143
Logistic Regression,0.9901524999911403
Logistic Regression,0.9880789105497948
Logistic Regression,0.9881825267535429
Logistic Regression,0.9899700202358689
Logistic Regression,0.9823669859706372
Logistic Regression,0.990637319883616
Logistic Regression,0.9918750159464562
Logistic Regression,0.9849099007089543
Logistic Regression,0.9853536846907948
Logistic Regression,0.991262500339555
Logistic Regression,0.9842264501261416
Logistic Regression,0.9869497919762921
Logistic Regression,0.9918726760800364
Logistic Regression,0.9912579996359817
Logistic Regression,0.986692249487818
Logistic Regression,0.9880519963794171
Logistic Regression,0.9887706802043184
Logistic Regression,0.9917467907771775
Logistic Regression,0.9840200900547111
Logistic Regression,0.9916550377924754
Logistic Regression,0.9835698425753256
Logistic Regression,0.9762601434431679
Logistic Regression,0.9911417185244505
Logistic Regression,0.9922962952554779
Logistic Regression,0.9893007639710835
Logistic Regression,0.9873875476365004
Logistic Regression,0.9907703234860327
Logistic Regression,0.9935088511713226
Logistic Regression,0.9810073632196857
Logistic Regression,0.9939128653136483
Logistic Regression,0.9920637472218338
Logistic Regression,0.9946785650941757
Logistic Regression,0.986047521972603
Logistic Regression,0.9895479154411077
Logistic Regression,0.9849697188086741
Logistic Regression,0.984127707200152
Logistic Regression,0.992015593375003
Logistic Regression,0.9801455258867041
Logistic Regression,0.9919791399074829
Logistic Regression,0.9944634280691586
Logistic Regression,0.9823497426663472
Logistic Regression,0.9878601824897042
Logistic Regression,0.987372654109581
Logistic Regression,0.9861391721242716
Logistic Regression,0.984831887345187
Logistic Regression,0.9809962575554554
Logistic Regression,0.9852500776878611
Logistic Regression,0.9879947782994164
Logistic Regression,0.9925066668439544
Logistic Regression,0.9874628466044678
Logistic Regression,0.9919921773198561
Logistic Regression,0.9817064031771146
Logistic Regression,0.9919184824331082
Logistic Regression,0.9939210784472705
Logistic Regression,0.991105211582508
Logistic Regression,0.9926507973172009
Logistic Regression,0.9921813916308202
Logistic Regression,0.9859147039383708
Logistic Regression,0.9923505980003618
Logistic Regression,0.9820384168206606
Logistic Regression,0.9843821923848898
Logistic Regression,0.9859089312444987
Logistic Regression,0.9828945654167572
Logistic Regression,0.9859178402637642
Logistic Regression,0.9888462054103623
Logistic Regression,0.9867039777054939
Logistic Regression,0.9872110662472611
Logistic Regression,0.993304475834203
Logistic Regression,0.9847328605373051
Logistic Regression,0.9853390052065992
Logistic Regression,0.9828110062637418
Logistic Regression,0.9846127594971327
Logistic Regression,0.9841206480870628
Logistic Regression,0.9861192609381221
Logistic Regression,0.9866703605357313
Logistic Regression,0.9864620285460479
Logistic Regression,0.9924043452306185
Logistic Regression,0.9840687190712482
Logistic Regression,0.9827446991885986
Logistic Regression,0.9831598785917383
Logistic Regression,0.9845073086429516
Logistic Regression,0.990112965388301
Logistic Regression,0.9921431532672957
Logistic Regression,0.9886513885270239
Logistic Regression,0.9820360709448566
Logistic Regression,0.9913132096680445
Logistic Regression,0.9824781790204258
Logistic Regression,0.9848011521064917
Logistic Regression,0.9945782227636946
Logistic Regression,0.9875947790332439
Logistic Regression,0.9942087537685401
Logistic Regression,0.9837418578026694
Logistic Regression,0.9835594524369224
Logistic Regression,0.9805866094324022
Logistic Regression,0.9860793687758029
Logistic Regression,0.9814809853181486
Logistic Regression,0.9871612062200356
Logistic Regression,0.9821010884360533
Logistic Regression,0.9881596239661266
Logistic Regression,0.9888807963708603
Logistic Regression,0.979999293629733
Logistic Regression,0.979713641892237
Logistic Regression,0.9857004590303496
Logistic Regression,0.987578858556328
Logistic Regression,0.981335142884431
Logistic Regression,0.9867534307697439
Logistic Regression,0.9927632505156704
Logistic Regression,0.9933459828769878
Logistic Regression,0.9835050433886582
Logistic Regression,0.9838694337988366
Logistic Regression,0.9909149864650769
Logistic Regression,0.9902238213416269
Logistic Regression,0.9888046438008256
Logistic Regression,0.9861269655750842
Logistic Regression,0.9841804554688179
Logistic Regression,0.9765039877243714
Logistic Regression,0.9787233664603896
Logistic Regression,0.9933899773256865
Logistic Regression,0.9853693473884132
Logistic Regression,0.9889657623090595
Logistic Regression,0.9813310343360857
Logistic Regression,0.9825784637142134
Logistic Regression,0.9952391770735863
Logistic Regression,0.9813057890905301
Logistic Regression,0.9728759435275602
Logistic Regression,0.992871025981726
Logistic Regression,0.9853073494592629
Logistic Regression,0.9913106559413911
Logistic Regression,0.9857147776276293
Logistic Regression,0.9932673115759434
Logistic Regression,0.9831324385076374
Logistic Regression,0.9927053222547902
Logistic Regression,0.9952565965016589
Logistic Regression,0.9872581113628487
Logistic Regression,0.9865867369293287
Logistic Regression,0.9861138811945629
Logistic Regression,0.9922226497542237
Logistic Regression,0.985989789781941
Logistic Regression,0.9812299639474642
Logistic Regression,0.9906689881222976
Logistic Regression,0.9927421356979295
Logistic Regression,0.9919355592386997
Logistic Regression,0.9927712957670841
Logistic Regression,0.9925136480663755
Logistic Regression,0.9929143008841004
Logistic Regression,0.9870452958178689
Logistic Regression,0.9835899634792823
Logistic Regression,0.9831388537454261
Logistic Regression,0.9823763241111004
Logistic Regression,0.9943581712211503
Logistic Regression,0.9883836083230927
Logistic Regression,0.9930568021849724
Logistic Regression,0.9815571739460024
Logistic Regression,0.9863359990810303
Logistic Regression,0.9810699434017236
Logistic Regression,0.9870723402864294
Logistic Regression,0.9929656643731858
Logistic Regression,0.9885815479284779
Logistic Regression,0.9939137686354979
Logistic Regression,0.989352871513713
Logistic Regression,0.980764311815302
Logistic Regression,0.9933843887134385
Logistic Regression,0.9930811719822664
Logistic Regression,0.988110883471152
Logistic Regression,0.987733721666271
Logistic Regression,0.9925191703704628
Logistic Regression,0.9929159447605057
Logistic Regression,0.9909466859006903
Logistic Regression,0.9927883590772143
Logistic Regression,0.985330060883226
Logistic Regression,0.9932642589382166
Logistic Regression,0.9866240042052015
Logistic Regression,0.9898409255630829
Logistic Regression,0.9874658552825352
Logistic Regression,0.9852405014322081
Logistic Regression,0.9917622197625835
Logistic Regression,0.9952661399534191
Logistic Regression,0.9955434272127549
Logistic Regression,0.9820005564875034
Logistic Regression,0.9916845212589115
Logistic Regression,0.9906133044385673
Logistic Regression,0.9880970550808459
Logistic Regression,0.9871776292530293
Logistic Regression,0.9886550573047747
Logistic Regression,0.987237700260943
Logistic Regression,0.9900201382739642
Logistic Regression,0.976171950268525
Logistic Regression,0.9820349417655179
Logistic Regression,0.9929204615772895
Logistic Regression,0.9724386848017992
Logistic Regression,0.9943923636122483
Logistic Regression,0.9849159998310374
Logistic Regression,0.9929807205459359
Logistic Regression,0.9819040709845251
Logistic Regression,0.9866411133461689
Logistic Regression,0.9894572451335255
Logistic Regression,0.9910104305798076
Logistic Regression,0.9913096419992015
Logistic Regression,0.9916829645503561
Logistic Regression,0.9943894195729924
Logistic Regression,0.9938582991545566
Logistic Regression,0.9865288599379878
Logistic Regression,0.9936568589555894
Logistic Regression,0.991954760449795
Logistic Regression,0.9847750992734275
Logistic Regression,0.9929878383919385
Logistic Regression,0.9828352967832871
Logistic Regression,0.990768567691477
Logistic Regression,0.9817315333159508
Logistic Regression,0.9838019965674232
Logistic Regression,0.9890854753975292
Logistic Regression,0.9808324063245496
Logistic Regression,0.9892759931564109
Logistic Regression,0.9932701746033215
Logistic Regression,0.985033987607819
Logistic Regression,0.9946316769650906
Logistic Regression,0.9880770190296578
Logistic Regression,0.992621896934971
Logistic Regression,0.9919476658326524
Logistic Regression,0.9911735619539114
Logistic Regression,0.9929197611639434
Logistic Regression,0.9862965525124616
Logistic Regression,0.9956727126260131
Logistic Regression,0.9918989345874627
Logistic Regression,0.9920841590385836
Logistic Regression,0.985766513677486
Logistic Regression,0.9843865103772981
Logistic Regression,0.9879432232896744
Logistic Regression,0.9835780239477944
Logistic Regression,0.9934765916634237
Logistic Regression,0.985588532270245
Logistic Regression,0.9859564050439482
Logistic Regression,0.9843313138238324
Logistic Regression,0.9806324810386313
Logistic Regression,0.9853085804411646
Logistic Regression,0.9879360847006016
Logistic Regression,0.9860686106353934
Logistic Regression,0.9947027936039929
Logistic Regression,0.9938681622543973
Logistic Regression,0.9941417218379012
Logistic Regression,0.9892027990878636
Logistic Regression,0.9871722696785553
Logistic Regression,0.9831524389057419
Logistic Regression,0.9880386146434916
Logistic Regression,0.9769231676206012
Logistic Regression,0.9902621261143275
Logistic Regression,0.9832871590566026
Logistic Regression,0.9954705689128223
Logistic Regression,0.9937205395629356
Logistic Regression,0.9822190596293682
Logistic Regression,0.9921987774263755
Logistic Regression,0.9935878013278358
Logistic Regression,0.990250216390993
Logistic Regression,0.9937501767782853
Logistic Regression,0.9907992691692011
Logistic Regression,0.991769866122005
Logistic Regression,0.9867387837338365
Logistic Regression,0.9830910534139498
Logistic Regression,0.9934000940493298
Logistic Regression,0.9872200506234863
Logistic Regression,0.9954061392627527
Logistic Regression,0.9853516624079313
Logistic Regression,0.9864737521324183
Logistic Regression,0.981794389657714
Logistic Regression,0.9848472870468054
Logistic Regression,0.9934491724582015
Logistic Regression,0.9855971248253415
Logistic Regression,0.9878549040918826
Logistic Regression,0.9831202208092501
Logistic Regression,0.9943793606690485
Logistic Regression,0.9726164521993323
Logistic Regression,0.9932642277447474
Logistic Regression,0.9888721880744952
Logistic Regression,0.9890174114506353
Logistic Regression,0.9872968386439802
Logistic Regression,0.9933742828387487
Logistic Regression,0.9934871386840292
Logistic Regression,0.9877270364805772
Logistic Regression,0.9854970692471109
Logistic Regression,0.9889431587182014
Logistic Regression,0.9880321499312827
Logistic Regression,0.9932170934625776
Logistic Regression,0.9831599794753655
Logistic Regression,0.9931315417795036
Logistic Regression,0.9862359846852901
Logistic Regression,0.9908097531210024
Logistic Regression,0.9941737908349796
Logistic Regression,0.9838403721506521
Logistic Regression,0.9909164851359442
Logistic Regression,0.9856665726860969
Logistic Regression,0.9909862373661736
Logistic Regression,0.994350102280633
Logistic Regression,0.985996714583047
Logistic Regression,0.9945257961229463
Logistic Regression,0.9901563948631293
Logistic Regression,0.9844437272964147
Logistic Regression,0.9857026458263628
Logistic Regression,0.9908613894902382
Logistic Regression,0.9951576021479746
Logistic Regression,0.9816636983742029
Logistic Regression,0.9797210909460012
Logistic Regression,0.9931220278738899
Logistic Regression,0.984476034867493
Logistic Regression,0.9854546532074793
Logistic Regression,0.986845934586567
Logistic Regression,0.9873752047222414
Logistic Regression,0.9898352737112763
Logistic Regression,0.9861859124888883
Logistic Regression,0.9908334227901376
Logistic Regression,0.9835856644245814
Logistic Regression,0.9912024401937833
Logistic Regression,0.9951500023128999
Logistic Regression,0.9850031686293953
Logistic Regression,0.9829354735296644
Logistic Regression,0.9842161275929858
Logistic Regression,0.9862109201425486
Logistic Regression,0.9833615143918221
Logistic Regression,0.9847071908197245
Logistic Regression,0.9907696723530298
Logistic Regression,0.9840077119742434
Logistic Regression,0.983888715424108
Random Forest,1.0
Random Forest,1.0
Random Forest,1.0
Random Forest,1.0
Random Forest,0.99
Random Forest,1.0
Random Forest,1.0
Random Forest,1.0
Random Forest,1.0
Random Forest,1.0
Random Forest,1.0
Random Forest,1.0
Random Forest,1.0
Random Forest,1.0
Random Forest,1.0
Random Forest,1.0
Random Forest,1.0
Random Forest,1.0
Random Forest,1.0
Random Forest,1.0
Random Forest,1.0
Random Forest,1.0
Random Forest,1.0
Random Forest,1.0
Random Forest,1.0
Random Forest,1.0
Random Forest,1.0
Random Forest,1.0
Random Forest,1.0
Random Forest,1.0
Random Forest,1.0
Random Forest,1.0
Random Forest,1.0
Random Forest,1.0
Random Forest,1.0
Random Forest,1.0
Random Forest,1.0
Random Forest,1.0
Random Forest,1.0
Random Forest,1.0
Random Forest,1.0
Random Forest,1.0
Random Forest,1.0
Random Forest,1.0
Random Forest,1.0
Random Forest,1.0
Random Forest,1.0
Random Forest,1.0
Random Forest,1.0
Random Forest,1.0
Random Forest,1.0
Random Forest,1.0
Random Forest,1.0
Random Forest,1.0
Random Forest,1.0
Random Forest,1.0
Random Forest,1.0
Random Forest,1.0
Random Forest,1.0
Random Forest,1.0
Random Forest,1.0
Random Forest,1.0
Random Forest,1.0
Random Forest,1.0
Random Forest,1.0
Random Forest,1.0
Random Forest,1.0
Random Forest,1.0
Random Forest,1.0
Random Forest,1.0
Random Forest,1.0
Random Forest,1.0
Random Forest,1.0
Random Forest,1.0
Random Forest,1.0
Random Forest,1.0
Random Forest,1.0
Random Forest,1.0
Random Forest,1.0
Random Forest,1.0
Random Forest,1.0
Random Forest,1.0
Random Forest,1.0
Random Forest,1.0
Random Forest,1.0
Random Forest,1.0
Random Forest,1.0
Random Forest,1.0
Random Forest,1.0
Random Forest,1.0
Random Forest,1.0
Random Forest,1.0
Random Forest,1.0
Random Forest,1.0
Random Forest,1.0
Random Forest,1.0
Random Forest,1.0
Random Forest,1.0
Random Forest,1.0
Random Forest,1.0
Random Forest,1.0
Random Forest,1.0
Random Forest,1.0
Random Forest,1.0
Random Forest,1.0
Random Forest,1.0
Random Forest,1.0
Random Forest,1.0
Random Forest,1.0
Random Forest,1.0
Random Forest,1.0
Random Forest,1.0
Random Forest,1.0
Random Forest,1.0
Random Forest,1.0
Random Forest,1.0
Random Forest,1.0
Random Forest,1.0
Random Forest,1.0
Random Forest,1.0
Random Forest,1.0
Random Forest,1.0
Random Forest,1.0
Random Forest,1.0
Random Forest,1.0
Random Forest,1.0
Random Forest,1.0
Random Forest,1.0
Random Forest,1.0
Random Forest,1.0
Random Forest,1.0
Random Forest,1.0
Random Forest,1.0
Random Forest,1.0
Random Forest,1.0
Random Forest,1.0
Random Forest,1.0
Random Forest,1.0
Random Forest,1.0
Random Forest,1.0
Random Forest,1.0
Random Forest,1.0
Random Forest,1.0
Random Forest,1.0
Random Forest,1.0
Random Forest,1.0
Random Forest,1.0
Random Forest,1.0
Random Forest,1.0
Random Forest,1.0
Random Forest,1.0
Random Forest,1.0
Random Forest,1.0
Random Forest,1.0
Random Forest,1.0
Random Forest,1.0
Random Forest,1.0
Random Forest,1.0
Random Forest,1.0
Random Forest,0.97
Random Forest,1.0
Random Forest,1.0
Random Forest,1.0
Random Forest,1.0
Random Forest,1.0
Random Forest,1.0
Random Forest,1.0
Random Forest,1.0
Random Forest,1.0
Random Forest,1.0
Random Forest,1.0
Random Forest,1.0
Random Forest,1.0
Random Forest,1.0
Random Forest,1.0
Random Forest,1.0
Random Forest,1.0
Random Forest,1.0
Random Forest,1.0
Random Forest,1.0
Random Forest,1.0
Random Forest,1.0
Random Forest,1.0
Random Forest,1.0
Random Forest,0.99
Random Forest,1.0
Random Forest,1.0
Random Forest,1.0
Random Forest,1.0
Random Forest,1.0
Random Forest,1.0
Random Forest,1.0
Random Forest,1.0
Random Forest,1.0
Random Forest,1.0
Random Forest,1.0
Random Forest,1.0
Random Forest,1.0
Random Forest,1.0
Random Forest,1.0
Random Forest,1.0
Random Forest,1.0
Random Forest,1.0
Random Forest,1.0
Random Forest,1.0
Random Forest,1.0
Random Forest,1.0
Random Forest,1.0
Random Forest,1.0
Random Forest,1.0
Random Forest,1.0
Random Forest,1.0
Random Forest,1.0
Random Forest,1.0
Random Forest,1.0
Random Forest,1.0
Random Forest,1.0
Random Forest,1.0
Random Forest,1.0
Random Forest,1.0
Random Forest,1.0
Random Forest,1.0
Random Forest,1.0
Random Forest,1.0
Random Forest,1.0
Random Forest,1.0
Random Forest,0.98
Random Forest,1.0
Random Forest,1.0
Random Forest,1.0
Random Forest,1.0
Random Forest,1.0
Random Forest,1.0
Random Forest,1.0
Random Forest,1.0
Random Forest,1.0
Random Forest,1.0
Random Forest,1.0
Random Forest,1.0
Random Forest,1.0
Random Forest,1.0
Random Forest,1.0
Random Forest,1.0
Random Forest,1.0
Random Forest,1.0
Random Forest,1.0
Random Forest,0.99
Random Forest,1.0
Random Forest,1.0
Random Forest,1.0
Random Forest,1.0
Random Forest,1.0
Random Forest,1.0
Random Forest,1.0
Random Forest,1.0
Random Forest,1.0
Random Forest,1.0
Random Forest,1.0
Random Forest,1.0
Random Forest,1.0
Random Forest,1.0
Random Forest,1.0
Random Forest,1.0
Random Forest,1.0
Random Forest,1.0
Random Forest,1.0
Random Forest,1.0
Random Forest,1.0
Random Forest,1.0
Random Forest,1.0
Random Forest,1.0
Random Forest,1.0
Random Forest,1.0
Random Forest,1.0
Random Forest,1.0
Random Forest,1.0
Random Forest,1.0
Random Forest,1.0
Random Forest,1.0
Random Forest,1.0
Random Forest,1.0
Random Forest,1.0
Random Forest,1.0
Random Forest,1.0
Random Forest,1.0
Random Forest,1.0
Random Forest,1.0
Random Forest,1.0
Random Forest,1.0
Random Forest,1.0
Random Forest,0.99
Random Forest,1.0
Random Forest,1.0
Random Forest,1.0
Random Forest,1.0
Random Forest,1.0
Random Forest,1.0
Random Forest,1.0
Random Forest,1.0
Random Forest,1.0
Random Forest,1.0
Random Forest,1.0
Random Forest,1.0
Random Forest,1.0
Random Forest,1.0
Random Forest,1.0
Random Forest,1.0
Random Forest,1.0
Random Forest,1.0
Random Forest,1.0
Random Forest,1.0
Random Forest,1.0
Random Forest,1.0
Random Forest,1.0
Random Forest,1.0
Random Forest,1.0
Random Forest,1.0
Random Forest,1.0
Random Forest,1.0
Random Forest,1.0
Random Forest,1.0
Random Forest,1.0
Random Forest,1.0
Random Forest,1.0
Random Forest,1.0
Random Forest,1.0
Random Forest,1.0
Random Forest,1.0
Random Forest,1.0
Random Forest,1.0
Random Forest,1.0
Random Forest,1.0
Random Forest,1.0
Random Forest,1.0
Random Forest,1.0
Random Forest,1.0
Random Forest,1.0
Random Forest,1.0
Random Forest,1.0
Random Forest,1.0
Random Forest,1.0
Random Forest,1.0
Random Forest,1.0
Random Forest,1.0
Random Forest,1.0
Random Forest,1.0
Random Forest,1.0
Random Forest,1.0
Random Forest,1.0
Random Forest,1.0
Random Forest,1.0
Random Forest,1.0
Random Forest,1.0
Random Forest,1.0
Random Forest,1.0
Random Forest,1.0
Random Forest,1.0
Random Forest,1.0
Random Forest,1.0
Random Forest,1.0
Random Forest,1.0
Random Forest,1.0
Random Forest,1.0
Random Forest,1.0
Random Forest,1.0
Random Forest,1.0
Random Forest,1.0
Random Forest,1.0
Random Forest,0.99
Random Forest,1.0
Random Forest,1.0
Random Forest,1.0
Random Forest,1.0
Random Forest,1.0
Random Forest,1.0
Random Forest,1.0
Random Forest,1.0
Random Forest,1.0
Random Forest,1.0
Random Forest,1.0
Random Forest,1.0
Random Forest,1.0
Random Forest,1.0
Random Forest,1.0
Random Forest,1.0
Random Forest,1.0
Random Forest,1.0
Random Forest,1.0
Random Forest,1.0
Random Forest,1.0
Random Forest,1.0
Random Forest,1.0
Random Forest,1.0
Random Forest,1.0
Random Forest,1.0
Random Forest,1.0
Random Forest,1.0
Random Forest,1.0
Random Forest,1.0
Random Forest,1.0
Random Forest,1.0
Random Forest,1.0
Random Forest,1.0
Random Forest,1.0
Random Forest,1.0
Random Forest,1.0
Random Forest,1.0
Random Forest,0.99
Random Forest,1.0
Random Forest,1.0
Random Forest,1.0
Random Forest,1.0
Random Forest,1.0
Random Forest,1.0
Random Forest,1.0
Random Forest,1.0
Random Forest,1.0
Random Forest,1.0
Random Forest,1.0
Random Forest,1.0
Random Forest,1.0
Random Forest,1.0
Random Forest,1.0
Random Forest,1.0
Random Forest,1.0
Random Forest,1.0
Random Forest,1.0
Random Forest,1.0
Random Forest,1.0
Random Forest,1.0
Random Forest,1.0
Random Forest,1.0
Random Forest,1.0
Random Forest,1.0
Random Forest,1.0
Random Forest,1.0
Random Forest,1.0
Random Forest,1.0
Random Forest,1.0
Random Forest,1.0
Random Forest,1.0
Random Forest,1.0
Random Forest,1.0
Random Forest,1.0
Random Forest,1.0
Random Forest,1.0
Random Forest,1.0
Random Forest,1.0
Random Forest,1.0
Random Forest,1.0
Random Forest,1.0
Random Forest,1.0
Random Forest,1.0
Random Forest,1.0
Random Forest,1.0
Random Forest,1.0
Random Forest,1.0
Random Forest,1.0
Random Forest,1.0
Random Forest,1.0
Random Forest,1.0
Random Forest,1.0
Random Forest,1.0
Random Forest,1.0
Random Forest,1.0
Random Forest,1.0
Random Forest,1.0
Random Forest,1.0
Random Forest,0.99
Random Forest,1.0
Random Forest,1.0
Random Forest,1.0
Random Forest,1.0
Random Forest,1.0
Random Forest,1.0
Random Forest,1.0
Random Forest,1.0
Random Forest,1.0
Random Forest,1.0
Random Forest,1.0
Random Forest,1.0
Random Forest,1.0
Random Forest,1.0
Random Forest,1.0
Random Forest,1.0
Random Forest,1.0
Random Forest,1.0
Random Forest,1.0
Random Forest,1.0
Random Forest,1.0
Random Forest,1.0
Random Forest,1.0
Random Forest,1.0
Random Forest,1.0
Random Forest,1.0
Random Forest,1.0
Random Forest,1.0
Random Forest,1.0
Random Forest,0.99
Random Forest,1.0
Random Forest,1.0
Random Forest,1.0
Random Forest,1.0
Random Forest,1.0
Random Forest,1.0
Random Forest,1.0
Random Forest,1.0
Random Forest,1.0
Random Forest,1.0
Random Forest,1.0
Random Forest,1.0
Random Forest,1.0
Random Forest,1.0
Random Forest,1.0
Random Forest,1.0
Random Forest,1.0
Random Forest,1.0
Random Forest,1.0
Random Forest,0.99
Random Forest,1.0
Random Forest,0.99
Random Forest,1.0
Random Forest,1.0
Random Forest,1.0
Random Forest,1.0
Random Forest,1.0
Random Forest,1.0
Random Forest,0.99
Random Forest,1.0
Random Forest,1.0
Random Forest,1.0
Random Forest,1.0
Random Forest,1.0
Random Forest,1.0
Random Forest,1.0
Random Forest,1.0
Random Forest,1.0
Random Forest,1.0
Random Forest,1.0
Random Forest,1.0
Random Forest,1.0
Random Forest,1.0
Random Forest,1.0
Random Forest,1.0
Random Forest,1.0
Random Forest,1.0
Random Forest,1.0
Random Forest,1.0
Random Forest,1.0
Random Forest,1.0
Random Forest,0.98
Random Forest,1.0
Random Forest,1.0
Random Forest,1.0
Random Forest,1.0
Random Forest,1.0
Random Forest,1.0
Random Forest,1.0
Random Forest,1.0
Random Forest,1.0
Random Forest,1.0
Random Forest,1.0
Random Forest,1.0
Random Forest,1.0
Random Forest,1.0
Random Forest,1.0
Random Forest,1.0
Random Forest,1.0
Random Forest,1.0
Random Forest,1.0
Random Forest,1.0
Random Forest,1.0
Random Forest,1.0
Random Forest,1.0
Random Forest,1.0
Random Forest,1.0
Random Forest,1.0
Random Forest,1.0
Random Forest,1.0
Random Forest,1.0
Random Forest,1.0
Random Forest,1.0
Random Forest,1.0
Random Forest,1.0
Random Forest,1.0
Random Forest,1.0
Random Forest,1.0
Random Forest,1.0
Random Forest,1.0
Random Forest,1.0
Random Forest,1.0
Random Forest,1.0
Random Forest,1.0
Random Forest,1.0
Random Forest,1.0
Random Forest,1.0
Random Forest,1.0
Random Forest,1.0
Random Forest,1.0
Random Forest,1.0
Random Forest,1.0
Random Forest,1.0
Random Forest,1.0
Random Forest,1.0
Random Forest,1.0
Random Forest,1.0
Random Forest,1.0
Random Forest,1.0
Random Forest,1.0
Random Forest,1.0
Random Forest,1.0
Random Forest,1.0
Random Forest,1.0
Random Forest,1.0
Random Forest,1.0
Random Forest,1.0
Random Forest,1.0
Random Forest,1.0
Random Forest,1.0
Random Forest,1.0
Random Forest,1.0
Random Forest,1.0
Random Forest,1.0
Random Forest,1.0
Random Forest,1.0
Random Forest,1.0
Random Forest,1.0
Random Forest,1.0
Random Forest,1.0
Random Forest,0.99
Random Forest,1.0
Random Forest,1.0
Random Forest,1.0
Random Forest,1.0
Random Forest,1.0
Random Forest,1.0
Random Forest,0.99
Random Forest,1.0
Random Forest,1.0
Random Forest,1.0
Random Forest,1.0
Random Forest,1.0
Random Forest,1.0
Random Forest,1.0
Random Forest,1.0
Random Forest,1.0
Random Forest,1.0
Random Forest,1.0
Random Forest,1.0
Random Forest,1.0
Random Forest,1.0
Random Forest,1.0
Random Forest,1.0
Random Forest,1.0
Random Forest,1.0
Random Forest,1.0
Random Forest,1.0
Random Forest,1.0
Random Forest,1.0
Random Forest,1.0
Random Forest,1.0
Random Forest,1.0
Random Forest,1.0
Random Forest,0.99
Random Forest,1.0
Random Forest,1.0
Random Forest,1.0
Random Forest,1.0
Random Forest,1.0
Random Forest,1.0
Random Forest,1.0
Random Forest,1.0
Random Forest,1.0
Random Forest,1.0
Random Forest,1.0
Random Forest,1.0
Random Forest,1.0
Random Forest,1.0
Random Forest,1.0
Random Forest,1.0
Random Forest,1.0
Random Forest,1.0
Random Forest,1.0
Random Forest,1.0
Random Forest,1.0
Random Forest,1.0
Random Forest,1.0
Random Forest,1.0
Random Forest,1.0
Random Forest,1.0
Random Forest,1.0
Random Forest,1.0
Random Forest,1.0
Random Forest,1.0
Random Forest,1.0
Random Forest,1.0
Random Forest,1.0
Random Forest,1.0
Random Forest,1.0
Random Forest,1.0
Random Forest,1.0
Random Forest,1.0
Random Forest,1.0
Random Forest,1.0
Random Forest,1.0
Random Forest,1.0
Random Forest,1.0
Random Forest,1.0
Random Forest,1.0
Random Forest,1.0
Random Forest,1.0
Random Forest,1.0
Random Forest,1.0
Random Forest,1.0
Random Forest,1.0
Random Forest,1.0
Random Forest,1.0
Random Forest,1.0
Random Forest,1.0
Random Forest,1.0
Random Forest,1.0
Random Forest,1.0
Random Forest,1.0
Random Forest,1.0
Random Forest,1.0
Random Forest,1.0
Random Forest,1.0
Random Forest,1.0
Random Forest,1.0
Random Forest,1.0
Random Forest,1.0
Random Forest,1.0
Random Forest,1.0
Random Forest,1.0
Random Forest,1.0
Random Forest,1.0
Random Forest,1.0
Random Forest,1.0
Random Forest,1.0
Random Forest,1.0
Random Forest,1.0
Random Forest,1.0
Random Forest,1.0
Random Forest,1.0
Random Forest,1.0
Random Forest,1.0
Random Forest,1.0
Random Forest,1.0
Random Forest,1.0
Random Forest,1.0
Random Forest,1.0
Random Forest,1.0
Random Forest,1.0
Random Forest,1.0
Random Forest,1.0
Random Forest,1.0
Random Forest,1.0
Random Forest,1.0
Random Forest,1.0
Random Forest,1.0
Random Forest,1.0
Random Forest,1.0
Random Forest,1.0
Random Forest,1.0
Random Forest,1.0
Random Forest,1.0
Random Forest,1.0
Random Forest,1.0
Random Forest,1.0
Random Forest,1.0
Random Forest,0.97
Random Forest,1.0
Random Forest,1.0
Random Forest,1.0
Random Forest,1.0
Random Forest,1.0
Random Forest,1.0
Random Forest,1.0
Random Forest,1.0
Random Forest,1.0
Random Forest,1.0
Random Forest,1.0
Random Forest,1.0
Random Forest,1.0
Random Forest,1.0
Random Forest,1.0
Random Forest,1.0
Random Forest,1.0
Random Forest,1.0
Random Forest,1.0
Random Forest,1.0
Random Forest,1.0
Random Forest,1.0
Random Forest,1.0
Random Forest,1.0
Random Forest,1.0
Random Forest,1.0
Random Forest,1.0
Random Forest,1.0
Random Forest,1.0
Random Forest,1.0
Random Forest,1.0
Random Forest,1.0
Random Forest,1.0
Random Forest,1.0
Random Forest,1.0
Random Forest,1.0
Random Forest,1.0
Random Forest,1.0
Random Forest,1.0
Random Forest,1.0
Random Forest,1.0
Random Forest,1.0
Random Forest,1.0
Random Forest,1.0
Random Forest,1.0
Random Forest,1.0
Random Forest,1.0
Random Forest,0.99
Random Forest,1.0
Random Forest,1.0
Random Forest,1.0
Random Forest,1.0
Random Forest,1.0
Random Forest,1.0
Random Forest,1.0
Random Forest,0.98
Random Forest,1.0
Random Forest,1.0
Random Forest,1.0
Random Forest,1.0
Random Forest,1.0
Random Forest,1.0
Random Forest,1.0
Random Forest,1.0
Random Forest,1.0
Random Forest,1.0
Random Forest,1.0
Random Forest,1.0
Random Forest,1.0
Random Forest,1.0
Random Forest,1.0
Random Forest,1.0
Random Forest,1.0
Random Forest,1.0
Random Forest,1.0
Random Forest,1.0
Random Forest,1.0
Random Forest,1.0
Random Forest,0.97
Random Forest,1.0
Random Forest,1.0
Random Forest,1.0
Random Forest,1.0
Random Forest,1.0
Random Forest,1.0
Random Forest,1.0
Random Forest,1.0
Random Forest,1.0
Random Forest,1.0
Random Forest,1.0
Random Forest,1.0
Random Forest,1.0
Random Forest,1.0
Random Forest,1.0
Random Forest,1.0
Random Forest,1.0
Random Forest,1.0
Random Forest,1.0
Random Forest,1.0
Random Forest,1.0
Random Forest,1.0
Random Forest,1.0
Random Forest,1.0
Random Forest,1.0
Random Forest,1.0
Random Forest,1.0
Random Forest,1.0
Random Forest,1.0
Random Forest,1.0
Random Forest,1.0
Random Forest,1.0
Random Forest,1.0
Random Forest,1.0
Random Forest,1.0
Random Forest,1.0
Random Forest,1.0
Random Forest,1.0
Random Forest,1.0
Random Forest,1.0
Random Forest,1.0
Random Forest,1.0
Random Forest,1.0
Random Forest,1.0
Random Forest,1.0
Random Forest,1.0
Random Forest,1.0
Random Forest,1.0
Random Forest,1.0
Random Forest,1.0
Random Forest,1.0
Random Forest,1.0
Random Forest,1.0
Random Forest,1.0
Random Forest,1.0
Random Forest,1.0
Random Forest,1.0
Random Forest,1.0
Random Forest,1.0
Random Forest,1.0
Random Forest,1.0
Random Forest,1.0
Random Forest,1.0
Random Forest,1.0
Random Forest,1.0
Random Forest,1.0
Random Forest,1.0
Random Forest,1.0
Random Forest,1.0
Random Forest,1.0
Random Forest,1.0
Random Forest,1.0
Random Forest,1.0
Random Forest,1.0
Random Forest,1.0
Random Forest,1.0
Random Forest,1.0
Random Forest,1.0
Random Forest,1.0
Random Forest,1.0
Random Forest,1.0
Random Forest,1.0
Random Forest,1.0
Random Forest,1.0
Random Forest,1.0
Random Forest,1.0
Random Forest,1.0
Random Forest,1.0
Random Forest,1.0
Random Forest,1.0
Random Forest,1.0
Random Forest,1.0
Random Forest,0.99
Random Forest,1.0
Random Forest,1.0
Random Forest,1.0
Random Forest,1.0
Random Forest,1.0
Random Forest,1.0
Random Forest,1.0
Random Forest,1.0
Random Forest,1.0
Random Forest,1.0
Random Forest,1.0
Random Forest,1.0
Random Forest,1.0
Random Forest,1.0
Random Forest,1.0
Random Forest,1.0
Random Forest,1.0
Random Forest,1.0
Random Forest,1.0
Random Forest,1.0
Random Forest,1.0
Random Forest,1.0
Random Forest,1.0
Random Forest,1.0
Random Forest,1.0
Random Forest,1.0
Random Forest,1.0
Random Forest,1.0
Random Forest,1.0
Random Forest,1.0
Random Forest,1.0
Random Forest,1.0
Random Forest,1.0
Random Forest,1.0
Random Forest,0.98
Random Forest,1.0
Random Forest,1.0
Random Forest,1.0
Random Forest,1.0
Random Forest,1.0
Random Forest,1.0
Random Forest,1.0
Random Forest,1.0
Random Forest,1.0
Random Forest,1.0
Random Forest,1.0
Random Forest,1.0
Random Forest,1.0
Random Forest,1.0
Random Forest,1.0
Random Forest,1.0
Random Forest,1.0
Random Forest,1.0
Random Forest,1.0
Random Forest,1.0
Random Forest,1.0
Random Forest,1.0
Random Forest,1.0
Random Forest,1.0
Random Forest,1.0
Random Forest,1.0
Random Forest,1.0
Random Forest,1.0
Random Forest,1.0
Random Forest,1.0
Random Forest,1.0
Random Forest,1.0
Random Forest,1.0
Random Forest,1.0
Random Forest,1.0
Random Forest,1.0
Random Forest,1.0
Random Forest,1.0
Random Forest,1.0
Random Forest,1.0
Random Forest,1.0
Random Forest,1.0
Random Forest,1.0
Random Forest,1.0
Random Forest,1.0
Random Forest,1.0
Random Forest,1.0
Random Forest,1.0
Random Forest,1.0
Random Forest,1.0
Random Forest,1.0
Random Forest,1.0
Random Forest,1.0
Random Forest,1.0
Random Forest,1.0
Random Forest,1.0
Random Forest,1.0
Random Forest,1.0
Random Forest,1.0
Random Forest,1.0
Random Forest,1.0
Random Forest,1.0
Random Forest,1.0
Random Forest,1.0
Random Forest,1.0
Random Forest,1.0
Random Forest,1.0
Random Forest,1.0
Random Forest,1.0
Random Forest,1.0
Random Forest,1.0
Random Forest,1.0
Random Forest,1.0
Random Forest,1.0
Random Forest,1.0
Random Forest,1.0
Random Forest,1.0
Random Forest,1.0
Random Forest,1.0
Random Forest,1.0
Random Forest,1.0
Random Forest,1.0
Random Forest,1.0
Random Forest,1.0
Random Forest,1.0
Random Forest,1.0
Random Forest,1.0
Random Forest,1.0
Random Forest,1.0
Random Forest,1.0
Random Forest,1.0
Random Forest,1.0
Random Forest,1.0
Random Forest,1.0
Random Forest,1.0
Random Forest,1.0
Random Forest,1.0
Random Forest,1.0
Random Forest,1.0
Random Forest,1.0
Random Forest,1.0
Random Forest,1.0
Random Forest,1.0
Random Forest,1.0
Random Forest,1.0
Random Forest,1.0
Random Forest,1.0
Random Forest,1.0
Random Forest,1.0
Random Forest,1.0
Random Forest,1.0
Random Forest,1.0
Random Forest,1.0
Random Forest,1.0
Random Forest,1.0
Random Forest,1.0
Random Forest,1.0
Random Forest,1.0
Random Forest,1.0
Random Forest,1.0
Random Forest,1.0
Random Forest,1.0
Random Forest,1.0
Random Forest,1.0
Random Forest,1.0
Random Forest,1.0
Random Forest,1.0
Random Forest,1.0
Random Forest,1.0
Random Forest,1.0
Random Forest,1.0
Random Forest,1.0
Random Forest,1.0
Random Forest,1.0
Random Forest,1.0
Random Forest,1.0
Random Forest,1.0
Random Forest,1.0
Random Forest,1.0
Random Forest,1.0
Random Forest,1.0
Random Forest,1.0
Random Forest,1.0
Random Forest,1.0
Random Forest,1.0
Random Forest,1.0
Random Forest,1.0
Random Forest,1.0
Random Forest,1.0
Random Forest,1.0
Random Forest,1.0
Random Forest,1.0
Random Forest,1.0
Random Forest,1.0
Random Forest,1.0
Random Forest,1.0
Random Forest,1.0
Random Forest,1.0
Random Forest,1.0
Random Forest,1.0
Random Forest,1.0
Random Forest,1.0
Random Forest,1.0
Random Forest,1.0
Random Forest,1.0
Random Forest,1.0
Random Forest,1.0
Random Forest,1.0
Random Forest,1.0
Random Forest,1.0
Random Forest,1.0
Random Forest,1.0
Random Forest,1.0
Random Forest,1.0
Random Forest,1.0
Random Forest,1.0
Random Forest,1.0
Random Forest,1.0
Random Forest,1.0
Random Forest,1.0
Random Forest,1.0
Random Forest,1.0
Random Forest,1.0
Random Forest,1.0
Random Forest,1.0
Random Forest,1.0
Random Forest,1.0
Random Forest,1.0
Random Forest,1.0
Random Forest,1.0
Random Forest,1.0
Random Forest,1.0
Random Forest,1.0
Random Forest,1.0
Random Forest,1.0
Random Forest,1.0
Random Forest,1.0
Random Forest,1.0
Random Forest,1.0
Random Forest,1.0
Random Forest,1.0
Random Forest,1.0
Random Forest,1.0
Random Forest,1.0
Random Forest,1.0
Random Forest,1.0
Random Forest,1.0
Random Forest,1.0
Random Forest,1.0
Random Forest,1.0
Random Forest,1.0
Random Forest,1.0
Random Forest,1.0
Random Forest,1.0
Random Forest,1.0
Random Forest,1.0
Random Forest,1.0
Random Forest,1.0
Random Forest,1.0
Random Forest,1.0
Random Forest,1.0
Random Forest,1.0
Random Forest,1.0
Random Forest,1.0
Random Forest,1.0
Random Forest,0.97
Random Forest,1.0
Random Forest,1.0
Random Forest,1.0
Random Forest,1.0
Random Forest,1.0
Random Forest,1.0
Random Forest,1.0
Random Forest,1.0
Random Forest,1.0
Random Forest,1.0
Random Forest,1.0
Random Forest,1.0
Random Forest,1.0
Random Forest,1.0
Random Forest,1.0
Random Forest,1.0
Random Forest,0.99
Random Forest,1.0
Random Forest,1.0
Random Forest,1.0
Random Forest,1.0
Random Forest,1.0
Random Forest,1.0
Random Forest,1.0
Random Forest,1.0
Random Forest,1.0
Random Forest,1.0
Random Forest,1.0
Random Forest,1.0
Random Forest,1.0
Random Forest,1.0
Random Forest,1.0
Random Forest,1.0
Random Forest,1.0
Random Forest,1.0
Random Forest,1.0
Random Forest,1.0
Random Forest,1.0
Random Forest,1.0
Random Forest,1.0
Random Forest,1.0
Random Forest,1.0
Random Forest,1.0
Random Forest,1.0
Random Forest,1.0
Random Forest,1.0
Random Forest,1.0
Random Forest,1.0
Random Forest,1.0
Random Forest,1.0
Random Forest,0.99
Random Forest,1.0
Random Forest,1.0
Random Forest,1.0
Random Forest,1.0
Random Forest,1.0
Random Forest,1.0
Random Forest,1.0
Random Forest,1.0
Random Forest,1.0
Random Forest,1.0
Random Forest,1.0
Random Forest,1.0
Random Forest,1.0
Random Forest,1.0
Random Forest,1.0
Random Forest,1.0
Random Forest,1.0
Random Forest,1.0
Random Forest,1.0
Random Forest,1.0
Random Forest,1.0
Random Forest,1.0
Random Forest,1.0
Random Forest,1.0
Random Forest,1.0
Random Forest,1.0
Random Forest,1.0
Random Forest,1.0
Random Forest,1.0
Random Forest,1.0
Random Forest,1.0
Random Forest,1.0
Random Forest,1.0
Random Forest,1.0
Random Forest,1.0
Random Forest,1.0
Random Forest,1.0
Random Forest,1.0
Random Forest,1.0
Random Forest,1.0
Random Forest,1.0
Random Forest,1.0
Random Forest,1.0
Random Forest,1.0
Random Forest,1.0
Random Forest,1.0
Random Forest,1.0
Random Forest,1.0
Random Forest,1.0
Random Forest,1.0
Random Forest,1.0
Random Forest,1.0
Random Forest,1.0
Random Forest,1.0
Random Forest,1.0
Random Forest,1.0
Random Forest,1.0
Random Forest,1.0
Random Forest,1.0
Random Forest,1.0
Random Forest,1.0
Random Forest,1.0
Random Forest,1.0
Random Forest,1.0
Random Forest,1.0
Random Forest,1.0
Random Forest,1.0
Random Forest,1.0
Random Forest,1.0
Random Forest,1.0
Random Forest,1.0
Random Forest,1.0
Random Forest,1.0
Random Forest,1.0
Random Forest,1.0
Random Forest,1.0
Random Forest,1.0
Random Forest,1.0
Random Forest,1.0
Random Forest,1.0
Random Forest,1.0
Random Forest,1.0
Random Forest,1.0
Random Forest,1.0
Random Forest,1.0
Random Forest,1.0
Random Forest,1.0
Random Forest,1.0
Random Forest,1.0
Random Forest,1.0
Random Forest,1.0
Random Forest,1.0
Random Forest,1.0
Random Forest,1.0
Random Forest,1.0
Random Forest,1.0
Random Forest,1.0
Random Forest,1.0
Random Forest,1.0
Random Forest,1.0
Random Forest,1.0
Random Forest,1.0
Random Forest,1.0
Random Forest,1.0
Random Forest,1.0
Random Forest,1.0
Random Forest,1.0
Random Forest,1.0
Random Forest,1.0
Random Forest,1.0
Random Forest,1.0
Random Forest,1.0
Random Forest,1.0
Random Forest,1.0
Random Forest,1.0
Random Forest,1.0
Random Forest,1.0
Random Forest,1.0
Random Forest,1.0
Random Forest,1.0
Random Forest,1.0
Random Forest,1.0
Random Forest,1.0
Random Forest,1.0
Random Forest,1.0
Random Forest,1.0
Random Forest,1.0
Random Forest,1.0
Random Forest,1.0
Random Forest,1.0
Random Forest,1.0
Random Forest,1.0
Random Forest,1.0
Random Forest,1.0
Random Forest,1.0
Random Forest,1.0
Random Forest,1.0
Random Forest,1.0
Random Forest,1.0
Random Forest,1.0
Random Forest,1.0
Random Forest,1.0
Random Forest,1.0
Random Forest,1.0
Random Forest,1.0
Random Forest,1.0
Random Forest,1.0
Random Forest,1.0
Random Forest,1.0
Random Forest,1.0
Random Forest,1.0
Random Forest,1.0
Random Forest,1.0
Random Forest,1.0
Random Forest,1.0
Random Forest,1.0
Random Forest,1.0
Random Forest,1.0
Random Forest,0.98
Random Forest,1.0
Random Forest,0.98
Random Forest,1.0
Random Forest,1.0
Random Forest,1.0
Random Forest,1.0
Random Forest,1.0
Random Forest,1.0
Random Forest,1.0
Random Forest,1.0
Random Forest,1.0
Random Forest,1.0
Random Forest,1.0
Random Forest,1.0
Random Forest,1.0
Random Forest,1.0
Random Forest,1.0
Random Forest,1.0
Random Forest,1.0
Random Forest,1.0
Random Forest,1.0
Random Forest,1.0
Random Forest,1.0
Random Forest,1.0
Random Forest,1.0
Random Forest,1.0
Random Forest,1.0
Random Forest,1.0
Random Forest,1.0
Random Forest,1.0
Random Forest,1.0
Random Forest,1.0
Random Forest,1.0
Random Forest,1.0
Random Forest,1.0
Random Forest,1.0
Random Forest,1.0
Random Forest,1.0
Random Forest,1.0
Random Forest,1.0
Random Forest,1.0
Random Forest,1.0
Random Forest,1.0
Random Forest,1.0
Random Forest,1.0
Random Forest,1.0
Random Forest,1.0
Random Forest,1.0
Random Forest,1.0
Random Forest,1.0
Random Forest,1.0
Random Forest,1.0
Random Forest,1.0
Random Forest,1.0
Random Forest,1.0
Random Forest,1.0
Random Forest,1.0
Random Forest,1.0
Random Forest,1.0
Random Forest,1.0
Random Forest,1.0
Random Forest,1.0
Random Forest,1.0
Random Forest,1.0
Random Forest,1.0
Random Forest,1.0
Random Forest,1.0
Random Forest,1.0
Random Forest,1.0
Random Forest,1.0
Random Forest,1.0
Random Forest,1.0
Random Forest,1.0
Random Forest,1.0
Random Forest,1.0
Random Forest,1.0
Random Forest,1.0
Random Forest,1.0
Random Forest,1.0
Random Forest,1.0
Random Forest,1.0
Random Forest,1.0
Random Forest,0.99
Random Forest,1.0
Random Forest,1.0
Random Forest,1.0
Random Forest,1.0
Random Forest,1.0
Random Forest,1.0
Random Forest,1.0
Random Forest,1.0
Random Forest,1.0
Random Forest,1.0
Random Forest,1.0
Random Forest,1.0
Random Forest,1.0
Random Forest,1.0
Random Forest,1.0
Random Forest,1.0
Random Forest,1.0
Random Forest,1.0
Random Forest,1.0
Random Forest,1.0
Random Forest,1.0
Random Forest,1.0
Random Forest,1.0
Random Forest,1.0
Random Forest,1.0
Random Forest,1.0
Random Forest,0.99
Random Forest,1.0
Random Forest,1.0
Random Forest,1.0
Random Forest,1.0
Random Forest,1.0
Random Forest,1.0
Random Forest,1.0
Random Forest,1.0
Random Forest,1.0
Random Forest,1.0
Random Forest,1.0
Random Forest,1.0
Random Forest,1.0
Random Forest,1.0
Random Forest,1.0
Random Forest,1.0
Random Forest,1.0
Random Forest,1.0
Random Forest,1.0
Random Forest,1.0
Random Forest,1.0
Random Forest,1.0
Random Forest,1.0
Random Forest,1.0
Random Forest,1.0
Random Forest,1.0
Random Forest,1.0
Random Forest,1.0
Random Forest,1.0
Random Forest,1.0
Random Forest,1.0
Random Forest,1.0
Random Forest,1.0
Random Forest,1.0
Random Forest,1.0
Random Forest,1.0
Random Forest,1.0
Random Forest,1.0
Random Forest,1.0
Random Forest,0.99
Random Forest,1.0
Random Forest,1.0
Random Forest,1.0
Random Forest,1.0
Random Forest,0.99
Random Forest,1.0
Random Forest,1.0
Random Forest,1.0
Random Forest,1.0
Random Forest,1.0
Random Forest,1.0
Random Forest,1.0
Random Forest,1.0
Random Forest,1.0
Random Forest,1.0
Random Forest,1.0
Random Forest,1.0
Random Forest,0.99
Random Forest,1.0
Random Forest,1.0
Random Forest,1.0
Random Forest,1.0
Random Forest,1.0
Random Forest,1.0
Random Forest,1.0
Random Forest,1.0
Random Forest,1.0
Random Forest,1.0
Random Forest,1.0
Random Forest,1.0
Random Forest,1.0
Random Forest,1.0
Random Forest,1.0
Random Forest,1.0
Random Forest,1.0
Random Forest,1.0
Random Forest,1.0
Random Forest,1.0
Random Forest,1.0
Random Forest,1.0
Random Forest,1.0
Random Forest,1.0
Random Forest,1.0
Random Forest,1.0
Random Forest,1.0
Random Forest,1.0
Random Forest,1.0
Random Forest,1.0
Random Forest,1.0
Random Forest,1.0
Random Forest,1.0
Random Forest,1.0
Random Forest,1.0
Random Forest,1.0
Random Forest,1.0
Random Forest,1.0
Random Forest,1.0
Random Forest,1.0
Random Forest,1.0
Random Forest,1.0
Random Forest,1.0
Random Forest,1.0
Random Forest,1.0
Random Forest,1.0
Random Forest,1.0
Random Forest,1.0
Random Forest,1.0
Random Forest,1.0
Random Forest,1.0
Random Forest,1.0
Random Forest,1.0
Random Forest,1.0
Random Forest,1.0
Random Forest,1.0
Random Forest,1.0
Random Forest,1.0
Random Forest,1.0
Random Forest,1.0
Random Forest,1.0
Random Forest,1.0
Random Forest,1.0
Random Forest,1.0
Random Forest,1.0
Random Forest,1.0
Random Forest,1.0
Random Forest,1.0
Random Forest,1.0
Random Forest,1.0
Random Forest,1.0
Random Forest,1.0
Random Forest,1.0
Random Forest,1.0
Random Forest,1.0
Random Forest,1.0
Random Forest,1.0
Random Forest,1.0
Random Forest,1.0
Random Forest,1.0
Random Forest,1.0
Random Forest,1.0
Random Forest,1.0
Random Forest,0.99
Random Forest,1.0
Random Forest,1.0
Random Forest,1.0
Random Forest,1.0
Random Forest,1.0
Random Forest,1.0
Random Forest,1.0
Random Forest,1.0
Random Forest,1.0
Random Forest,1.0
Random Forest,1.0
Random Forest,1.0
Random Forest,1.0
Random Forest,1.0
Random Forest,1.0
Random Forest,0.99
Random Forest,1.0
Random Forest,1.0
Random Forest,1.0
Random Forest,1.0
Random Forest,1.0
Random Forest,1.0
Random Forest,1.0
Random Forest,1.0
Random Forest,1.0
Random Forest,1.0
Random Forest,1.0
Random Forest,1.0
Random Forest,1.0
Random Forest,1.0
Random Forest,1.0
Random Forest,1.0
Random Forest,1.0
Random Forest,1.0
Random Forest,1.0
Random Forest,1.0
Random Forest,1.0
Random Forest,1.0
Random Forest,1.0
Random Forest,1.0
Random Forest,1.0
Random Forest,1.0
Random Forest,1.0
Random Forest,1.0
Random Forest,1.0
Random Forest,1.0
Random Forest,1.0
Random Forest,1.0
Random Forest,1.0
Random Forest,1.0
Random Forest,1.0
Random Forest,0.99
Random Forest,1.0
Random Forest,1.0
Random Forest,1.0
Random Forest,1.0
Random Forest,1.0
Random Forest,1.0
Random Forest,1.0
Random Forest,1.0
Random Forest,1.0
Random Forest,1.0
Random Forest,1.0
Random Forest,1.0
Random Forest,1.0
Random Forest,0.99
Random Forest,1.0
Random Forest,1.0
Random Forest,1.0
Random Forest,1.0
Random Forest,1.0
Random Forest,1.0
Random Forest,1.0
Random Forest,1.0
Random Forest,1.0
Random Forest,1.0
Random Forest,1.0
Random Forest,1.0
Random Forest,1.0
Random Forest,1.0
Random Forest,1.0
Random Forest,1.0
Random Forest,1.0
Random Forest,1.0
Random Forest,1.0
Random Forest,1.0
Random Forest,1.0
Random Forest,1.0
Random Forest,1.0
Random Forest,1.0
Random Forest,1.0
Random Forest,1.0
Random Forest,1.0
Random Forest,1.0
Random Forest,1.0
Random Forest,1.0
Random Forest,1.0
Random Forest,1.0
Random Forest,1.0
Random Forest,1.0
Random Forest,1.0
Random Forest,1.0
Random Forest,1.0
Random Forest,1.0
Random Forest,1.0
Random Forest,1.0
Random Forest,1.0
Random Forest,1.0
Random Forest,1.0
Random Forest,1.0
Random Forest,1.0
Random Forest,1.0
Random Forest,1.0
Random Forest,1.0
Random Forest,1.0
Random Forest,1.0
Random Forest,0.99
Random Forest,1.0
Random Forest,1.0
Random Forest,1.0
Random Forest,1.0
Random Forest,1.0
Random Forest,1.0
Random Forest,1.0
Random Forest,1.0
Random Forest,1.0
Random Forest,1.0
Random Forest,1.0
Random Forest,1.0
Random Forest,1.0
Random Forest,1.0
Random Forest,1.0
Random Forest,1.0
Random Forest,1.0
Random Forest,1.0
Random Forest,1.0
Random Forest,1.0
Random Forest,1.0
Random Forest,1.0
Random Forest,1.0
Random Forest,1.0
Random Forest,1.0
Random Forest,1.0
Random Forest,1.0
Random Forest,1.0
Random Forest,1.0
Random Forest,1.0
Random Forest,1.0
Random Forest,1.0
Random Forest,1.0
Random Forest,1.0
Random Forest,1.0
Random Forest,1.0
Random Forest,1.0
Random Forest,1.0
Random Forest,1.0
Random Forest,1.0
Random Forest,1.0
Random Forest,1.0
Random Forest,1.0
Random Forest,1.0
Random Forest,1.0
Random Forest,1.0
Random Forest,1.0
Random Forest,1.0
Random Forest,1.0
Random Forest,1.0
Random Forest,1.0
Random Forest,1.0
Random Forest,1.0
Random Forest,1.0
Random Forest,1.0
Random Forest,1.0
Random Forest,1.0
Random Forest,1.0
Random Forest,1.0
Random Forest,1.0
Random Forest,1.0
Random Forest,1.0
Random Forest,1.0
Random Forest,1.0
Random Forest,1.0
Random Forest,1.0
Random Forest,1.0
Random Forest,1.0
Random Forest,1.0
Random Forest,1.0
Random Forest,1.0
Random Forest,1.0
Random Forest,1.0
Random Forest,1.0
Random Forest,1.0
Random Forest,1.0
Random Forest,1.0
Random Forest,1.0
Random Forest,1.0
Random Forest,1.0
Random Forest,1.0
Random Forest,1.0
Random Forest,1.0
Random Forest,1.0
Random Forest,1.0
Random Forest,1.0
Random Forest,1.0
Random Forest,1.0
Random Forest,1.0
Random Forest,1.0
Random Forest,1.0
Random Forest,1.0
Random Forest,1.0
Random Forest,1.0
Random Forest,1.0
Random Forest,1.0
Random Forest,1.0
Random Forest,1.0
Random Forest,1.0
Random Forest,1.0
Random Forest,1.0
Random Forest,1.0
Random Forest,1.0
Random Forest,1.0
Random Forest,1.0
Random Forest,1.0
Random Forest,1.0
Random Forest,1.0
Random Forest,1.0
Random Forest,1.0
Random Forest,1.0
Random Forest,1.0
Random Forest,1.0
Random Forest,1.0
Random Forest,1.0
Random Forest,1.0
Random Forest,1.0
Random Forest,1.0
Random Forest,1.0
Random Forest,1.0
Random Forest,1.0
Random Forest,1.0
Random Forest,1.0
Random Forest,1.0
Random Forest,1.0
Random Forest,1.0
Random Forest,1.0
Random Forest,1.0
Random Forest,1.0
Random Forest,1.0
Random Forest,1.0
Random Forest,1.0
Random Forest,1.0
Random Forest,1.0
Random Forest,1.0
Random Forest,1.0
Random Forest,1.0
Random Forest,1.0
Random Forest,1.0
Random Forest,1.0
Random Forest,1.0
Random Forest,1.0
Random Forest,1.0
Random Forest,1.0
Random Forest,1.0
Random Forest,1.0
Random Forest,0.99
Random Forest,1.0
Random Forest,1.0
Random Forest,1.0
Random Forest,1.0
Random Forest,1.0
Random Forest,1.0
Random Forest,1.0
Random Forest,1.0
Random Forest,1.0
Random Forest,1.0
Random Forest,1.0
Random Forest,1.0
Random Forest,1.0
Random Forest,1.0
Random Forest,1.0
Random Forest,1.0
Random Forest,1.0
Random Forest,1.0
Random Forest,1.0
Random Forest,1.0
Random Forest,1.0
Random Forest,1.0
Random Forest,1.0
Random Forest,1.0
Random Forest,1.0
Random Forest,1.0
Random Forest,1.0
Random Forest,1.0
Random Forest,1.0
Random Forest,1.0
Random Forest,1.0
Random Forest,1.0
Random Forest,1.0
Random Forest,1.0
Random Forest,1.0
Random Forest,1.0
Random Forest,1.0
Random Forest,1.0
Random Forest,1.0
Random Forest,1.0
Random Forest,1.0
Random Forest,1.0
Random Forest,1.0
Random Forest,1.0
Random Forest,1.0
Random Forest,1.0
Random Forest,1.0
Random Forest,1.0
Random Forest,1.0
Random Forest,1.0
Random Forest,1.0
Random Forest,1.0
Random Forest,1.0
Random Forest,1.0
Random Forest,1.0
Random Forest,1.0
Random Forest,1.0
Random Forest,1.0
Random Forest,0.99
Random Forest,1.0
Random Forest,1.0
Random Forest,1.0
Random Forest,1.0
Random Forest,1.0
Random Forest,1.0
Random Forest,1.0
Random Forest,1.0
Random Forest,1.0
Random Forest,1.0
Random Forest,1.0
SVM,0.998098410311172
SVM,0.9989643678961413
SVM,0.9979963466815007
SVM,0.9989574984623655
SVM,0.9980766646364809
SVM,0.9981699223622078
SVM,0.9991018091407154
SVM,0.9981294123655904
SVM,0.9990642400075952
SVM,0.9982567045769304
SVM,0.9991712450036456
SVM,0.9980283000200446
SVM,0.9981548117056466
SVM,0.9989016230165186
SVM,0.9990285488607601
SVM,0.9990676272084571
SVM,0.9990182916538503
SVM,0.9991029748136869
SVM,0.9981135715181683
SVM,0.9982281239809032
SVM,0.999007977474381
SVM,0.9980943252694183
SVM,0.9981978188219319
SVM,0.9982734495951379
SVM,0.9982647564555286
SVM,0.9989867283356911
SVM,0.998133756256683
SVM,0.998973210003187
SVM,0.998960044133684
SVM,0.9988505706131117
SVM,0.9989572328865357
SVM,0.9989332773063577
SVM,0.9991082157526392
SVM,0.9991380594194974
SVM,0.9982506751644762
SVM,0.9991584352325656
SVM,0.9982195073826265
SVM,0.9981090511387908
SVM,0.9981104181169901
SVM,0.9990041095274768
SVM,0.9990185072075967
SVM,0.9981199585941545
SVM,0.9990738029050515
SVM,0.9990395679424008
SVM,0.9984445758301449
SVM,0.9990862791704693
SVM,0.9990746725048156
SVM,0.9990471529955449
SVM,0.9992593390040723
SVM,0.998188095830859
SVM,0.9982941990811008
SVM,0.9989695407510567
SVM,0.9983309272785806
SVM,0.9991326093309489
SVM,0.9991062561453671
SVM,0.9986154064129282
SVM,0.9978085684084228
SVM,0.9979795078864132
SVM,0.9981756499003499
SVM,0.9991632476237932
SVM,0.9983483759781704
SVM,0.9991276251760999
SVM,0.9981171853970814
SVM,0.9982793692484094
SVM,0.9982366045516539
SVM,0.9983660703714687
SVM,0.9989701508176216
SVM,0.9982408592905383
SVM,0.9989898680931661
SVM,0.9982892947385167
SVM,0.9982782128524663
SVM,0.9989837598301896
SVM,0.9981794760527192
SVM,0.9982699396749986
SVM,0.9989740201327519
SVM,0.9989708570727993
SVM,0.9982490107050186
SVM,0.999059844786134
SVM,0.9990546150674051
SVM,0.9981391242216031
SVM,0.9990302922860568
SVM,0.9990726455781743
SVM,0.9983035288160025
SVM,0.9981839208861292
SVM,0.9982452942586505
SVM,0.9982359215648637
SVM,0.9983035932725597
SVM,0.9991060746795322
SVM,0.9990324596144644
SVM,0.998028573748492
SVM,0.9982753842263407
SVM,0.99815545794235
SVM,0.9989689254698313
SVM,0.9991350932711253
SVM,0.998192251292332
SVM,0.9982438827997816
SVM,0.9990692281481145
SVM,0.9982528492688205
SVM,0.9983948931691182
SVM,0.9986157391873135
SVM,0.9988820573261987
SVM,0.9990283237125934
SVM,0.9990479294610971
SVM,0.9980475535043045
SVM,0.9990455262871741
SVM,0.9990224896981814
SVM,0.9990725148032652
SVM,0.9990277626521686
SVM,0.999179878634124
SVM,0.9988415360257973
SVM,0.9991490569295625
SVM,0.9980663641833534
SVM,0.9982478341821249
SVM,0.9984267889898255
SVM,0.9991541896541876
SVM,0.9991808519163167
SVM,0.9984522605643329
SVM,0.9990462848220583
SVM,0.9991915814989094
SVM,0.9981382232102604
SVM,0.9982420632687221
SVM,0.9981861497966218
SVM,0.9981110284257362
SVM,0.9990613500614351
SVM,0.9988982669755275
SVM,0.9982153195774821
SVM,0.9989854747725893
SVM,0.9991077985319954
SVM,0.9981001850759501
SVM,0.9989985443001158
SVM,0.9984720769391542
SVM,0.9984584430196215
SVM,0.9990485122649382
SVM,0.9991065017642956
SVM,0.9990682264587056
SVM,0.9982176518927556
SVM,0.9982107976332502
SVM,0.9981812666864476
SVM,0.9981853835947799
SVM,0.9980220510739974
SVM,0.9980828946707699
SVM,0.9990652553950522
SVM,0.9982973361515552
SVM,0.9989935593815161
SVM,0.9984215365548754
SVM,0.9989229565097038
SVM,0.9989507828655209
SVM,0.9981843199216911
SVM,0.9991756841395407
SVM,0.999141524442851
SVM,0.9981720440015064
SVM,0.9990740736555604
SVM,0.9990623403804655
SVM,0.9984221996204512
SVM,0.9989976663163909
SVM,0.999093290336736
SVM,0.9989772583865271
SVM,0.9985804457525507
SVM,0.9990678248901343
SVM,0.9981333306828628
SVM,0.9988453564415846
SVM,0.9989726516427545
SVM,0.9990319445804108
SVM,0.9982197598173246
SVM,0.9983857558217164
SVM,0.9981286947711526
SVM,0.9981853633087322
SVM,0.9981493993517491
SVM,0.999074416489053
SVM,0.9982231498276934
SVM,0.9982856603062189
SVM,0.9990084897006065
SVM,0.9984823784325128
SVM,0.9980689625514675
SVM,0.9989847623631147
SVM,0.9981107675786005
SVM,0.9991193018068574
SVM,0.9981826237725256
SVM,0.9991358186548844
SVM,0.9982553527946676
SVM,0.9980395439824609
SVM,0.9990127050716229
SVM,0.99812920589088
SVM,0.9981672025114593
SVM,0.9989747140994567
SVM,0.99906137832922
SVM,0.9981296579076158
SVM,0.9982484379533464
SVM,0.9982097397819567
SVM,0.9984524105335135
SVM,0.9990567833825779
SVM,0.9990865654202945
SVM,0.9982430842411167
SVM,0.998976589060413
SVM,0.9989421066692425
SVM,0.9991273599177619
SVM,0.9982619147877889
SVM,0.9990162913719326
SVM,0.9992425792599473
SVM,0.9983570167686038
SVM,0.9980555631653635
SVM,0.9989731179064675
SVM,0.9990938719607927
SVM,0.9992072552105645
SVM,0.999034545412593
SVM,0.9990660923857588
SVM,0.9983609120130087
SVM,0.9981402964143171
SVM,0.9981582720030063
SVM,0.9989939361796129
SVM,0.9981051571548593
SVM,0.9990489159286252
SVM,0.9990779247991408
SVM,0.9990303662165626
SVM,0.9989898601341383
SVM,0.9981766704292259
SVM,0.9981078716510599
SVM,0.9990584423105471
SVM,0.9989951966567695
SVM,0.9982079777651418
SVM,0.9990720249822894
SVM,0.9990985652397756
SVM,0.9989979648576218
SVM,0.9981480337588859
SVM,0.998237355010801
SVM,0.9983037844074112
SVM,0.9989370354747902
SVM,0.9990068455362797
SVM,0.9981961147099131
SVM,0.9990739663241577
SVM,0.9982217737758354
SVM,0.9990958638807218
SVM,0.9983154063919683
SVM,0.9981237263677567
SVM,0.9981181488495496
SVM,0.99905992397615
SVM,0.9983415845144441
SVM,0.9989980915914701
SVM,0.9982104522122797
SVM,0.9988818628200603
SVM,0.9991940834575264
SVM,0.9981993043494033
SVM,0.9990005980711179
SVM,0.9990397940560095
SVM,0.9982405656093372
SVM,0.9989225691647352
SVM,0.9990073105584812
SVM,0.9981289487655041
SVM,0.9990583070870805
SVM,0.9983051398456592
SVM,0.9983209026611954
SVM,0.9990348973727567
SVM,0.9982656953713885
SVM,0.99902635020286
SVM,0.9984124297967252
SVM,0.9983930684982649
SVM,0.9989691906633137
SVM,0.9990352447414015
SVM,0.9980932819094852
SVM,0.9983681478456912
SVM,0.9990205003276275
SVM,0.9982696487110436
SVM,0.998986140530193
SVM,0.9983986886988007
SVM,0.9981529239448521
SVM,0.9983377909433736
SVM,0.9989876107646267
SVM,0.9990837780882005
SVM,0.9990007823067344
SVM,0.9982984691888633
SVM,0.9981342660229894
SVM,0.9983258393158007
SVM,0.9991492192924486
SVM,0.9980340342096486
SVM,0.9982312382374692
SVM,0.9982431998317098
SVM,0.9990444937448771
SVM,0.9990102577336103
SVM,0.998120063084226
SVM,0.9991227039447903
SVM,0.9981035142926377
SVM,0.9982368382872551
SVM,0.9990435910204998
SVM,0.9982893158388629
SVM,0.9981411692933418
SVM,0.9990933956073433
SVM,0.9990106090485196
SVM,0.9980859281912025
SVM,0.9989603940781014
SVM,0.9990789352499106
SVM,0.9979638946276552
SVM,0.9981210942849843
SVM,0.9981988397359732
SVM,0.9982791284178123
SVM,0.999008179696679
SVM,0.9990072845197375
SVM,0.9990965889473621
SVM,0.9982367277777626
SVM,0.9983179810580071
SVM,0.9989976385516286
SVM,0.9989622133585806
SVM,0.999032307559769
SVM,0.9981596019681538
SVM,0.9982933326048787
SVM,0.9990553409569246
SVM,0.9982316396399137
SVM,0.9981676625897029
SVM,0.9981593193208669
SVM,0.9990560143139895
SVM,0.9990303352654799
SVM,0.998232536616699
SVM,0.9983087380155566
SVM,0.9982848983798978
SVM,0.9991367455235849
SVM,0.9982192085061898
SVM,0.9991585987401026
SVM,0.9981240913698393
SVM,0.998310160407982
SVM,0.9982425021540753
SVM,0.9986798167075545
SVM,0.9990192109294658
SVM,0.9981896011300643
SVM,0.9989646812696453
SVM,0.9991555191805229
SVM,0.999060401195902
SVM,0.9989998216547246
SVM,0.9982623443630324
SVM,0.9990183409552298
SVM,0.9981011036560699
SVM,0.999038285688344
SVM,0.9990376846486857
SVM,0.9989765459665261
SVM,0.998350967539104
SVM,0.9990644953348017
SVM,0.9990666452537174
SVM,0.9981209140089273
SVM,0.9990550525799851
SVM,0.9990863356799713
SVM,0.9983207485329885
SVM,0.9982705701127843
SVM,0.9982354210695401
SVM,0.9989850760533715
SVM,0.9984252165934546
SVM,0.9990080015717867
SVM,0.9990125774666879
SVM,0.9979666294325987
SVM,0.9989864688533803
SVM,0.9981739081340567
SVM,0.9982289282554305
SVM,0.9989999088617111
SVM,0.9990146022178215
SVM,0.9990714886704554
SVM,0.9980584082474075
SVM,0.9981522627544924
SVM,0.9990432941517625
SVM,0.9990532387713345
SVM,0.9985930123182513
SVM,0.9981200138535637
SVM,0.9982101577900245
SVM,0.9983124743121927
SVM,0.9990505323755923
SVM,0.9991416295422753
SVM,0.9990638732111752
SVM,0.9990536102763846
SVM,0.9991561521698811
SVM,0.9991371824186203
SVM,0.9981122262468551
SVM,0.9990806731607954
SVM,0.998408240184584
SVM,0.9990098833570457
SVM,0.9982256827982866
SVM,0.9979820348346872
SVM,0.9990069522839811
SVM,0.9981636084124983
SVM,0.9981957803069837
SVM,0.9981761599030439
SVM,0.999080463031453
SVM,0.9985102524859875
SVM,0.9982056031391966
SVM,0.9981485336813481
SVM,0.9981937743385358
SVM,0.998973294284833
SVM,0.9990799333353069
SVM,0.9983190407095062
SVM,0.9982564837127678
SVM,0.9990870794401061
SVM,0.9991725388049435
SVM,0.9981788384853658
SVM,0.9990979514409849
SVM,0.9981336726932465
SVM,0.9981385932229413
SVM,0.9983404881423397
SVM,0.9990042032784174
SVM,0.9989290633912431
SVM,0.9990694381226584
SVM,0.998953398312052
SVM,0.9980924707909482
SVM,0.9981127930583422
SVM,0.9989915613958
SVM,0.9991704790671685
SVM,0.9990111065831613
SVM,0.9990270977649836
SVM,0.9990222823398213
SVM,0.9989873354980862
SVM,0.9990175118282323
SVM,0.9981409648860229
SVM,0.9982095956822858
SVM,0.999034134974407
SVM,0.9982487500539767
SVM,0.9983277403725044
SVM,0.9992135245883175
SVM,0.9989283120442641
SVM,0.9981614519523319
SVM,0.9991017356440036
SVM,0.9990659718205588
SVM,0.9984429393541754
SVM,0.9989087016499985
SVM,0.9990265912896736
SVM,0.9990498629042225
SVM,0.9981923748055586
SVM,0.998820499467444
SVM,0.998932588681243
SVM,0.9982250182732461
SVM,0.9990060671607995
SVM,0.9983052308442504
SVM,0.9982185782040884
SVM,0.9982042063058291
SVM,0.9982725940177006
SVM,0.9981840567270138
SVM,0.9983406182607866
SVM,0.9990607492893842
SVM,0.9984498587561605
SVM,0.9981781151254168
SVM,0.9991610444535273
SVM,0.9982612336257246
SVM,0.9982820842394078
SVM,0.9981795109562326
SVM,0.9991175669238107
SVM,0.99897018716233
SVM,0.9978893396316819
SVM,0.9990251873013042
SVM,0.9990688001846946
SVM,0.9982798194609834
SVM,0.9989826989524204
SVM,0.9981341774736864
SVM,0.9991010006451688
SVM,0.999034163767749
SVM,0.9982449896495836
SVM,0.9991181085015566
SVM,0.9984873309955177
SVM,0.9990089871244615
SVM,0.9982540860126068
SVM,0.999025759422366
SVM,0.9984966076487289
SVM,0.9983519973761282
SVM,0.9981248712645178
SVM,0.9989494262946966
SVM,0.9982428475312213
SVM,0.9981296038152283
SVM,0.9989017062127148
SVM,0.9990697611768639
SVM,0.9991315973808899
SVM,0.9990683903533426
SVM,0.9981614934771587
SVM,0.9989879374279038
SVM,0.9989428885926476
SVM,0.9989343677174896
SVM,0.9990238533385252
SVM,0.9991652445868275
SVM,0.9990029716903853
SVM,0.9990530319123561
SVM,0.9991394621313999
SVM,0.9989036708023764
SVM,0.9981779179668504
SVM,0.9984568326003037
SVM,0.9991296845298774
SVM,0.9991146579068308
SVM,0.9991562888465959
SVM,0.9991063232036759
SVM,0.9983041631322523
SVM,0.9985841669180349
SVM,0.9983640854197885
SVM,0.9991047429325368
SVM,0.9990819734601855
SVM,0.9981351329242842
SVM,0.9982513183216856
SVM,0.9991499374919494
SVM,0.9989345172092887
SVM,0.999081312661574
SVM,0.9991036212903446
SVM,0.9983029498536127
SVM,0.9989844383957349
SVM,0.9981480547275308
SVM,0.9990633913468614
SVM,0.9989529651703801
SVM,0.9990088631291038
SVM,0.9982586702726802
SVM,0.9989918787515695
SVM,0.9979943912339513
SVM,0.9990355596558638
SVM,0.9983595643755617
SVM,0.999119156641562
SVM,0.9990720623922418
SVM,0.9979347385990387
SVM,0.9981715835671187
SVM,0.9983844153773932
SVM,0.9981785120726154
SVM,0.9990376690185034
SVM,0.9983086498521802
SVM,0.9981823257190767
SVM,0.9990926405838355
SVM,0.9990125372320262
SVM,0.999088115873688
SVM,0.998102303517775
SVM,0.9980861337665257
SVM,0.9980970830431785
SVM,0.9991075443652191
SVM,0.9990337851432678
SVM,0.99825866593648
SVM,0.9982374761748792
SVM,0.9980837449214267
SVM,0.9991277060561632
SVM,0.9980970201961835
SVM,0.9990363340142137
SVM,0.9989730082145345
SVM,0.9989839437850312
SVM,0.9990921823736828
SVM,0.9992346472749819
SVM,0.9989851953870226
SVM,0.9983016928719382
SVM,0.9981892454808394
SVM,0.9981798310690003
SVM,0.9987983253273327
SVM,0.9990164399936301
SVM,0.9992324745798479
SVM,0.9983823426070195
SVM,0.9981500314408805
SVM,0.9991092648212498
SVM,0.9989588314197195
SVM,0.9984769415379231
SVM,0.9992453522947302
SVM,0.9982468703559683
SVM,0.9982390459176342
SVM,0.9982080824910167
SVM,0.9985028201988557
SVM,0.9990653507227769
SVM,0.9990298879940035
SVM,0.9981073834391788
SVM,0.9983192337445252
SVM,0.9981803996714756
SVM,0.9990986826649516
SVM,0.9990501372704031
SVM,0.9991184254434424
SVM,0.9981878979174329
SVM,0.9989255943641737
SVM,0.9982457144555745
SVM,0.9982778406597843
SVM,0.9982296145736521
SVM,0.999049229948605
SVM,0.998295515833948
SVM,0.9990810882669325
SVM,0.9980781053027448
SVM,0.9991563941062924
SVM,0.9991238252706717
SVM,0.9989452287804635
SVM,0.998191264070811
SVM,0.9982002535170935
SVM,0.9990239001452099
SVM,0.9981594413808921
SVM,0.9990440149838025
SVM,0.9982168429009134
SVM,0.9984593874654648
SVM,0.9982540206899448
SVM,0.9980980886203692
SVM,0.9990984533472045
SVM,0.9982205673123585
SVM,0.9989533729608482
SVM,0.9980650855984681
SVM,0.9984047799356442
SVM,0.9980902124028537
SVM,0.9983251985883281
SVM,0.9984015814097222
SVM,0.9984921195496984
SVM,0.9990090449822
SVM,0.9991030927571071
SVM,0.9991521103035506
SVM,0.9982952798047595
SVM,0.998296621883787
SVM,0.9989782097808891
SVM,0.9990930746034851
SVM,0.9982784660770033
SVM,0.999095658849314
SVM,0.9982830702424705
SVM,0.9985287054839433
SVM,0.9983110791182648
SVM,0.9990737059946326
SVM,0.9981832366214036
SVM,0.9981633776988896
SVM,0.9990533929182641
SVM,0.9990746062378598
SVM,0.9990979222303894
SVM,0.9990424990355423
SVM,0.9990295181359945
SVM,0.9982510581323722
SVM,0.9982074831298625
SVM,0.9980634424719966
SVM,0.9981965765425354
SVM,0.9981548921212251
SVM,0.9990287777085669
SVM,0.9981535635444484
SVM,0.9982671443398556
SVM,0.9990086345408777
SVM,0.9989697127122128
SVM,0.9982002421660976
SVM,0.9980759490585104
SVM,0.998169944875464
SVM,0.9982721823803745
SVM,0.9983632513838308
SVM,0.9988894569629381
SVM,0.9991428252995824
SVM,0.9982425250662083
SVM,0.9981536302448358
SVM,0.9990313821454428
SVM,0.9990711140589091
SVM,0.9981201533833464
SVM,0.998204808342787
SVM,0.998025374858344
SVM,0.9981219503172284
SVM,0.9990513990859556
SVM,0.9981893650118208
SVM,0.9990530316917454
SVM,0.998221630942485
SVM,0.9990647553900439
SVM,0.99800486867352
SVM,0.9990476592719102
SVM,0.9991964100902473
SVM,0.9981615115594596
SVM,0.998120927101529
SVM,0.9990344122151626
SVM,0.9983183609222748
SVM,0.998193377503575
SVM,0.9990877390110035
SVM,0.9988980580039171
SVM,0.9980110739586425
SVM,0.9985217233331264
SVM,0.9983982112957088
SVM,0.9989631590860928
SVM,0.9991830596600446
SVM,0.9981856314240526
SVM,0.9984159272260591
SVM,0.9983403881430089
SVM,0.998122947574344
SVM,0.998085490953805
SVM,0.9981383548342586
SVM,0.9982859488245142
SVM,0.9990092546081236
SVM,0.9980220036364758
SVM,0.9980459416281651
SVM,0.9987638175413762
SVM,0.9990075964396412
SVM,0.9990002048853054
SVM,0.9990136583812527
SVM,0.9983146067361787
SVM,0.9988834221524467
SVM,0.998315009749293
SVM,0.9981751891637174
SVM,0.9990518341665245
SVM,0.9982129513245395
SVM,0.9991996784999962
SVM,0.9991569820054126
SVM,0.9989477901446155
SVM,0.9982402631876971
SVM,0.999014014670489
SVM,0.9991203940643058
SVM,0.9989149038329673
SVM,0.998937842224651
SVM,0.9978987453641945
SVM,0.9990533789147996
SVM,0.9990081492166742
SVM,0.9983859508257297
SVM,0.9982180211657491
SVM,0.9981579042237811
SVM,0.9989968451211807
SVM,0.9981748496970134
SVM,0.9982446475577591
SVM,0.9981426425627765
SVM,0.9982410177071337
SVM,0.9982765782063794
SVM,0.9981887282276144
SVM,0.9979788343206444
SVM,0.9990423730854803
SVM,0.9990241962156372
SVM,0.9990194028427487
SVM,0.998055665750108
SVM,0.9982953389013632
SVM,0.9980342599840768
SVM,0.9991570533326033
SVM,0.9984346234571577
SVM,0.9990884576289554
SVM,0.9990592574280296
SVM,0.9981477571317459
SVM,0.9982148691954622
SVM,0.9990518874426808
SVM,0.9983016890171068
SVM,0.9990211093614747
SVM,0.9981795592484579
SVM,0.9990766107104294
SVM,0.9989881538211378
SVM,0.9990527704384435
SVM,0.999051497632182
SVM,0.9990986689216458
SVM,0.9984410369163091
SVM,0.9991254356473309
SVM,0.9990711381379924
SVM,0.9990822159079787
SVM,0.9990590814003333
SVM,0.9983460881779884
SVM,0.9990967152406671
SVM,0.9990088353682147
SVM,0.998299188606725
SVM,0.9990762746545301
SVM,0.9983557589169114
SVM,0.9991761972559623
SVM,0.9986017349637809
SVM,0.9982757094134339
SVM,0.9990965005697718
SVM,0.9989649928725104
SVM,0.9990781010656049
SVM,0.9989473475821316
SVM,0.9990326504462835
SVM,0.9990448909116811
SVM,0.9991119944955713
SVM,0.9990971145103764
SVM,0.9990579475398242
SVM,0.9981045752557541
SVM,0.9990374064411925
SVM,0.9981285357880602
SVM,0.9979478812627487
SVM,0.9990186378439556
SVM,0.9990716863591358
SVM,0.9991092512689468
SVM,0.9982609505884603
SVM,0.9990092512760584
SVM,0.9991126493490026
SVM,0.9990680122826714
SVM,0.9988735720869556
SVM,0.9989986342474391
SVM,0.9991029974508416
SVM,0.9982544931399921
SVM,0.9983477273049257
SVM,0.9985139332357285
SVM,0.9980975150078016
SVM,0.9982722682395055
SVM,0.9990310156066823
SVM,0.9982595301235705
SVM,0.9990080739674081
SVM,0.9982033838940041
SVM,0.9981057010697733
SVM,0.9990025748877244
SVM,0.998215541311527
SVM,0.99827834281257
SVM,0.9990380088330959
SVM,0.9990639912705885
SVM,0.998179463669107
SVM,0.9981177897023537
SVM,0.9981879167542196
SVM,0.9982590870061125
SVM,0.9983115087277448
SVM,0.9990093587165756
SVM,0.9982259336366038
SVM,0.9991696546335035
SVM,0.9981975256168669
SVM,0.9982969497274603
SVM,0.9982305931652824
SVM,0.9991254491600475
SVM,0.9990850294055041
SVM,0.9981819449941977
SVM,0.997962394101981
SVM,0.9989780837590635
SVM,0.9990874268116976
SVM,0.9989863873342173
SVM,0.9991161496997565
SVM,0.9990727139735288
SVM,0.9990144502130074
SVM,0.9989412343234652
SVM,0.9981420668704658
SVM,0.9990675390337216
SVM,0.9989989682661846
SVM,0.998019694150115
SVM,0.9990249801380433
SVM,0.9983017716959386
SVM,0.9981885512400958
SVM,0.9991286738369736
SVM,0.9980838803283382
SVM,0.9989720016611507
SVM,0.9990669207473456
SVM,0.9990310268190873
SVM,0.9981346310658934
SVM,0.9981932270774297
SVM,0.9988992803462177
SVM,0.9989886027162764
SVM,0.9979400373873547
SVM,0.9989989799854359
SVM,0.9989128366282685
SVM,0.9979894599439685
SVM,0.9991139678830165
SVM,0.9990748439256872
SVM,0.9983540023595561
SVM,0.9990713524992211
SVM,0.9990086930279418
SVM,0.9981150643723865
SVM,0.998947046633677
SVM,0.9981895795372926
SVM,0.9989041198064708
SVM,0.9981868512866674
SVM,0.9981854463336035
SVM,0.998176382369121
SVM,0.9981798821270675
SVM,0.9981794620168335
SVM,0.9982220906966296
SVM,0.9981370235978722
SVM,0.9990539862965196
SVM,0.9982125146171376
SVM,0.9991859914402206
SVM,0.9990102403861391
SVM,0.9990803249831852
SVM,0.9980685515984871
SVM,0.9982789539933364
SVM,0.9990870127225225
SVM,0.9990490840916797
SVM,0.9979934526908657
SVM,0.9990967760083193
SVM,0.9990317289586205
SVM,0.9989559531233345
SVM,0.9990630602311719
SVM,0.9990830721127789
SVM,0.9990201772683008
SVM,0.9980371256086696
SVM,0.9989229703419102
SVM,0.9982931092658068
SVM,0.9991341122197026
SVM,0.9988042427897327
SVM,0.9982182246464184
SVM,0.9989226352491295
SVM,0.9989850149885188
SVM,0.9989337095634685
SVM,0.9990339937668388
SVM,0.9982529623148956
SVM,0.9983823643158548
SVM,0.9989778448977471
SVM,0.9982491694681223
SVM,0.9989583304893725
SVM,0.9990367048461938
SVM,0.9990967485922223
SVM,0.9990530061126266
SVM,0.9981852005320988
SVM,0.9983242593393417
SVM,0.9991434565967291
SVM,0.9991749733064024
SVM,0.9981974173929824
SVM,0.9991326155118235
SVM,0.9989746564799239
SVM,0.9991399635063498
SVM,0.9984212638258665
SVM,0.9983658821834884
SVM,0.9990127294884804
SVM,0.9989640395735288
SVM,0.9982894251347416
SVM,0.9991359841456564
SVM,0.9983537505792084
SVM,0.9990434278497234
SVM,0.9981991188100233
SVM,0.998468943746358
SVM,0.9982108907723237
SVM,0.9989809216623626
SVM,0.9991303330114537
SVM,0.9992840029411317
SVM,0.9990757846416958
SVM,0.9991421640981504
SVM,0.998152104428328
SVM,0.9981187820623202
SVM,0.998403914553777
SVM,0.9982765492508875
SVM,0.9983278931854034
SVM,0.9989289045861811
SVM,0.9981290592211776
SVM,0.9990907700289171
SVM,0.9982356260293029
SVM,0.9990777991206098
SVM,0.9989958743628813
SVM,0.9981995806749169
SVM,0.9981945047525844
SVM,0.9989887441091391
SVM,0.9990142040307394
SVM,0.9990395833643584
SVM,0.9982301183932988
SVM,0.9989719265387595
SVM,0.998120209646199
SVM,0.9989974734303045
SVM,0.9991400978571907
SVM,0.9990582867104172
SVM,0.9983791553144273
SVM,0.998070265144492
SVM,0.9991418747086731
SVM,0.9990282324247225
SVM,0.9982181467071888
SVM,0.9981230234228311
SVM,0.9990800917477662
SVM,0.9982894219216067
SVM,0.998116488784461
SVM,0.9979994107736687
SVM,0.9983986440058082
SVM,0.9980878305098599
SVM,0.9983079479137592
SVM,0.9990403747622583
SVM,0.9990304524465381
SVM,0.9989995740785316
SVM,0.9983768780748534
SVM,0.9985635623863673
SVM,0.998468918384199
SVM,0.9982123248788429
SVM,0.9980989195194553
SVM,0.9989695695831683
SVM,0.999118485567869
SVM,0.9992058143563638
SVM,0.9981096304379641
SVM,0.9990184390165204
SVM,0.9991103832810271
SVM,0.9990438635566677
SVM,0.9981921427176943
SVM,0.9982250423398605
SVM,0.9982277967226543
SVM,0.9982468332530743
SVM,0.9981433819282485
SVM,0.9990521799043
SVM,0.9990244429034583
SVM,0.9990862461082953
SVM,0.997892636728191
SVM,0.9990019176624688
SVM,0.9984095092131305
SVM,0.9978533231467546
SVM,0.9982187924027819
SVM,0.9990012023757526
SVM,0.9980692151863902
SVM,0.998293106356283
SVM,0.9981534190944439
SVM,0.9982833509769448
SVM,0.9982339818009557
SVM,0.99891018197076
SVM,0.9982609142382678
SVM,0.998259495685949
SVM,0.9987649882848103
SVM,0.9983465010848562
SVM,0.9989888596494415
SVM,0.9982546793348982
SVM,0.9982285595438614
SVM,0.998149627935625
SVM,0.9990509418784572
SVM,0.9990197762938202
SVM,0.9981609392571424
SVM,0.9990805088396757
SVM,0.9991049822355667
SVM,0.9980075476459266
SVM,0.999034858476463
SVM,0.9982895437656403
SVM,0.9981966657528064
SVM,0.998975628161937
SVM,0.9990422328734201
SVM,0.9990229688152921
SVM,0.9990364217066334
SVM,0.9990181056909417
SVM,0.9981672390358515
SVM,0.9990776098356043
SVM,0.9989659498535216
SVM,0.9982994185172037
SVM,0.9989927680368961
SVM,0.9990845599714367
SVM,0.9982250429358853
SVM,0.998049429857989
SVM,0.998348778923391
SVM,0.9990436371408793
SVM,0.999085351502986
SVM,0.9980697386319788
SVM,0.9990790622733454
SVM,0.9991539084901973
SVM,0.9990195604971819
SVM,0.9990169787610016
SVM,0.9980288007214181
SVM,0.9981633858054358
SVM,0.9991289853100289
SVM,0.9991106039520659
SVM,0.9981225309202643
SVM,0.9990215952812305
SVM,0.9981605146508864
SVM,0.9981499803632617
SVM,0.9990194153588197
SVM,0.998343445249094
SVM,0.9990398296513364
SVM,0.9981744356359604
SVM,0.9990544113138936
SVM,0.9990197565988395
SVM,0.9990873200768503
SVM,0.9990128297417684
SVM,0.9989634041458888
SVM,0.9991248425919119
SVM,0.999077049229855
SVM,0.9982453025890908
SVM,0.9983041282952971
SVM,0.9977760775603632
SVM,0.9991578560683863
SVM,0.9989501170111872
SVM,0.998077160141022
SVM,0.9983387194127676
SVM,0.9990219096291624
SVM,0.9990859038634895
SVM,0.9990886522188248
SVM,0.9991144866922888
SVM,0.9981988267502354
SVM,0.9990338316959898
SVM,0.9991289182208958
SVM,0.9989072801844628
SVM,0.9991554944988872
SVM,0.9991865842368817
SVM,0.998827900901194
SVM,0.998306876555483
SVM,0.9984460848907034
SVM,0.9982411946234064
SVM,0.999115806854569
SVM,0.9982873950763557
SVM,0.9980135466802406
SVM,0.9980149243541472
SVM,0.9989889550323563
SVM,0.998341994072675
SVM,0.999128009537212
SVM,0.9990177712018792
SVM,0.9983731552942281
SVM,0.9990153423553793
SVM,0.9990398794208291
SVM,0.9980023962704813
SVM,0.9990321364727736
SVM,0.9982604743149043
SVM,0.9983319177919165
SVM,0.9990017424665328
SVM,0.9981512390667332
SVM,0.9980741968482668
SVM,0.9980480574105449
SVM,0.9990678518651013
SVM,0.999076229168485
SVM,0.9990908126583072
SVM,0.9991633285321677
SVM,0.9990091278068582
SVM,0.9981965030585572
SVM,0.9989138386861415
SVM,0.9979927297656275
SVM,0.997926809711949
SVM,0.9984127685249982
SVM,0.9982490531959352
SVM,0.9982137494591787
SVM,0.9982158906712277
SVM,0.9989786377714462
SVM,0.998330558938267
SVM,0.9981668104920649
SVM,0.9983123898057176
SVM,0.9984004115612546
SVM,0.9983211628815868
SVM,0.9981994089807147
SVM,0.9981649225412186
SVM,0.9989834075592207
SVM,0.9991174353205787
SVM,0.9990934664593464
SVM,0.9990847641734343
SVM,0.998254636954328
SVM,0.9990626925436874
SVM,0.9982815556236441
SVM,0.999148096523251
SVM,0.9990313955739509
SVM,0.9990345260063908
SVM,0.9988799920337808
SVM,0.9990823536888106
SVM,0.999123799004472
SVM,0.9991123853997088
SVM,0.9982495442418718
SVM,0.9991316987205898
SVM,0.9989710096470915
SVM,0.9983447019466739
SVM,0.9991228108243364
SVM,0.9992725965823522
SVM,0.9982376458450537
SVM,0.9990850475999336
SVM,0.9989921289496015
SVM,0.9983701818742773
SVM,0.9981324178781781
SVM,0.9992165807689959
SVM,0.9983396757963717
SVM,0.9983518923255981
SVM,0.998198408870215
SVM,0.9990107736244502
SVM,0.9990265481268489
SVM,0.9990555686326614
SVM,0.9982084194211824
SVM,0.9991102722039434
SVM,0.998177211421709
SVM,0.9991193036339828
SVM,0.9982076192479443
SVM,0.9986180860272154
SVM,0.9981079404905919
SVM,0.9990092282103558
SVM,0.9980293403073446
SVM,0.9990158902855238
SVM,0.9990367915827619
SVM,0.9989994661657082
SVM,0.9982414403688011
SVM,0.9990815136802065
SVM,0.9983901724314054
SVM,0.9980816857993544
SVM,0.9990153469453109
SVM,0.9983086657332692
SVM,0.9990107074309155
SVM,0.9991276419679396
SVM,0.999088789640614
SVM,0.9991246065075465
SVM,0.9990489429099062
SVM,0.9990872722804738
SVM,0.9989509481966907
SVM,0.998161577552304
SVM,0.998346751387912
SVM,0.9990149798567328
SVM,0.9989811486013236
SVM,0.999046364678182
SVM,0.9990246044837908
SVM,0.9990906167945457
SVM,0.9991255102607293
SVM,0.9982495429493993
SVM,0.998211779292063
SVM,0.9990899226490637
SVM,0.9982960815931181
SVM,0.999125537748545
SVM,0.998968720424665
SVM,0.9990748708609989
SVM,0.9990821074978402
SVM,0.9981091407736692
SVM,0.9990184672628019
SVM,0.9982777173544306
SVM,0.999118448701795
SVM,0.998303530175761
SVM,0.9990967407988001
SVM,0.9983341338744485
SVM,0.9990571646749515
SVM,0.9990326319414997
SVM,0.9990783728958703
SVM,0.9980707328124447
SVM,0.9977349892539269
SVM,0.9989532232484886
SVM,0.9982308601625256
SVM,0.9981390124566689
SVM,0.9981718589657671
SVM,0.9989266523013585
SVM,0.9991460079434024
SVM,0.9990711962419168
SVM,0.9989592301109042
SVM,0.998298634956346
SVM,0.9990865650632689
SVM,0.9983648146199476
SVM,0.9991115162269434
SVM,0.998249801897394
SVM,0.9992051539555081
SVM,0.9989861975541132
SVM,0.9981709418378042
SVM,0.9982693307251456
SVM,0.9990338524729949
SVM,0.9988688993729509
SVM,0.9982047821560787
SVM,0.998363562578261
SVM,0.9990397854440903
SVM,0.9991011016997737
SVM,0.9983557028394662
SVM,0.9983118707799289
SVM,0.9989950630354711
SVM,0.9981011263863433
SVM,0.9982169291858278
SVM,0.9980989556702504
SVM,0.9983629269254408
SVM,0.9990714949882762
SVM,0.9981575908895376
SVM,0.9989094655319801
SVM,0.9981096776968126
SVM,0.9979570459275102
SVM,0.9991615611913979
SVM,0.9977494837170596
SVM,0.9981317099025817
SVM,0.9980012062860688
SVM,0.998190895598888
SVM,0.9990614509859093
SVM,0.9982504069820999
SVM,0.9984792359328477
SVM,0.9984732353736214
SVM,0.9991045715769735
SVM,0.9989346305489644
SVM,0.9982009363550576
SVM,0.9991093776384725
SVM,0.9991397605111236
SVM,0.9990957748051299
SVM,0.9982090305060911
SVM,0.9989975107969205
SVM,0.9991033731523841
SVM,0.9980907571940719
SVM,0.9990335028933046
SVM,0.9981817242059503
SVM,0.9983322856409718
SVM,0.9981337823723617
SVM,0.9983495825857458
SVM,0.9982126800432767
SVM,0.9983152988778248
SVM,0.9991330052225541
SVM,0.9991574287322786
SVM,0.9990864228764001
SVM,0.9991545888613075
SVM,0.9990278038193134
SVM,0.999126510071779
SVM,0.9990771609333405
SVM,0.9988735821626518
SVM,0.9981922982886238
SVM,0.9984110668263939
SVM,0.9989981950798758
SVM,0.9980010994656563
SVM,0.9983135436469615
SVM,0.998285729954406
SVM,0.9990780780422497
SVM,0.9989703130512264
SVM,0.9990427800954883
SVM,0.9982435511629701
SVM,0.9990046823730798
SVM,0.998886983838178
SVM,0.9989869036799555
SVM,0.9983238141720616
SVM,0.999156589980273
SVM,0.9983928678637088
SVM,0.9982342017147495
SVM,0.9981403688342615
SVM,0.9984571166536028
SVM,0.9991496208461236
SVM,0.9990879320312669
SVM,0.998170150856164
SVM,0.9988675328916596
SVM,0.999072484209575
SVM,0.999014196248005
SVM,0.9990732883009329
SVM,0.9983944784483458
SVM,0.99894288225605
SVM,0.9983302165870238
SVM,0.9981996975674662
SVM,0.9982729573050191
SVM,0.9983613701312922
SVM,0.9983678984982685
SVM,0.9982471412050076
SVM,0.9983929943034828
SVM,0.9982498185827537
SVM,0.9981878939749219
SVM,0.9990334197761601
SVM,0.9989716133314819
SVM,0.9982347939642228
SVM,0.999113652875047
SVM,0.9979684599752667
SVM,0.9990315533268455
SVM,0.9982775413251168
SVM,0.9990119773812973
SVM,0.9989991633283694
SVM,0.9980134586470337
SVM,0.999074925875027
SVM,0.9981862559549665
SVM,0.9990419242816497
SVM,0.9980911918679667
SVM,0.999033382062321
SVM,0.998175915228886
SVM,0.9989122454865086
SVM,0.9990769631089936
SVM,0.998307658847388
SVM,0.9990706362110437
SVM,0.9989391853771823
SVM,0.9984420588099197
SVM,0.9989098314351246
SVM,0.99851961571822
SVM,0.9984919185649443
SVM,0.9981914742882129
SVM,0.9991201117498777
SVM,0.9990039181046322
SVM,0.9982258210201769
SVM,0.9989704825748997
SVM,0.9990422671852144
SVM,0.999095145062935
SVM,0.9982077595376685
SVM,0.9980382097962665
SVM,0.999052236266732
SVM,0.9981545716582285
SVM,0.9979542997150264
SVM,0.9982352419504756
SVM,0.9984243928232488
SVM,0.9979993086187104
SVM,0.998114403655431
SVM,0.9990972536580294
SVM,0.9990197522722584
SVM,0.9982915798916869
SVM,0.999111684212649
SVM,0.9980903516899426
SVM,0.9982771566812169
SVM,0.998097845835501
SVM,0.9990552459066363
SVM,0.9991655565272145
SVM,0.9981609847591484
SVM,0.998229716490987
SVM,0.9982265028377617
SVM,0.9982103307025578
SVM,0.99908622179935
SVM,0.9989219362682424
SVM,0.9991292350082137
SVM,0.9980322231232792
SVM,0.9984060895419319
SVM,0.9989666289230662
SVM,0.99906676341021
SVM,0.9990367396513813
SVM,0.9992264766252827
SVM,0.9989776646866936
SVM,0.9982954504190525
SVM,0.9981490937875211
SVM,0.9982387749324161
SVM,0.9980723391023585
SVM,0.9981260874616341
SVM,0.9984965035835792
SVM,0.9990509081263393
SVM,0.9982996431592224
SVM,0.9982649375271709
SVM,0.998861985326198
SVM,0.9980927533770568
SVM,0.9989433729145274
SVM,0.9981876472903961
SVM,0.9983485966395726
SVM,0.998998088671106
SVM,0.9990932885968947
SVM,0.9981811634053844
SVM,0.9981831301542974
SVM,0.9982021022695854
SVM,0.9981903203738046
SVM,0.9992469233468594
SVM,0.9982693010227793
SVM,0.9991051763299443
SVM,0.9989631576563524
SVM,0.9991325402655604
SVM,0.9990820139477019
SVM,0.9990173927489806
SVM,0.9990370602812447
SVM,0.9982936291616908
SVM,0.9991040313776682
SVM,0.9991515966861076
SVM,0.9990684134463923
SVM,0.9982509118588878
SVM,0.9981667543488715
SVM,0.9981794125081928
SVM,0.9982259756040077
SVM,0.9989532090275531
SVM,0.9988948417444569
SVM,0.9976942652626709
SVM,0.9989950985845342
SVM,0.9981671655921336
SVM,0.9981342074699777
SVM,0.9991276402901708
SVM,0.9989925249502626
SVM,0.9982169274996447
SVM,0.9989694354756964
SVM,0.9982368273523774
SVM,0.998260383157746
SVM,0.9991099296311816
SVM,0.9982951015372951
SVM,0.9990080648163445
SVM,0.9990988237795915
SVM,0.9990766535509522
SVM,0.9991450521866628
SVM,0.9989618569018406
SVM,0.9989659065964185
SVM,0.9980007426505116
SVM,0.9982482146961613
SVM,0.9989703813856659
SVM,0.9990495383691526
SVM,0.9980570359444118
SVM,0.9991316647100191
SVM,0.998218984987882
SVM,0.9990672586558919
SVM,0.9990879128907734
SVM,0.9989112791115009
SVM,0.99827670899744
SVM,0.9988939350813046
SVM,0.9990656620873839
SVM,0.9983164239391591
SVM,0.9989547606161846
SVM,0.9989928711587963
SVM,0.9982818111132301
SVM,0.9981281232171078
SVM,0.9990713810488927
SVM,0.9988551909387555
SVM,0.9981061821887531
SVM,0.9981590978329878
SVM,0.9989158838231242
SVM,0.9990641077912532
SVM,0.99891093823011
SVM,0.9982370158736652
SVM,0.9982136362798659
SVM,0.998458869907183
SVM,0.9990643499791991
SVM,0.9982037358305682
SVM,0.9982921744755144
SVM,0.9991702571820973
SVM,0.9989774514263721
SVM,0.9991477401860106
SVM,0.9990147413846971
SVM,0.9979594369781021
SVM,0.9989742396850639
SVM,0.9990454269529436
SVM,0.9980914098971148
SVM,0.9985256596298662
SVM,0.9990135382380029
SVM,0.9980482250599149
SVM,0.9985867140640561
SVM,0.9991110312453302
SVM,0.9983000640215567
SVM,0.9990772922972377
SVM,0.9982243976286318
SVM,0.9983172451886111
SVM,0.9981236083766216
SVM,0.9983020992082545
SVM,0.9990678360650076
SVM,0.9991578203468932
SVM,0.9990773925723133
SVM,0.9982309415173223
SVM,0.9982249598605296
SVM,0.9981099464684349
SVM,0.9990325288724549
SVM,0.9990273854708546
SVM,0.9989952469159782
SVM,0.999050502962959
SVM,0.9990699324761471
SVM,0.9981418146365902
SVM,0.9980541928414006
SVM,0.9981972562704078
SVM,0.9981301302476691
SVM,0.9990203002552743
SVM,0.9983389788826627
SVM,0.998186897461504
SVM,0.998229199086272
SVM,0.9981620178278489
SVM,0.9981464510608171
SVM,0.9990816084960074
SVM,0.9982137492910358
SVM,0.9991800302871408
SVM,0.9987581319555172
SVM,0.998187990519183
SVM,0.9983246383881083
SVM,0.9981437219881576
SVM,0.9991615434001444
SVM,0.9990351676040561
SVM,0.9991367844065427
SVM,0.9981432505509215
SVM,0.998309553743184
SVM,0.9982393896140032
SVM,0.9982566278239856
SVM,0.9989548489650707
SVM,0.9989725386318385
SVM,0.9982757780322356
SVM,0.998187802549802
SVM,0.9991091161571191
SVM,0.9989559604437186
SVM,0.9989338962904132
SVM,0.9981302270425756
SVM,0.9979635797389841
SVM,0.9981658987429703
SVM,0.9980023640257614
SVM,0.9990820813001525
SVM,0.9990310078425211
SVM,0.9991580862182528
SVM,0.9983720032687227
SVM,0.9984709415230594
SVM,0.9991141477604029
SVM,0.9989200011287377
SVM,0.9991196920274683
SVM,0.9982074261111228
SVM,0.999102746417428
SVM,0.9991062167628122
SVM,0.9990592070709106
SVM,0.9990543327163628
SVM,0.9990739934338373
SVM,0.9990492378196952
SVM,0.9990683654587196
SVM,0.9990639379031079
SVM,0.9983808850154876
SVM,0.9980874712426118
SVM,0.9991085623327066
SVM,0.9989364907465299
SVM,0.999067683237745
SVM,0.9981897329217146
SVM,0.9978363806496666
SVM,0.999006854553928
SVM,0.9983033903785774
SVM,0.9983950929220724
SVM,0.9990724483538506
SVM,0.9981392383095852
SVM,0.9979322547532279
SVM,0.9991539127536658
SVM,0.9982634985904733
SVM,0.9980763382154546
SVM,0.9991310559211263
SVM,0.9980714924186584
SVM,0.9990765611623111
SVM,0.9981180519550013
SVM,0.9982250340793867
SVM,0.999020660920569
SVM,0.9990676579712311
SVM,0.998012735454157
SVM,0.9982631492910341
SVM,0.9989639126024177
SVM,0.9989777204530368
SVM,0.9982796213294947
SVM,0.9990412599674985
SVM,0.999003234482714
SVM,0.9983453051206309
SVM,0.9981539034797582
SVM,0.9978686126106731
SVM,0.9990624254257361
SVM,0.9991505033964385
SVM,0.9990098679821408
SVM,0.9990247286936776
SVM,0.9990057388377493
SVM,0.9990561080609937
SVM,0.9989755173025727
SVM,0.9990196477790615
SVM,0.9990244452296226
SVM,0.9990480786754284
SVM,0.9981410797969165
SVM,0.9989789255156218
SVM,0.9982366607535884
SVM,0.9990411354872484
SVM,0.9990179706482962
SVM,0.9990547513661046
SVM,0.9991181245205876
SVM,0.9981084846912397
SVM,0.9984086238113399
SVM,0.9980614779956095
SVM,0.9991025887931432
SVM,0.998202218975505
SVM,0.9984392240212193
SVM,0.9990001361250845
SVM,0.9981028825524862
SVM,0.9989838595173183
SVM,0.9988946972136986
SVM,0.9991161564889494
SVM,0.9989862798808465
SVM,0.9981130499065394
SVM,0.9990837853298202
SVM,0.998995188120779
SVM,0.998304583351793
SVM,0.9989984475996442
SVM,0.9982023788853478
SVM,0.9991176710636444
SVM,0.9991009266523916
SVM,0.9981919920886796
SVM,0.9983068464800354
SVM,0.9980426793395525
SVM,0.9988895852954969
SVM,0.9990764333556429
SVM,0.9982007283714951
SVM,0.9989855594042254
SVM,0.9982512743450398
SVM,0.9988980342709244
SVM,0.9981076933026388
SVM,0.9982007233098986
SVM,0.9990246730950828
SVM,0.9990662570772273
SVM,0.9991079569299546
SVM,0.9991055911746483
SVM,0.9981045491832179
SVM,0.9982632040962361
SVM,0.9982487746110283
SVM,0.9982084081650271
SVM,0.9989877128209562
SVM,0.9979982597655102
SVM,0.9982272597806572
SVM,0.9989920101672741
SVM,0.9990488479587889
SVM,0.9980986465625745
SVM,0.9981305233455047
SVM,0.9989208420371654
SVM,0.9980017265729912
SVM,0.9980552323955246
SVM,0.9982390225634422
SVM,0.9990366297757169
SVM,0.9983334922081637
SVM,0.999112627563937
SVM,0.9981748785116868
SVM,0.9982122027521021
SVM,0.9982341132318877
SVM,0.9980596186113043
SVM,0.9990016513931771
SVM,0.9982974063062316
SVM,0.9989571624845321
SVM,0.9989749562062343
SVM,0.9982157972527442
SVM,0.9990345112964482
SVM,0.9989771589283072
SVM,0.9983549085072155
SVM,0.9990472824876507
SVM,0.9983515857092538
SVM,0.9983015652590674
SVM,0.9990919481016827
SVM,0.9989886551054395
SVM,0.9991742774389707
SVM,0.9982459121023031
SVM,0.9983020608268978
SVM,0.9990494472952539
SVM,0.9983488199001271
SVM,0.9982767200876379
SVM,0.9991809485263478
SVM,0.9981538659671507
SVM,0.9991476979775648
SVM,0.9981656898430099
SVM,0.9982104288002047
SVM,0.9981935967536341
SVM,0.9982063488955932
SVM,0.9982216217654946
SVM,0.9981754579503544
SVM,0.9981922018545986
SVM,0.9982106354900315
SVM,0.9990468824908316
SVM,0.9981992036116687
SVM,0.9991644836008439
SVM,0.9990602020407859
SVM,0.9981846394526401
SVM,0.9989082733991873
SVM,0.9983398332462267
SVM,0.9990636678974856
SVM,0.9989988639135223
SVM,0.9990154423831111
SVM,0.9981563437465344
SVM,0.9981448121502853
SVM,0.999022969231383
SVM,0.9985495123169983
SVM,0.9982788974003716
SVM,0.9981337898456786
SVM,0.9990309702275277
SVM,0.9981620878940305
SVM,0.9982282920192767
SVM,0.9988760156771667
SVM,0.9982315918019585
SVM,0.9979506647439509
SVM,0.9990783213901985
SVM,0.9990777386611572
SVM,0.9990188240252363
SVM,0.9982496377529847
SVM,0.9990716560229863
SVM,0.9983677020682565
SVM,0.9980821876102575
SVM,0.9980659979369465
SVM,0.9989535810849677
SVM,0.9980769299442045
SVM,0.9982741318920623
SVM,0.9982689933529354
SVM,0.9990259383124414
SVM,0.9992010238771301
SVM,0.9980712073057401
SVM,0.9984683964243588
SVM,0.9982904763168614
SVM,0.9989882717821867
SVM,0.9983505216018858
SVM,0.9981961379375764
SVM,0.9990039686316653
SVM,0.9990866703579814
SVM,0.9982054799795165
SVM,0.9989455091132339
SVM,0.9981576353993115
SVM,0.9981993107630615
SVM,0.9982592999286737
SVM,0.9988780132880223
SVM,0.9990528483769305
SVM,0.9989469554665831
SVM,0.9983245004090996
SVM,0.9983838011488091
SVM,0.9989689904974011
SVM,0.9980782460444215
SVM,0.9989928693821479
SVM,0.9990298895737114
SVM,0.9981551907430571
SVM,0.9982086616440278
SVM,0.9989821665975688
SVM,0.9981135842240842
SVM,0.9983868277279463
SVM,0.9990676300252307
SVM,0.999010413172569
SVM,0.9981870308854658
SVM,0.9989110310020829
SVM,0.9981523104744916
SVM,0.9989621538650079
SVM,0.9982997349228698
SVM,0.9990468149819683
SVM,0.9983349197887836
SVM,0.9981281573403201
SVM,0.9990382453825447
SVM,0.9990407241847749
SVM,0.9990480243839208
SVM,0.9984776366057477
SVM,0.999031636273491
SVM,0.9990758730236877
SVM,0.9981698402562168
SVM,0.9990108909624412
SVM,0.9990623741658423
SVM,0.9991311724404627
SVM,0.9981353019392424
SVM,0.9989211700377567
SVM,0.9988774140599501
SVM,0.9982692965852236
SVM,0.99898684171024
SVM,0.997986086827872
SVM,0.9990648188863741
SVM,0.9991849484505669
SVM,0.998089571349573
SVM,0.998166480098116
SVM,0.9980831894807529
SVM,0.998202043461232
SVM,0.9981833756351091
SVM,0.9980999096305154
SVM,0.9982617352064171
SVM,0.9983124609778405
SVM,0.9989706137408053
SVM,0.9983665375587648
SVM,0.9990109133802285
SVM,0.9983317456595296
SVM,0.9990043194154028
SVM,0.9991447756956138
SVM,0.9990126374828036
SVM,0.9990893400379965
SVM,0.9990659496388765
SVM,0.9981426415015774
SVM,0.9990176306362445
SVM,0.9982186828408113
SVM,0.9981694538072071
SVM,0.9982828958225879
SVM,0.9981769965918721
SVM,0.9983055612557843
SVM,0.9981613676817348
SVM,0.9982776844532127
SVM,0.9981091364331135
SVM,0.9990608622117552
SVM,0.998072622445385
SVM,0.9982568185286205
SVM,0.9982115650657095
SVM,0.9982266553301196
SVM,0.9981510466588548
SVM,0.9979892326511817
SVM,0.9983024232966283
SVM,0.9982161490357914
SVM,0.999016230410103
SVM,0.998094202075076
SVM,0.9981082469319211
SVM,0.9981888052689992
SVM,0.9981740298255662
SVM,0.9989113712631088
SVM,0.9989616387387615
SVM,0.9982283158341749
SVM,0.9981636698203855
SVM,0.9990289271211429
SVM,0.9981090733285727
SVM,0.9981342322352853
SVM,0.9991006820460793
SVM,0.9989094563920669
SVM,0.9991527356498718
SVM,0.9981952881822691
SVM,0.9982354087268881
SVM,0.9981756197534322
SVM,0.9982005588258055
SVM,0.9981541717365403
SVM,0.998314360959783
SVM,0.9981407246975176
SVM,0.9983042772390954
SVM,0.99818720427998
SVM,0.998174874906594
SVM,0.9982151173856304
SVM,0.9982324487089997
SVM,0.998222303220156
SVM,0.9982852963934533
SVM,0.9982459516683088
SVM,0.9990540043005147
SVM,0.9989765852185588
SVM,0.9983258426252745
SVM,0.9983526105568105
SVM,0.9989691095785964
SVM,0.9989724617495422
SVM,0.9991271865718374
SVM,0.9982076238534537
SVM,0.9981969517990873
SVM,0.9981826425047012
SVM,0.9981620602642666
SVM,0.9990690126599284
SVM,0.9981830242828407
SVM,0.9991575133009523
SVM,0.9981769143749579
SVM,0.9981554097858878
SVM,0.9991580903260354
SVM,0.9981534576478417
SVM,0.997971591282002
SVM,0.9990627828507634
SVM,0.998253575227953
SVM,0.9990297592847679
SVM,0.9981765819209553
SVM,0.9991189144931049
SVM,0.9981601123231998
SVM,0.9990283265755998
SVM,0.9991693803003836
SVM,0.9983120877040556
SVM,0.9980934946807893
SVM,0.9983700805199606
SVM,0.9990499866930383
SVM,0.9981602055219521
SVM,0.9981644190734533
SVM,0.9989938325415192
SVM,0.9990489004218344
SVM,0.998975234905241
SVM,0.9990504573497307
SVM,0.9990661986424507
SVM,0.9991163643692509
SVM,0.9983029045261274
SVM,0.9983248085675165
SVM,0.9982053009149958
SVM,0.9981304382860883
SVM,0.9990943598669094
SVM,0.9981312680460073
SVM,0.999039671118334
SVM,0.9982777339627986
SVM,0.99895383716361
SVM,0.9983451686444859
SVM,0.9990473001630885
SVM,0.9990573205094069
SVM,0.9990370993981464
SVM,0.9990988828232439
SVM,0.9983826293607663
SVM,0.9981211449604398
SVM,0.9990997387029494
SVM,0.9990824801250122
SVM,0.9984009561060075
SVM,0.9983683077126979
SVM,0.9990401135665238
SVM,0.999076693577835
SVM,0.9989702261276985
SVM,0.9989680006975892
SVM,0.9982896958771784
SVM,0.9989815547866485
SVM,0.998223246760146
SVM,0.9990730367353627
SVM,0.9981470977353128
SVM,0.9983764072520355
SVM,0.9990402325389441
SVM,0.99920243659381
SVM,0.9992617503335914
SVM,0.9980441595902023
SVM,0.9990053338629711
SVM,0.9989947444418205
SVM,0.9982500381336982
SVM,0.9982577083844812
SVM,0.9982562280130219
SVM,0.9982721537747677
SVM,0.9990790633809713
SVM,0.9980603804964119
SVM,0.9981706006913047
SVM,0.9990425145992929
SVM,0.9980562930710292
SVM,0.9991079793536877
SVM,0.9981836960669451
SVM,0.9990146555936625
SVM,0.9980736616299352
SVM,0.9983388630617229
SVM,0.9990929540697158
SVM,0.999192427661122
SVM,0.9992880314120262
SVM,0.9990124570771239
SVM,0.9991096762526649
SVM,0.9990824837511232
SVM,0.9981655090656087
SVM,0.9990623119389269
SVM,0.9990118247373875
SVM,0.9981773523012369
SVM,0.9990668881469921
SVM,0.9981894105799819
SVM,0.9991452734633792
SVM,0.9982468199860302
SVM,0.9980260296747101
SVM,0.9985643423132329
SVM,0.9981377249154633
SVM,0.9982794682420393
SVM,0.9990694402099759
SVM,0.9983355972330191
SVM,0.9991994522661909
SVM,0.9983117180357709
SVM,0.9990285098898231
SVM,0.9990155650781135
SVM,0.9989509414562816
SVM,0.9990841236853747
SVM,0.9983498537957232
SVM,0.9991506042591617
SVM,0.9989892029016957
SVM,0.999026823153045
SVM,0.9981993287917976
SVM,0.9982995254609023
SVM,0.9984069087978261
SVM,0.9981360225028993
SVM,0.9991242511981794
SVM,0.9982785581928205
SVM,0.9982257864608208
SVM,0.9983058840931752
SVM,0.9979917634354287
SVM,0.9982816719620538
SVM,0.9982940786519869
SVM,0.9982362439976381
SVM,0.9991537370821895
SVM,0.9990779943489867
SVM,0.9990722971618389
SVM,0.9989206158394668
SVM,0.9980517447999186
SVM,0.9982696257850959
SVM,0.9982366154554067
SVM,0.9980535743122664
SVM,0.9989551302018029
SVM,0.9982094546703234
SVM,0.9991669168931324
SVM,0.9991206991830621
SVM,0.998150675412653
SVM,0.9990984963589151
SVM,0.9990945344940112
SVM,0.9989957492799573
SVM,0.9991272883885332
SVM,0.9989925198801611
SVM,0.9989454667481021
SVM,0.9981990455899284
SVM,0.9988724940145133
SVM,0.9990518198346081
SVM,0.99906327589289
SVM,0.9991912123195386
SVM,0.9984977272532657
SVM,0.9982445842199992
SVM,0.998132117335655
SVM,0.9982638492693209
SVM,0.9991253922422253
SVM,0.9982210644840463
SVM,0.9984115354108978
SVM,0.99807462985997
SVM,0.9991560018374702
SVM,0.9980393135224663
SVM,0.9990801476778255
SVM,0.9990301738024658
SVM,0.998966912299284
SVM,0.9982155685558297
SVM,0.9990909514692946
SVM,0.9990111711830364
SVM,0.9982673663092392
SVM,0.9982561855301089
SVM,0.9989423510611986
SVM,0.9982959371702596
SVM,0.9990350640235933
SVM,0.998183043844362
SVM,0.9989548068954581
SVM,0.9988895344096731
SVM,0.9989704887634072
SVM,0.9991371650555818
SVM,0.998190611860528
SVM,0.9992442944208687
SVM,0.9983068808452122
SVM,0.9990350256954199
SVM,0.9991472748402094
SVM,0.9983321666952918
SVM,0.9991336525365038
SVM,0.9989841989042232
SVM,0.9981916406487457
SVM,0.9981128814447588
SVM,0.9991161455263985
SVM,0.9991699813718162
SVM,0.9981730149601497
SVM,0.998104957022219
SVM,0.9990760887662387
SVM,0.9982382045802497
SVM,0.9989610932510391
SVM,0.998440217797554
SVM,0.998331611466505
SVM,0.9990689393801697
SVM,0.9982109764129434
SVM,0.9992724942269513
SVM,0.9984166613770704
SVM,0.9990206582719198
SVM,0.9992330797875159
SVM,0.9981592216185289
SVM,0.9980635274541246
SVM,0.9982080275527808
SVM,0.998272803714296
SVM,0.9981415593883975
SVM,0.9983059055810817
SVM,0.998914531512263
SVM,0.9982584205496556
SVM,0.9981508073247577
