Model,Confidence
Logistic Regression,0.987004282602869
Logistic Regression,0.992071008659164
Logistic Regression,0.9934254517722935
Logistic Regression,0.9899252574198051
Logistic Regression,0.9940696673037057
Logistic Regression,0.9902095687862201
Logistic Regression,0.9897756324452631
Logistic Regression,0.979611372096632
Logistic Regression,0.9930236559127532
Logistic Regression,0.9894065171521819
Logistic Regression,0.9934466040421391
Logistic Regression,0.9860031232308714
Logistic Regression,0.9920165298678953
Logistic Regression,0.9927492749066613
Logistic Regression,0.9932255798516627
Logistic Regression,0.9945129644173304
Logistic Regression,0.9850871492261688
Logistic Regression,0.984246970208723
Logistic Regression,0.9848007901707878
Logistic Regression,0.9778474626735746
Logistic Regression,0.9849807877186056
Logistic Regression,0.9880687490463796
Logistic Regression,0.994457600419421
Logistic Regression,0.9871547232958651
Logistic Regression,0.9918900567356
Logistic Regression,0.987578858556328
Logistic Regression,0.9929197611639434
Logistic Regression,0.9756229925328603
Logistic Regression,0.9904294566280663
Logistic Regression,0.9805383062413063
Logistic Regression,0.993335014277137
Logistic Regression,0.9923131052312054
Logistic Regression,0.9921474509254633
Logistic Regression,0.9943480921574156
Logistic Regression,0.985370084937667
Logistic Regression,0.9934772292391929
Logistic Regression,0.9941106684990111
Logistic Regression,0.993240811779646
Logistic Regression,0.9937108811284422
Logistic Regression,0.9884309655282527
Logistic Regression,0.9925533945232977
Logistic Regression,0.9942992828207297
Logistic Regression,0.9880789105497948
Logistic Regression,0.993087587046482
Logistic Regression,0.9870135322628041
Logistic Regression,0.9897977883738395
Logistic Regression,0.9938424890672704
Logistic Regression,0.9937804885482204
Logistic Regression,0.9902001915575479
Logistic Regression,0.9876071054054543
Logistic Regression,0.9907193405480885
Logistic Regression,0.9850260312711492
Logistic Regression,0.9925749825549299
Logistic Regression,0.9854696774306744
Logistic Regression,0.9926866397248763
Logistic Regression,0.9866748598134838
Logistic Regression,0.990214946920506
Logistic Regression,0.9817469266013282
Logistic Regression,0.9925668911935125
Logistic Regression,0.9858193947300343
Logistic Regression,0.9890532429410458
Logistic Regression,0.9851662346071908
Logistic Regression,0.994232961647952
Logistic Regression,0.9935305156241534
Logistic Regression,0.9929642179401722
Logistic Regression,0.9877111919309555
Logistic Regression,0.9934705716466646
Logistic Regression,0.9905296294078245
Logistic Regression,0.9944587722871978
Logistic Regression,0.9917467907771775
Logistic Regression,0.9931485815253885
Logistic Regression,0.9927271396692646
Logistic Regression,0.986287718710299
Logistic Regression,0.9947469589878198
Logistic Regression,0.9922962952554779
Logistic Regression,0.9833465165172496
Logistic Regression,0.9924278019981677
Logistic Regression,0.9873018202777353
Logistic Regression,0.990445796400855
Logistic Regression,0.9946310317121727
Logistic Regression,0.9853994898108415
Logistic Regression,0.9889067365617518
Logistic Regression,0.9940226866761589
Logistic Regression,0.9932361165021562
Logistic Regression,0.9926818653940294
Logistic Regression,0.9932676869734369
Logistic Regression,0.9925363881190808
Logistic Regression,0.9917463290527817
Logistic Regression,0.9819361843813865
Logistic Regression,0.9877270364805772
Logistic Regression,0.9895653038314921
Logistic Regression,0.9851451247436677
Logistic Regression,0.9856226254571366
Logistic Regression,0.9862275584746362
Logistic Regression,0.9928036606188352
Logistic Regression,0.9948673199615037
Logistic Regression,0.9860993405130433
Logistic Regression,0.9825045446101807
Logistic Regression,0.981211078128752
Logistic Regression,0.9860972033643675
Logistic Regression,0.9908269710193848
Logistic Regression,0.9946082866624942
Logistic Regression,0.99337670548124
Logistic Regression,0.9884224514649074
Logistic Regression,0.9840636491121656
Logistic Regression,0.991589087742214
Logistic Regression,0.99276200221245
Logistic Regression,0.9861866401308458
Logistic Regression,0.9835688894882043
Logistic Regression,0.9878809030006924
Logistic Regression,0.9920558052780494
Logistic Regression,0.9905111357752322
Logistic Regression,0.9912477364984086
Logistic Regression,0.9912409488588824
Logistic Regression,0.9872352164219033
Logistic Regression,0.9925004102968269
Logistic Regression,0.9715148549604212
Logistic Regression,0.9928293186248047
Logistic Regression,0.9953873797988416
Logistic Regression,0.9934779895865924
Logistic Regression,0.9884272973423116
Logistic Regression,0.9934185197283807
Logistic Regression,0.9868131792464067
Logistic Regression,0.9880475877015847
Logistic Regression,0.9938793369266269
Logistic Regression,0.9894572232674693
Logistic Regression,0.9938560309185289
Logistic Regression,0.992603832104316
Logistic Regression,0.9813322822675951
Logistic Regression,0.9905919692254248
Logistic Regression,0.9901142856826897
Logistic Regression,0.9948400668261292
Logistic Regression,0.987696790948539
Logistic Regression,0.9925556545077653
Logistic Regression,0.9840988376812643
Logistic Regression,0.9751452132565005
Logistic Regression,0.9880550584228409
Logistic Regression,0.9858486933980817
Logistic Regression,0.9888721880744952
Logistic Regression,0.9856920451120345
Logistic Regression,0.9951943675153561
Logistic Regression,0.9798507759877164
Logistic Regression,0.9854162915009609
Logistic Regression,0.9928341521144395
Logistic Regression,0.9865753211473899
Logistic Regression,0.9838141339013133
Logistic Regression,0.9936572944790368
Logistic Regression,0.9875339592996933
Logistic Regression,0.9915213644099419
Logistic Regression,0.9944213838875595
Logistic Regression,0.9924135746951489
Logistic Regression,0.9920502814796777
Logistic Regression,0.9942137586204907
Logistic Regression,0.9864250572891743
Logistic Regression,0.9928751641351413
Logistic Regression,0.9876162277415108
Logistic Regression,0.9911108256179895
Logistic Regression,0.9902011541072416
Logistic Regression,0.9927609892958836
Logistic Regression,0.9892128322663455
Logistic Regression,0.994071582519575
Logistic Regression,0.9924650030181004
Logistic Regression,0.9868332583467115
Logistic Regression,0.992938656281991
Logistic Regression,0.993371712928703
Logistic Regression,0.9920722626048727
Logistic Regression,0.9853726707956286
Logistic Regression,0.9829213829214913
Logistic Regression,0.9762370784196182
Logistic Regression,0.9918699191824275
Logistic Regression,0.9920911355076943
Logistic Regression,0.984831887345187
Logistic Regression,0.9813854863585313
Logistic Regression,0.9863163398392563
Logistic Regression,0.989983546961147
Logistic Regression,0.9913959966979168
Logistic Regression,0.9935676566248488
Logistic Regression,0.9843037756120315
Logistic Regression,0.9920696472532762
Logistic Regression,0.9909375235911406
Logistic Regression,0.9797177826470903
Logistic Regression,0.9912530976441946
Logistic Regression,0.992635624121357
Logistic Regression,0.9910451092732505
Logistic Regression,0.9925635170344244
Logistic Regression,0.9877532090455274
Logistic Regression,0.9940881693746874
Logistic Regression,0.9875416800918556
Logistic Regression,0.9913152512450775
Logistic Regression,0.993530451231677
Logistic Regression,0.9844908665833401
Logistic Regression,0.9878029859680589
Logistic Regression,0.9933900187917949
Logistic Regression,0.9891771674628905
Logistic Regression,0.9838694337988366
Logistic Regression,0.9934678641286974
Logistic Regression,0.9940632423317388
Logistic Regression,0.9897082291834044
Logistic Regression,0.989493086952523
Logistic Regression,0.9851397506666445
Logistic Regression,0.9928874343793079
Logistic Regression,0.9853993944183065
Logistic Regression,0.992397184612675
Logistic Regression,0.9928888899299766
Logistic Regression,0.9786028628744837
Logistic Regression,0.9928788016098664
Logistic Regression,0.9754832644773782
Logistic Regression,0.9936149214640306
Logistic Regression,0.9836908138452332
Logistic Regression,0.9926229330379321
Logistic Regression,0.9935045015842406
Logistic Regression,0.979311004176734
Logistic Regression,0.9835832910349309
Logistic Regression,0.9892206319677642
Logistic Regression,0.9935421929305778
Logistic Regression,0.9861452421318658
Logistic Regression,0.9880047830576544
Logistic Regression,0.983527912226443
Logistic Regression,0.9790799769977444
Logistic Regression,0.9933240262263736
Logistic Regression,0.9806156643542708
Logistic Regression,0.9916578518611648
Logistic Regression,0.9842561773605891
Logistic Regression,0.9927012655669843
Logistic Regression,0.9883090100440833
Logistic Regression,0.9867479439564928
Logistic Regression,0.9865438427120801
Logistic Regression,0.9788457821983575
Logistic Regression,0.9946153900566899
Logistic Regression,0.991494144828342
Logistic Regression,0.9912199038184825
Logistic Regression,0.9908368305044025
Logistic Regression,0.9910328410150933
Logistic Regression,0.9813642909610305
Logistic Regression,0.9934440062571855
Logistic Regression,0.9806280359039544
Logistic Regression,0.992003224501791
Logistic Regression,0.9906485061469851
Logistic Regression,0.995542819042081
Logistic Regression,0.9865532236037444
Logistic Regression,0.986284249192867
Logistic Regression,0.9863585449715052
Logistic Regression,0.9931220278738899
Logistic Regression,0.9942729435674406
Logistic Regression,0.9944752037981891
Logistic Regression,0.9945131747962203
Logistic Regression,0.9918859791765514
Logistic Regression,0.9939269539548427
Logistic Regression,0.9927830530476782
Logistic Regression,0.9878477559927393
Logistic Regression,0.9835606571652954
Logistic Regression,0.9944205970978601
Logistic Regression,0.9864395762654744
Logistic Regression,0.9844931816423815
Logistic Regression,0.9937607642417676
Logistic Regression,0.9812956818443398
Logistic Regression,0.9806931095452874
Logistic Regression,0.9852651265320983
Logistic Regression,0.9920916166194893
Logistic Regression,0.992605489160596
Logistic Regression,0.9919119412818764
Logistic Regression,0.9868068338229903
Logistic Regression,0.9835257617574149
Logistic Regression,0.9924434919594872
Logistic Regression,0.9931480354003172
Logistic Regression,0.9916239568220224
Logistic Regression,0.9830263325090669
Logistic Regression,0.9891503698164782
Logistic Regression,0.9929159447605057
Logistic Regression,0.9889064209561698
Logistic Regression,0.9925841476537766
Logistic Regression,0.9893629210725976
Logistic Regression,0.9871524809078718
Logistic Regression,0.9852426636407655
Logistic Regression,0.9920572774215909
Logistic Regression,0.9924019621256288
Logistic Regression,0.9875547302478744
Logistic Regression,0.9943581712211503
Logistic Regression,0.9894267587647286
Logistic Regression,0.9923477343978594
Logistic Regression,0.9859766001535502
Logistic Regression,0.9940310115179103
Logistic Regression,0.9850456418148867
Logistic Regression,0.9843232882528181
Logistic Regression,0.983022685720077
Logistic Regression,0.986673911235966
Logistic Regression,0.9928789974013695
Logistic Regression,0.9934765916634237
Logistic Regression,0.9836727967966121
Logistic Regression,0.9925286227522955
Logistic Regression,0.9938084766785683
Logistic Regression,0.987181115218933
Logistic Regression,0.987477638381339
Logistic Regression,0.9917683811900093
Logistic Regression,0.9791221238437124
Logistic Regression,0.9812663234322372
Logistic Regression,0.9849520082318768
Logistic Regression,0.9923151165633505
Logistic Regression,0.9863860044316539
Logistic Regression,0.9868443032745409
Logistic Regression,0.9738109338878638
Logistic Regression,0.9917422563594236
Logistic Regression,0.9837960125911811
Logistic Regression,0.9888216355344874
Logistic Regression,0.9904075534356053
Logistic Regression,0.993034241939511
Logistic Regression,0.9776659059957148
Logistic Regression,0.9872564502019429
Logistic Regression,0.993875929253025
Logistic Regression,0.9908926048731664
Logistic Regression,0.9790984617901849
Logistic Regression,0.9843341441501755
Logistic Regression,0.9815620044649991
Logistic Regression,0.9802771458863028
Logistic Regression,0.9909048904347126
Logistic Regression,0.981873808429491
Logistic Regression,0.9916629096312212
Logistic Regression,0.9771520686058485
Logistic Regression,0.9854970692471109
Logistic Regression,0.9955434272127549
Logistic Regression,0.9842679112783488
Logistic Regression,0.990809076101843
Logistic Regression,0.9800922922510906
Logistic Regression,0.9832477037022757
Logistic Regression,0.9945222198635496
Logistic Regression,0.9889308752773632
Logistic Regression,0.992571335975488
Logistic Regression,0.9871582504651022
Logistic Regression,0.9852407277249738
Logistic Regression,0.9936596970974853
Logistic Regression,0.984303535484009
Logistic Regression,0.9849599310009692
Logistic Regression,0.9922753648312586
Logistic Regression,0.9938296931719357
Logistic Regression,0.9803955352136567
Logistic Regression,0.9894639242027374
Logistic Regression,0.9926304369024804
Logistic Regression,0.9809601689706983
Logistic Regression,0.9931769746480381
Logistic Regression,0.9900754127080572
Logistic Regression,0.9939548652019357
Logistic Regression,0.9847303281814921
Logistic Regression,0.9922061400569148
Logistic Regression,0.9742013409873937
Logistic Regression,0.9853644903329143
Logistic Regression,0.9932698492440134
Logistic Regression,0.9932071938588966
Logistic Regression,0.9844767072235578
Logistic Regression,0.9867278584203399
Logistic Regression,0.9935627150579353
Logistic Regression,0.9870594685723713
Logistic Regression,0.9916293832710897
Logistic Regression,0.9946197392523275
Logistic Regression,0.9908504308016934
Logistic Regression,0.9826710126493073
Logistic Regression,0.9947300139358396
Logistic Regression,0.9892374915112562
Logistic Regression,0.9924619180004787
Logistic Regression,0.9883178567246337
Logistic Regression,0.9919184824331082
Logistic Regression,0.991468122544013
Logistic Regression,0.9895115023524641
Logistic Regression,0.9906043902991027
Logistic Regression,0.9845443925261542
Logistic Regression,0.9927733405016977
Logistic Regression,0.9781075936312291
Logistic Regression,0.9817681485726278
Logistic Regression,0.9867881233005235
Logistic Regression,0.9939137686354979
Logistic Regression,0.9912539462818217
Logistic Regression,0.9926629057717584
Logistic Regression,0.9813789128066716
Logistic Regression,0.9931536571257845
Logistic Regression,0.9908464532590494
Logistic Regression,0.9898352737112763
Logistic Regression,0.9804923043169775
Logistic Regression,0.9843394872825365
Logistic Regression,0.9930352299743809
Logistic Regression,0.9940233443630492
Logistic Regression,0.9925062434335358
Logistic Regression,0.992332173717219
Logistic Regression,0.991770586044981
Logistic Regression,0.9922664374252681
Logistic Regression,0.9911281899228895
Logistic Regression,0.9890686551864081
Logistic Regression,0.9865588390819273
Logistic Regression,0.9813812640160765
Logistic Regression,0.9928654161797857
Logistic Regression,0.9889422056209783
Logistic Regression,0.992400195346423
Logistic Regression,0.9875317070431464
Logistic Regression,0.9822555679016703
Logistic Regression,0.983226772548641
Logistic Regression,0.9892189627202594
Logistic Regression,0.9918711236535807
Logistic Regression,0.9927225517702081
Logistic Regression,0.9924593258565213
Logistic Regression,0.9926244765760872
Logistic Regression,0.9872467110986666
Logistic Regression,0.993304475834203
Logistic Regression,0.9931765525715837
Logistic Regression,0.9772221469626884
Logistic Regression,0.9738899560416155
Logistic Regression,0.9854882992855294
Logistic Regression,0.9898864787184115
Logistic Regression,0.9944873202490808
Logistic Regression,0.9866411752940607
Logistic Regression,0.986866375432757
Logistic Regression,0.9935421627000495
Logistic Regression,0.993523410299327
Logistic Regression,0.981341872892657
Logistic Regression,0.9911184543943341
Logistic Regression,0.9942984058471417
Logistic Regression,0.9846383847894246
Logistic Regression,0.9770130976987946
Logistic Regression,0.9799144603206532
Logistic Regression,0.9937639443988495
Logistic Regression,0.991488013037973
Logistic Regression,0.9872810865952235
Logistic Regression,0.986097592723214
Logistic Regression,0.9912684844733982
Logistic Regression,0.9940261757985258
Logistic Regression,0.992381237754516
Logistic Regression,0.9855658824045852
Logistic Regression,0.9810069564784891
Logistic Regression,0.98305006055593
Logistic Regression,0.9859551146699672
Logistic Regression,0.9914219243851518
Logistic Regression,0.9833999843892602
Logistic Regression,0.9870241139957775
Logistic Regression,0.9916194950596069
Logistic Regression,0.9947657441613795
Logistic Regression,0.9929994480583687
Logistic Regression,0.9915463787641516
Logistic Regression,0.9880845865347117
Logistic Regression,0.9929222664192986
Logistic Regression,0.9927681102819872
Logistic Regression,0.9854413001720643
Logistic Regression,0.9887051588577961
Logistic Regression,0.993690022202704
Logistic Regression,0.9927540020219061
Logistic Regression,0.9934326619431444
Logistic Regression,0.9864542478840784
Logistic Regression,0.9904874122432223
Logistic Regression,0.992291654301881
Logistic Regression,0.9927833701175972
Logistic Regression,0.9919656009623161
Logistic Regression,0.991217136972108
Logistic Regression,0.9896498788186743
Logistic Regression,0.9934785840511763
Logistic Regression,0.9928652320439447
Logistic Regression,0.9881900408282278
Logistic Regression,0.9859497096395341
Logistic Regression,0.9814891670692766
Logistic Regression,0.9924984888730877
Logistic Regression,0.9941692720365879
Logistic Regression,0.9942081307247271
Logistic Regression,0.987737317610412
Logistic Regression,0.9935899565541799
Logistic Regression,0.991160801655105
Logistic Regression,0.987279235542463
Logistic Regression,0.9881068584090059
Logistic Regression,0.9938329267899896
Logistic Regression,0.9823646080115358
Logistic Regression,0.9809274853151252
Logistic Regression,0.9860539921458911
Logistic Regression,0.9860318867395689
Logistic Regression,0.9940174910052337
Logistic Regression,0.9928110241929137
Logistic Regression,0.9918659950091885
Logistic Regression,0.9946614328306826
Logistic Regression,0.9942293087122407
Logistic Regression,0.9933068241539147
Logistic Regression,0.9873264259129442
Logistic Regression,0.9919539483836313
Logistic Regression,0.9915631247875107
Logistic Regression,0.9887974209426607
Logistic Regression,0.9870776137890679
Logistic Regression,0.9935939746546655
Logistic Regression,0.9917540932238047
Logistic Regression,0.9911180252550162
Logistic Regression,0.9926400721314035
Logistic Regression,0.9932191348339852
Logistic Regression,0.9959286679583846
Logistic Regression,0.9903603615919354
Logistic Regression,0.9762813068895568
Logistic Regression,0.9900754353073202
Logistic Regression,0.9879345211659433
Logistic Regression,0.9941374830656083
Logistic Regression,0.9914721177417559
Logistic Regression,0.9907290195678395
Logistic Regression,0.9843383555812695
Logistic Regression,0.9865854522371937
Logistic Regression,0.9902775303168869
Logistic Regression,0.9947220659935415
Logistic Regression,0.9949732494918849
Logistic Regression,0.9817376023078092
Logistic Regression,0.9939533546906869
Logistic Regression,0.9903103694014127
Logistic Regression,0.9826760069520677
Logistic Regression,0.9937212919247509
Logistic Regression,0.9949761966736838
Logistic Regression,0.9797210909460012
Logistic Regression,0.9890798112827834
Logistic Regression,0.9941847969808723
Logistic Regression,0.9890302654043611
Logistic Regression,0.9906769610603733
Logistic Regression,0.9867031787738001
Logistic Regression,0.991239121237845
Logistic Regression,0.9874376635707868
Logistic Regression,0.9926807264922092
Logistic Regression,0.9941628846323838
Logistic Regression,0.9885361538384236
Logistic Regression,0.9800637689341185
Logistic Regression,0.9936404547962404
Logistic Regression,0.9915899380670888
Logistic Regression,0.9918053770870117
Logistic Regression,0.9932484745052436
Logistic Regression,0.9909931463742013
Logistic Regression,0.9804653923553845
Logistic Regression,0.985846403141758
Logistic Regression,0.9933459828769878
Logistic Regression,0.991862250749093
Logistic Regression,0.9823044839330091
Logistic Regression,0.9791134005424335
Logistic Regression,0.9898041098415657
Logistic Regression,0.9868646979937243
Logistic Regression,0.9817483296780736
Logistic Regression,0.9907274783797891
Logistic Regression,0.992340449854619
Logistic Regression,0.9948714539536119
Logistic Regression,0.9824904397073351
Logistic Regression,0.9914330010536448
Logistic Regression,0.9816473719614518
Logistic Regression,0.9935433917503378
Logistic Regression,0.9810394550771194
Logistic Regression,0.9888187813721947
Logistic Regression,0.9934307815646269
Logistic Regression,0.9941017493848654
Logistic Regression,0.9876788915290331
Logistic Regression,0.9849394096018088
Logistic Regression,0.9913266429784708
Logistic Regression,0.9886790041456546
Logistic Regression,0.985877316909086
Logistic Regression,0.9852319852586894
Logistic Regression,0.9780656760141527
Logistic Regression,0.9922381734409428
Logistic Regression,0.9856869318962496
Logistic Regression,0.9868441296864245
Logistic Regression,0.9900752573392319
Logistic Regression,0.9877546381373651
Logistic Regression,0.9841992194331718
Logistic Regression,0.9909701054631291
Logistic Regression,0.9900674607743165
Logistic Regression,0.9849687469708611
Logistic Regression,0.9847777597888546
Logistic Regression,0.9929367652226757
Logistic Regression,0.9854269190065517
Logistic Regression,0.9876381598213922
Logistic Regression,0.9945965689709214
Logistic Regression,0.9819570896545685
Logistic Regression,0.9856252359108997
Logistic Regression,0.9924675548712562
Logistic Regression,0.9840467883493331
Logistic Regression,0.979713641892237
Logistic Regression,0.9916211654022168
Logistic Regression,0.9863058359245724
Logistic Regression,0.9940942242952148
Logistic Regression,0.9927753520533285
Logistic Regression,0.9908975669296314
Logistic Regression,0.9941837609123972
Logistic Regression,0.9838274625830673
Logistic Regression,0.9835951321704384
Logistic Regression,0.9927526764354717
Logistic Regression,0.9839029191925955
Logistic Regression,0.9876284574795203
Logistic Regression,0.9877478373408831
Logistic Regression,0.9868504662187639
Logistic Regression,0.9871212323167511
Logistic Regression,0.9845522996424965
Logistic Regression,0.9926834654730179
Logistic Regression,0.9931814251898062
Logistic Regression,0.970738701638875
Logistic Regression,0.9926263666362828
Logistic Regression,0.9914190280491736
Logistic Regression,0.9930600707394699
Logistic Regression,0.9934086497273132
Logistic Regression,0.9884396584654521
Logistic Regression,0.9930411856091463
Logistic Regression,0.9928174475951163
Logistic Regression,0.9902333306141425
Logistic Regression,0.9739413993397417
Logistic Regression,0.9783997517379444
Logistic Regression,0.9880012301421136
Logistic Regression,0.995196547672715
Logistic Regression,0.988261565536507
Logistic Regression,0.9938778799429692
Logistic Regression,0.9936775263618566
Logistic Regression,0.9910719815712801
Logistic Regression,0.9915543897685936
Logistic Regression,0.9922956476101369
Logistic Regression,0.9822714962061748
Logistic Regression,0.9816636983742029
Logistic Regression,0.9930727102596238
Logistic Regression,0.9943830614096663
Logistic Regression,0.9927537469060108
Logistic Regression,0.9939210784472705
Logistic Regression,0.9797274772890244
Logistic Regression,0.9871936246151424
Logistic Regression,0.9850351959437368
Logistic Regression,0.9881278768131425
Logistic Regression,0.9926533894850869
Logistic Regression,0.9942711094328681
Logistic Regression,0.9910292274774457
Logistic Regression,0.9904773655692203
Logistic Regression,0.9955247338382153
Logistic Regression,0.9928676739653622
Logistic Regression,0.9935775047938684
Logistic Regression,0.9875576404898259
Logistic Regression,0.9890587776164448
Logistic Regression,0.9936707860261933
Logistic Regression,0.9935081632056965
Logistic Regression,0.9831006475686876
Logistic Regression,0.9885815479284779
Logistic Regression,0.9934875027071761
Logistic Regression,0.9859527090210043
Logistic Regression,0.9927647247061997
Logistic Regression,0.9936765751631645
Logistic Regression,0.9941876182871708
Logistic Regression,0.9915112440090867
Logistic Regression,0.992819005793651
Logistic Regression,0.9903430997224604
Logistic Regression,0.9849309302593056
Logistic Regression,0.9929407456611253
Logistic Regression,0.98564820991228
Logistic Regression,0.9856183483214518
Logistic Regression,0.9938744125275251
Logistic Regression,0.9894934509711742
Logistic Regression,0.993593854718725
Logistic Regression,0.991642450425572
Logistic Regression,0.9932170934625776
Logistic Regression,0.9937614906286034
Logistic Regression,0.9854466345421313
Logistic Regression,0.9937861322522014
Logistic Regression,0.9917203355821953
Logistic Regression,0.9782931663000458
Logistic Regression,0.985151943158547
Logistic Regression,0.9904334017589789
Logistic Regression,0.9907594771747297
Logistic Regression,0.9787271446320623
Logistic Regression,0.9937728940966908
Logistic Regression,0.987237700260943
Logistic Regression,0.9895578991457011
Logistic Regression,0.9843069870635831
Logistic Regression,0.9868712268840977
Logistic Regression,0.9794572558452731
Logistic Regression,0.9925586130430349
Logistic Regression,0.9867698465426632
Logistic Regression,0.9889645396384869
Logistic Regression,0.9883822853965728
Logistic Regression,0.9896874801896425
Logistic Regression,0.9829865325502756
Logistic Regression,0.9927986312431661
Logistic Regression,0.9939992913985293
Logistic Regression,0.9930354929600015
Logistic Regression,0.9904512805235294
Logistic Regression,0.9877114328016295
Logistic Regression,0.9889461862067589
Logistic Regression,0.9929446718595312
Logistic Regression,0.9946548046381765
Logistic Regression,0.9822008744229374
Logistic Regression,0.9823265776533635
Logistic Regression,0.9900308432918725
Logistic Regression,0.9870858504324828
Logistic Regression,0.9845653547296087
Logistic Regression,0.9823669859706372
Logistic Regression,0.9883117684672929
Logistic Regression,0.9866126772530065
Logistic Regression,0.9913626935181742
Logistic Regression,0.9928448344146593
Logistic Regression,0.9935662176969728
Logistic Regression,0.9929306507354483
Logistic Regression,0.9938506993816777
Logistic Regression,0.9887997133823377
Logistic Regression,0.9899074861664482
Logistic Regression,0.9880970550808459
Logistic Regression,0.9921532165827512
Logistic Regression,0.9931711613657046
Logistic Regression,0.9862986341138206
Logistic Regression,0.9908708033361778
Logistic Regression,0.9810213438771654
Logistic Regression,0.99452225637425
Logistic Regression,0.9941751259311945
Logistic Regression,0.9883706218138437
Logistic Regression,0.9860793687758029
Logistic Regression,0.9923854940150056
Logistic Regression,0.9910689318101189
Logistic Regression,0.9920901223433101
Logistic Regression,0.9880053141356884
Logistic Regression,0.9926351859907286
Logistic Regression,0.983480192716074
Logistic Regression,0.9865306126180232
Logistic Regression,0.9849554616443165
Logistic Regression,0.9831526397456596
Logistic Regression,0.9921819477024634
Logistic Regression,0.9888977709026274
Logistic Regression,0.9926190779826408
Logistic Regression,0.9859026541365886
Logistic Regression,0.9919851843896252
Logistic Regression,0.9878421149386155
Logistic Regression,0.9812479540477518
Logistic Regression,0.9762323700192115
Logistic Regression,0.9811924533067916
Logistic Regression,0.9900769140288328
Logistic Regression,0.9850332649490803
Logistic Regression,0.9818771730513637
Logistic Regression,0.9920382436550365
Logistic Regression,0.991105211582508
Logistic Regression,0.9900830789249349
Logistic Regression,0.9798448992344536
Logistic Regression,0.9868966151452232
Logistic Regression,0.9892829924098813
Logistic Regression,0.9917848160660991
Logistic Regression,0.9940900121890001
Logistic Regression,0.9833205381283379
Logistic Regression,0.9933339933851579
Logistic Regression,0.9819831456448829
Logistic Regression,0.9911837253469193
Logistic Regression,0.9898300998054195
Logistic Regression,0.9875741438418788
Logistic Regression,0.9836136443613565
Logistic Regression,0.9889978456012011
Logistic Regression,0.9914075146786167
Logistic Regression,0.9747333800761209
Logistic Regression,0.9938880013517304
Logistic Regression,0.9926287107057481
Logistic Regression,0.9909641005686768
Logistic Regression,0.9919903893858653
Logistic Regression,0.9935842937858075
Logistic Regression,0.9728759435275602
Logistic Regression,0.9905522012274359
Logistic Regression,0.9942221171600693
Logistic Regression,0.9914311220388524
Logistic Regression,0.9944309218574241
Logistic Regression,0.9937830977998454
Logistic Regression,0.9911973324284431
Logistic Regression,0.9888858547183073
Logistic Regression,0.9911417185244505
Logistic Regression,0.9939827491405706
Logistic Regression,0.9855113319347271
Logistic Regression,0.9857226874746225
Logistic Regression,0.9940318481621855
Logistic Regression,0.9883521530190205
Logistic Regression,0.9833113560316666
Logistic Regression,0.99357682891464
Logistic Regression,0.9868585040297915
Logistic Regression,0.992495731949972
Logistic Regression,0.9912778889925491
Logistic Regression,0.9936568589555894
Logistic Regression,0.9791508287245304
Logistic Regression,0.9918272225291693
Logistic Regression,0.9936212529170046
Logistic Regression,0.9934840852501188
Logistic Regression,0.985188063170602
Logistic Regression,0.9925236779648209
Logistic Regression,0.9817890578515621
Logistic Regression,0.9926287602275383
Logistic Regression,0.9847581360418267
Logistic Regression,0.9901860648441646
Logistic Regression,0.9949477747472751
Logistic Regression,0.9808233515373088
Logistic Regression,0.9929937233813377
Logistic Regression,0.9846132282775172
Logistic Regression,0.9948231985392648
Logistic Regression,0.9933381176562496
Logistic Regression,0.9912593288090545
Logistic Regression,0.9910735767452334
Logistic Regression,0.9921345382494821
Logistic Regression,0.9867862375474963
Logistic Regression,0.9841121147803016
Logistic Regression,0.9925191703704628
Logistic Regression,0.9860830437552714
Logistic Regression,0.9879434900651145
Logistic Regression,0.9936987273228564
Logistic Regression,0.9806799492783992
Logistic Regression,0.9926700464350058
Logistic Regression,0.9867442008166563
Logistic Regression,0.986052805708685
Logistic Regression,0.9946481825531067
Logistic Regression,0.9926150421867428
Logistic Regression,0.9794424557387725
Logistic Regression,0.9782244599722025
Logistic Regression,0.980995868027274
Logistic Regression,0.992512172752005
Logistic Regression,0.9933742828387487
Logistic Regression,0.990252509919209
Logistic Regression,0.98951227303751
Logistic Regression,0.9892785112912242
Logistic Regression,0.9931404901991122
Logistic Regression,0.9912546966313828
Logistic Regression,0.9861269655750842
Logistic Regression,0.9802760279962759
Logistic Regression,0.9902170762245069
Logistic Regression,0.9901393810801148
Logistic Regression,0.9908613894902382
Logistic Regression,0.9923505980003618
Logistic Regression,0.9917591043163336
Logistic Regression,0.9851315182533327
Logistic Regression,0.9930833577620591
Logistic Regression,0.9909180776677671
Logistic Regression,0.9959183177135736
Logistic Regression,0.9925272821892619
Logistic Regression,0.9892602914852778
Logistic Regression,0.9819774706017316
Logistic Regression,0.9812019844891083
Logistic Regression,0.9938838561568937
Logistic Regression,0.98706632968669
Logistic Regression,0.9880967160266454
Logistic Regression,0.9824545341965424
Logistic Regression,0.9939128653136483
Logistic Regression,0.9940781190182634
Logistic Regression,0.9923053211654734
Logistic Regression,0.9861722666237417
Logistic Regression,0.9938483917535416
Logistic Regression,0.9924897187560087
Logistic Regression,0.9842084995655438
Logistic Regression,0.9932416336837043
Logistic Regression,0.989776185415233
Logistic Regression,0.9903904739584828
Logistic Regression,0.985985037441156
Logistic Regression,0.9912719129464972
Logistic Regression,0.9916829645503561
Logistic Regression,0.9923060924768164
Logistic Regression,0.9898834840928444
Logistic Regression,0.9937326956729587
Logistic Regression,0.9846026661457598
Logistic Regression,0.9926401890713558
Logistic Regression,0.9927753938819264
Logistic Regression,0.9874626763185892
Logistic Regression,0.9940441072889603
Logistic Regression,0.9814348988215246
Logistic Regression,0.9860962276824042
Logistic Regression,0.9920195017363677
Logistic Regression,0.9899311544804147
Logistic Regression,0.9847994314103417
Logistic Regression,0.9850388114001548
Logistic Regression,0.9943470449828661
Logistic Regression,0.9821342322970863
Logistic Regression,0.9861157550273553
Logistic Regression,0.9813557899438291
Logistic Regression,0.9914189200531371
Logistic Regression,0.981693370695719
Logistic Regression,0.992361568481412
Logistic Regression,0.9920771745773005
Logistic Regression,0.9917056631811075
Logistic Regression,0.9925696230125379
Logistic Regression,0.9922722967619546
Logistic Regression,0.9925799280943447
Logistic Regression,0.9908343126727237
Logistic Regression,0.9862516311240334
Logistic Regression,0.9863825917073435
Logistic Regression,0.9921773171745628
Logistic Regression,0.9831315252225102
Logistic Regression,0.9934865414401712
Logistic Regression,0.9933805633334949
Logistic Regression,0.9926985661535935
Logistic Regression,0.9797056482384977
Logistic Regression,0.991257253443031
Logistic Regression,0.9904936770956868
Logistic Regression,0.9922346514431704
Logistic Regression,0.9858093129955445
Logistic Regression,0.9935460738803734
Logistic Regression,0.987238695596431
Logistic Regression,0.9803659935865373
Logistic Regression,0.9848040813540992
Logistic Regression,0.977332280551219
Logistic Regression,0.9919476658326524
Logistic Regression,0.9858320187052569
Logistic Regression,0.9853835206156253
Logistic Regression,0.9920304149333535
Logistic Regression,0.9943172450532441
Logistic Regression,0.9900848415024932
Logistic Regression,0.9939381897191714
Logistic Regression,0.9909529735557197
Logistic Regression,0.9881099890663697
Logistic Regression,0.9888694565603352
Logistic Regression,0.9933883975128345
Logistic Regression,0.9934837972594959
Logistic Regression,0.9903743560013277
Logistic Regression,0.9921969605163635
Logistic Regression,0.9860222885444007
Logistic Regression,0.9885077187412359
Logistic Regression,0.9888157296616508
Logistic Regression,0.9945557220103144
Logistic Regression,0.9837193282561881
Logistic Regression,0.98107564176423
Logistic Regression,0.9918260347770131
Logistic Regression,0.9927712957670841
Logistic Regression,0.9882939303739738
Logistic Regression,0.9942578884151264
Logistic Regression,0.991908374994631
Logistic Regression,0.9927882580088685
Logistic Regression,0.9929487628190761
Logistic Regression,0.9849527953218196
Logistic Regression,0.9881038643297781
Logistic Regression,0.9937373621686411
Logistic Regression,0.992965962518374
Logistic Regression,0.9921526858062378
Logistic Regression,0.9952646565747866
Logistic Regression,0.9880840148340486
Logistic Regression,0.9819111654585551
Logistic Regression,0.9924230460395044
Logistic Regression,0.9893764736858214
Logistic Regression,0.9830153680226467
Logistic Regression,0.9908702253031579
Logistic Regression,0.9941417218379012
Logistic Regression,0.9887375125433857
Logistic Regression,0.9842636179707795
Logistic Regression,0.9929391818250775
Logistic Regression,0.9810047608219082
Logistic Regression,0.9939096254661474
Logistic Regression,0.9943444646661904
Logistic Regression,0.9914205880074037
Logistic Regression,0.9871313276863849
Logistic Regression,0.986174622560881
Logistic Regression,0.991881130386008
Logistic Regression,0.9941724944656105
Logistic Regression,0.9934404357803724
Logistic Regression,0.9949517299712367
Logistic Regression,0.9928230243125299
Logistic Regression,0.9804739226532322
Logistic Regression,0.9946851855069425
Logistic Regression,0.9865024514063448
Logistic Regression,0.9926203480228493
Logistic Regression,0.9867091210902819
Logistic Regression,0.9866669565544045
Logistic Regression,0.9847169616810686
Logistic Regression,0.9918178993911769
Logistic Regression,0.9853705843950017
Logistic Regression,0.9881383900152912
Logistic Regression,0.9908500992147748
Logistic Regression,0.989771738043994
Logistic Regression,0.9916691641709531
Logistic Regression,0.9939553808505749
Logistic Regression,0.990150655955746
Logistic Regression,0.9941272299017337
Logistic Regression,0.9925865735085273
Logistic Regression,0.9933865558562113
Logistic Regression,0.977354755124698
Logistic Regression,0.993141753204079
Logistic Regression,0.9889592488374801
Logistic Regression,0.9917640746037956
Logistic Regression,0.9924076103743731
Logistic Regression,0.9884844791204833
Logistic Regression,0.9912585576618921
Logistic Regression,0.986378966879515
Logistic Regression,0.9899700202358689
Logistic Regression,0.9909077300837797
Logistic Regression,0.9899412178928555
Logistic Regression,0.9902238213416269
Logistic Regression,0.9939489166458746
Logistic Regression,0.9929688550857749
Logistic Regression,0.9948307939405594
Logistic Regression,0.9936899854536594
Logistic Regression,0.9914681017705076
Logistic Regression,0.989936965484027
Logistic Regression,0.9940027214400505
Logistic Regression,0.9775023337608323
Logistic Regression,0.9862763627241933
Logistic Regression,0.9897234204307964
Logistic Regression,0.9907059413847118
Logistic Regression,0.9859369253933266
Logistic Regression,0.9940049207768515
Logistic Regression,0.9915589850150714
Logistic Regression,0.9877630716888739
Logistic Regression,0.9904635043368372
Logistic Regression,0.993441947292607
Logistic Regression,0.9911951559633284
Logistic Regression,0.9936945573302869
Logistic Regression,0.9925697092487737
Logistic Regression,0.9785168697055288
Logistic Regression,0.9944555337678129
Logistic Regression,0.984517563128851
Logistic Regression,0.9821748735236868
Logistic Regression,0.9880725648819809
Logistic Regression,0.9908488798556829
Logistic Regression,0.9797873555390637
Logistic Regression,0.9917625143006193
Logistic Regression,0.9905778370298515
Logistic Regression,0.9858032924407089
Logistic Regression,0.9856172294223222
Logistic Regression,0.9845416705537504
Logistic Regression,0.9889774918631195
Logistic Regression,0.9905949702160228
Logistic Regression,0.9941008602973409
Logistic Regression,0.9931273245374491
Logistic Regression,0.9854219893790743
Logistic Regression,0.994148274444178
Logistic Regression,0.9906970677451143
Logistic Regression,0.9856142051868758
Logistic Regression,0.9881578972469035
Logistic Regression,0.9899636900514215
Logistic Regression,0.9945888838900523
Logistic Regression,0.9941118927899649
Logistic Regression,0.9840740846836615
Logistic Regression,0.9824937037936372
Logistic Regression,0.9883563107807904
Logistic Regression,0.9804129577517652
Logistic Regression,0.9932862871817187
Logistic Regression,0.984187497749645
Logistic Regression,0.9914166305283685
Logistic Regression,0.9934095510515966
Logistic Regression,0.9932561404993225
Logistic Regression,0.9921368642633563
Logistic Regression,0.9910153346860016
Logistic Regression,0.9851870919754487
Logistic Regression,0.9938860893428569
Logistic Regression,0.9941401338583653
Logistic Regression,0.9908821339026584
Logistic Regression,0.9946392097051177
Logistic Regression,0.9833996743049646
Logistic Regression,0.9770687830578701
Logistic Regression,0.9907870043178838
Logistic Regression,0.9924384836998628
Logistic Regression,0.9838926338208158
Logistic Regression,0.9842107530049724
Logistic Regression,0.9876577897969469
Logistic Regression,0.9927379114646742
Logistic Regression,0.9896317537043157
Logistic Regression,0.9935007465660135
Logistic Regression,0.9908014998189473
Logistic Regression,0.9941759809885368
Logistic Regression,0.9889789057615597
Logistic Regression,0.9915731399012818
Logistic Regression,0.9882576369141948
Logistic Regression,0.9932352433780057
Logistic Regression,0.9932821809626977
Logistic Regression,0.9910229824235094
Logistic Regression,0.9938361304584452
Logistic Regression,0.9842335455300831
Logistic Regression,0.9929634504902782
Logistic Regression,0.9865222183196282
Logistic Regression,0.9881894218258154
Logistic Regression,0.9846724768339203
Logistic Regression,0.9931616193402958
Logistic Regression,0.988273308736618
Logistic Regression,0.9892444983294939
Logistic Regression,0.9781373769880669
Logistic Regression,0.9945393744228003
Logistic Regression,0.9853213195981964
Logistic Regression,0.9942397527166543
Logistic Regression,0.9898423939164868
Logistic Regression,0.9908145675650554
Logistic Regression,0.9914900117261397
Logistic Regression,0.9865675021053972
Logistic Regression,0.9920417146320503
Logistic Regression,0.9914712358903572
Logistic Regression,0.9916838374599948
Logistic Regression,0.9803994517381279
Logistic Regression,0.990103006515422
Logistic Regression,0.9911967010052671
Logistic Regression,0.9939414186359322
Logistic Regression,0.9927400525541638
Logistic Regression,0.9816033441649544
Logistic Regression,0.9808772462387234
Logistic Regression,0.987465603646531
Logistic Regression,0.9909692320854991
Logistic Regression,0.9803626221008023
Logistic Regression,0.9877165147314568
Logistic Regression,0.9934629226869776
Logistic Regression,0.9917261373856493
Logistic Regression,0.9937585508018029
Logistic Regression,0.987534121381428
Logistic Regression,0.9896511787504843
Logistic Regression,0.9876542001695533
Logistic Regression,0.9933723054057552
Logistic Regression,0.984989778518977
Logistic Regression,0.9918262848143589
Logistic Regression,0.9943403400861268
Logistic Regression,0.9941460199696123
Logistic Regression,0.9940097007069069
Logistic Regression,0.9914948155951471
Logistic Regression,0.9949159589682266
Logistic Regression,0.9902635314463032
Logistic Regression,0.9877325405313562
Logistic Regression,0.9933198343872401
Logistic Regression,0.9910691143375097
Logistic Regression,0.9927551651987084
Logistic Regression,0.9922537247858295
Logistic Regression,0.9917643246222703
Logistic Regression,0.9840713591746577
Logistic Regression,0.9932542502437315
Logistic Regression,0.990817810710725
Logistic Regression,0.9811842232074988
Logistic Regression,0.9868811860758724
Logistic Regression,0.991867458197059
Logistic Regression,0.9735097083267075
Logistic Regression,0.991648574256199
Logistic Regression,0.9935530027297733
Logistic Regression,0.9885465084880022
Logistic Regression,0.9932423268351318
Logistic Regression,0.9906689881222976
Logistic Regression,0.9812448945892548
Logistic Regression,0.9886560076286516
Logistic Regression,0.9931350717144388
Logistic Regression,0.9884720883991253
Logistic Regression,0.9875682328557385
Logistic Regression,0.9931048565270261
Logistic Regression,0.9820349417655179
Logistic Regression,0.9921813916308202
Logistic Regression,0.993043974430195
Logistic Regression,0.9935662141797932
Logistic Regression,0.9837244929396439
Logistic Regression,0.9924435475456492
Logistic Regression,0.9926972994140638
Logistic Regression,0.9932565438879032
Logistic Regression,0.9756805406156508
Logistic Regression,0.9936449890480707
Logistic Regression,0.9872247616988511
Logistic Regression,0.9874248335909411
Logistic Regression,0.9890816352434082
Logistic Regression,0.9942652366302757
Logistic Regression,0.992168431819879
Logistic Regression,0.992248415661178
Logistic Regression,0.9922489203635781
Logistic Regression,0.9858946007743156
Logistic Regression,0.9883379498033171
Logistic Regression,0.9904688465649683
Logistic Regression,0.9909657000165859
Logistic Regression,0.9850801865773777
Logistic Regression,0.9911248052737758
Logistic Regression,0.9893154887857467
Logistic Regression,0.9888988353044154
Logistic Regression,0.9843418747691753
Logistic Regression,0.987326305093019
Logistic Regression,0.9930808256226077
Logistic Regression,0.9933492996802953
Logistic Regression,0.9913669444155537
Logistic Regression,0.9834964254951384
Logistic Regression,0.9956727126260131
Logistic Regression,0.976171950268525
Logistic Regression,0.9922289792745687
Logistic Regression,0.9900749599400477
Logistic Regression,0.991781963888468
Logistic Regression,0.9903463484563755
Logistic Regression,0.9902829389118173
Logistic Regression,0.9935141775482877
Logistic Regression,0.9771914333673404
Logistic Regression,0.9795658890341421
Logistic Regression,0.9787860182043034
Logistic Regression,0.9900986733018279
Logistic Regression,0.9867387837338365
Logistic Regression,0.9924509340233776
Logistic Regression,0.9942154733060272
Logistic Regression,0.9881610743837984
Logistic Regression,0.9944510514971857
Logistic Regression,0.9924197138003138
Logistic Regression,0.9840050145912338
Logistic Regression,0.9857088784979191
Logistic Regression,0.9904902694861917
Logistic Regression,0.9931592642314695
Logistic Regression,0.9901823091002292
Logistic Regression,0.9866405843393784
Logistic Regression,0.9878487971620291
Logistic Regression,0.9828387013065932
Logistic Regression,0.9854368966922015
Logistic Regression,0.9913643450846968
Logistic Regression,0.9900944145198127
Logistic Regression,0.9848749512991949
Logistic Regression,0.9929791001657752
Logistic Regression,0.992047580765608
Logistic Regression,0.9909614336998712
Logistic Regression,0.9895405192129646
Logistic Regression,0.9898409255630829
Logistic Regression,0.9918682166176367
Logistic Regression,0.9908998089125128
Logistic Regression,0.9929269308558468
Logistic Regression,0.9870064463994702
Logistic Regression,0.9874628466044678
Logistic Regression,0.9923530563041982
Logistic Regression,0.9938577581198039
Logistic Regression,0.9941447033708922
Logistic Regression,0.987443832777739
Logistic Regression,0.9905179984760595
Logistic Regression,0.9916560592068977
Logistic Regression,0.9918606592123614
Logistic Regression,0.9935124026997835
Logistic Regression,0.9914887176315577
Logistic Regression,0.9927793716923656
Logistic Regression,0.987142314206445
Logistic Regression,0.9898607963216021
Logistic Regression,0.9925571830665143
Logistic Regression,0.977183093154659
Logistic Regression,0.993417108613991
Logistic Regression,0.9811089640243805
Logistic Regression,0.991593594190361
Logistic Regression,0.9895874290859468
Logistic Regression,0.9898310063983803
Logistic Regression,0.982071843287301
Logistic Regression,0.9848344367164563
Logistic Regression,0.9852655082153317
Logistic Regression,0.9938825261029125
Logistic Regression,0.9930858447051689
Logistic Regression,0.9918256063512471
Logistic Regression,0.9932089606755917
Logistic Regression,0.9850490279408773
Logistic Regression,0.9902289290942536
Logistic Regression,0.9900271049885286
Logistic Regression,0.9930984124608911
Logistic Regression,0.9935841844973048
Logistic Regression,0.98975852095869
Logistic Regression,0.9879710145491141
Logistic Regression,0.9695644581414081
Logistic Regression,0.9930865331374812
Logistic Regression,0.9918018670782742
Logistic Regression,0.9921555814349705
Logistic Regression,0.9920168217178692
Logistic Regression,0.9863206747597281
Logistic Regression,0.9924041770814198
Logistic Regression,0.9931143027184736
Logistic Regression,0.9779373831089765
Logistic Regression,0.9802489816418072
Logistic Regression,0.9914987915625055
Logistic Regression,0.9882257661779629
Logistic Regression,0.9913774799782187
Logistic Regression,0.9939954934947811
Logistic Regression,0.984260361262138
Logistic Regression,0.981292375315888
Logistic Regression,0.9918112013087425
Logistic Regression,0.9924356066828446
Logistic Regression,0.9919148689509241
Logistic Regression,0.9860836122169188
Logistic Regression,0.9839336039020549
Logistic Regression,0.9890440821087033
Logistic Regression,0.9882707209201304
Logistic Regression,0.9934105019578658
Logistic Regression,0.9897562770426418
Logistic Regression,0.98857424407249
Logistic Regression,0.9933152772573859
Logistic Regression,0.9923283864888948
Logistic Regression,0.9940891325773046
Logistic Regression,0.9912265167607323
Logistic Regression,0.9839627076487193
Logistic Regression,0.9830685340446664
Logistic Regression,0.9879678434416725
Logistic Regression,0.9924465634966214
Logistic Regression,0.9928066670574264
Logistic Regression,0.9926599696444309
Logistic Regression,0.9838356879750032
Logistic Regression,0.99476879227795
Logistic Regression,0.994241438709756
Logistic Regression,0.9909388956092964
Logistic Regression,0.9934374659584785
Logistic Regression,0.9937458162471455
Logistic Regression,0.9810813378268332
Logistic Regression,0.9918184563533103
Logistic Regression,0.994534516627324
Logistic Regression,0.9827852868677435
Logistic Regression,0.9865840915882637
Logistic Regression,0.9910559943254139
Logistic Regression,0.9937548604839646
Logistic Regression,0.9906069172089104
Logistic Regression,0.9774187409671952
Logistic Regression,0.9866005557070652
Logistic Regression,0.992775419871023
Logistic Regression,0.991466419323107
Logistic Regression,0.9920059749959731
Logistic Regression,0.9863146402419755
Logistic Regression,0.9867895895723781
Logistic Regression,0.9839693535133281
Logistic Regression,0.9935766364799903
Logistic Regression,0.990250216390993
Logistic Regression,0.9935094941953918
Logistic Regression,0.9763584968746883
Logistic Regression,0.9890552601729186
Logistic Regression,0.9912024401937833
Logistic Regression,0.9932458468696139
Logistic Regression,0.9923371339524736
Logistic Regression,0.9934363820100671
Logistic Regression,0.9910565733503246
Logistic Regression,0.9882382635679092
Logistic Regression,0.9914471336368664
Logistic Regression,0.9937686464231096
Logistic Regression,0.9882877719679172
Logistic Regression,0.9849564234683192
Logistic Regression,0.9931015232834395
Logistic Regression,0.9939101380424491
Logistic Regression,0.9823999307828915
Logistic Regression,0.993486981055796
Logistic Regression,0.992521124568657
Logistic Regression,0.991530408748196
Logistic Regression,0.9852876874204872
Logistic Regression,0.990479121110874
Logistic Regression,0.992709710647749
Logistic Regression,0.9891126520616395
Logistic Regression,0.9924289977091267
Logistic Regression,0.9874164028622463
Logistic Regression,0.9836453479612648
Logistic Regression,0.9940977014570652
Logistic Regression,0.9847891842601925
Logistic Regression,0.9912318533195758
Logistic Regression,0.9925870351914929
Logistic Regression,0.9841774063565845
Logistic Regression,0.9890587375361217
Logistic Regression,0.9927379435083875
Logistic Regression,0.9934848177221282
Logistic Regression,0.9928357767655909
Logistic Regression,0.9942001055822017
Logistic Regression,0.9933285959692234
Logistic Regression,0.994365439519642
Logistic Regression,0.9902808162397041
Logistic Regression,0.9806864704356795
Logistic Regression,0.9912579996359817
Logistic Regression,0.9916832406939248
Logistic Regression,0.9933038970872065
Logistic Regression,0.9925674074641067
Logistic Regression,0.9898624761750467
Logistic Regression,0.9930423306925151
Logistic Regression,0.9946437699385047
Logistic Regression,0.9921953344751776
Logistic Regression,0.9942537475311393
Logistic Regression,0.9931631690951843
Logistic Regression,0.990768543479767
Logistic Regression,0.9937633710031444
Logistic Regression,0.9932863418161035
Logistic Regression,0.9934106405461891
Logistic Regression,0.9843189800098798
Logistic Regression,0.9938372464305419
Logistic Regression,0.9934503358837886
Logistic Regression,0.9866690860317804
Logistic Regression,0.9926129170299172
Logistic Regression,0.9945138503634688
Logistic Regression,0.9876338967790581
Logistic Regression,0.9877367054630019
Logistic Regression,0.9930612995849883
Logistic Regression,0.9920304745345727
Logistic Regression,0.9881611531986656
Logistic Regression,0.9933314339113598
Logistic Regression,0.9876157016363002
Logistic Regression,0.9886061390103325
Logistic Regression,0.9860032179440856
Logistic Regression,0.983897860741546
Logistic Regression,0.9840622939276562
Logistic Regression,0.9905311199971769
Logistic Regression,0.9818518542556723
Logistic Regression,0.9822718788695056
Logistic Regression,0.9903468330267402
Logistic Regression,0.9955092611060143
Logistic Regression,0.9940463746590485
Logistic Regression,0.9886265114698953
Logistic Regression,0.9785514216848266
Logistic Regression,0.9882109985177971
Logistic Regression,0.9926206464483952
Logistic Regression,0.9826531968169369
Logistic Regression,0.9941853426590029
Logistic Regression,0.9867851557291036
Logistic Regression,0.9799222046139099
Logistic Regression,0.9920479986481233
Logistic Regression,0.9919931142837911
Logistic Regression,0.9939591221041547
Logistic Regression,0.9924987716545411
Logistic Regression,0.9935222278144328
Logistic Regression,0.9899182888361145
Logistic Regression,0.9911308764408144
Logistic Regression,0.9831591831263421
Logistic Regression,0.9940579972080877
Logistic Regression,0.9806598532784607
Logistic Regression,0.988093708800658
Logistic Regression,0.9920502610353172
Logistic Regression,0.9924043452306185
Logistic Regression,0.9903175705081227
Logistic Regression,0.9934344226414036
Logistic Regression,0.9935183351382365
Logistic Regression,0.9906691798433794
Logistic Regression,0.9840521655337446
Logistic Regression,0.9953413153385007
Logistic Regression,0.9949767307412783
Logistic Regression,0.9859027346511117
Logistic Regression,0.9944634280691586
Logistic Regression,0.9956641827078007
Logistic Regression,0.9923393268650923
Logistic Regression,0.9867162124661408
Logistic Regression,0.9944654552110463
Logistic Regression,0.9923619958128129
Logistic Regression,0.9853017097272578
Logistic Regression,0.9858131697282936
Logistic Regression,0.9920106398011548
Logistic Regression,0.9841038027123946
Logistic Regression,0.9884955600580109
Logistic Regression,0.9924206759268641
Logistic Regression,0.991105044025426
Logistic Regression,0.9892397372773328
Logistic Regression,0.9868107808680061
Logistic Regression,0.9880697037632022
Logistic Regression,0.9913458568747227
Logistic Regression,0.980790706022346
Logistic Regression,0.9894575115155887
Logistic Regression,0.9937130542347195
Logistic Regression,0.9866911141562784
Logistic Regression,0.9950655825297944
Logistic Regression,0.9841194578712738
Logistic Regression,0.9842719585032419
Logistic Regression,0.9922544388895103
Logistic Regression,0.9876159950917909
Logistic Regression,0.9907406292486552
Logistic Regression,0.9893007639710835
Logistic Regression,0.9885406110500746
Logistic Regression,0.9931351174180537
Logistic Regression,0.9943147995627428
Logistic Regression,0.9936084830054113
Logistic Regression,0.9872935554488705
Logistic Regression,0.9841852604859819
Logistic Regression,0.9820861489400763
Logistic Regression,0.9934076406291595
Logistic Regression,0.992621896934971
Logistic Regression,0.9824780367788937
Logistic Regression,0.9856141617490104
Logistic Regression,0.9907988990385538
Logistic Regression,0.9933970526246318
Logistic Regression,0.9948239774904252
Logistic Regression,0.9900679869968537
Logistic Regression,0.9841941710008544
Logistic Regression,0.9945496272812457
Logistic Regression,0.9910998707674965
Logistic Regression,0.9832037318350471
Logistic Regression,0.9883154864316784
Logistic Regression,0.9911517289199412
Logistic Regression,0.9927012611492121
Logistic Regression,0.9840063066069429
Logistic Regression,0.9839551870220805
Logistic Regression,0.985993263074507
Logistic Regression,0.9877992843023958
Logistic Regression,0.9868745572795533
Logistic Regression,0.9884474831048863
Logistic Regression,0.9725495110333217
Logistic Regression,0.9814136779215817
Logistic Regression,0.9923798049756034
Logistic Regression,0.9927556219135754
Logistic Regression,0.9866411430974235
Logistic Regression,0.9938452135015725
Logistic Regression,0.9889012685558056
Logistic Regression,0.9932804952909006
Logistic Regression,0.9920334901259173
Logistic Regression,0.9938547369438028
Logistic Regression,0.9899685910674411
Logistic Regression,0.9855971248253415
Logistic Regression,0.9944171922316173
Logistic Regression,0.9798714414372851
Logistic Regression,0.9836351232485544
Logistic Regression,0.9831535959908502
Logistic Regression,0.9933675499118516
Logistic Regression,0.9926235115798221
Logistic Regression,0.9921324215955847
Logistic Regression,0.9881014262654292
Logistic Regression,0.9915717221842114
Logistic Regression,0.9792474407237719
Logistic Regression,0.9850526940282436
Logistic Regression,0.9934289620266546
Logistic Regression,0.9946086431536455
Logistic Regression,0.9845282891175887
Logistic Regression,0.990120260883659
Logistic Regression,0.9869912104199391
Logistic Regression,0.9929514470020683
Logistic Regression,0.9900856213182823
Logistic Regression,0.9944555907094246
Logistic Regression,0.9816860395861391
Logistic Regression,0.9763870323543486
Logistic Regression,0.9947822448698589
Logistic Regression,0.9920115713769967
Logistic Regression,0.9842559054872678
Logistic Regression,0.9944304075777468
Logistic Regression,0.9885748468305755
Logistic Regression,0.9929845565238945
Logistic Regression,0.9936778426946585
Logistic Regression,0.9878549040918826
Logistic Regression,0.9929726521938411
Logistic Regression,0.980104725110765
Logistic Regression,0.9919631663532759
Logistic Regression,0.9806132725327096
Logistic Regression,0.974523035837211
Logistic Regression,0.9927532224861458
Logistic Regression,0.9920623996444422
Logistic Regression,0.988585567510164
Logistic Regression,0.9891949818746624
Logistic Regression,0.9930568021849724
Logistic Regression,0.9816488206252887
Logistic Regression,0.9870290820278134
Logistic Regression,0.9936122693108281
Logistic Regression,0.9838531638428452
Logistic Regression,0.992923076376547
Logistic Regression,0.9936993004422796
Logistic Regression,0.9907552957997366
Logistic Regression,0.9928749501041716
Logistic Regression,0.9933080402571921
Logistic Regression,0.9844255925102199
Logistic Regression,0.9903865984049073
Logistic Regression,0.9905439944791681
Logistic Regression,0.9835210364450593
Logistic Regression,0.9818970724582183
Logistic Regression,0.992435430128984
Logistic Regression,0.989011332805491
Logistic Regression,0.9901264891374567
Logistic Regression,0.9829260581332296
Logistic Regression,0.9814780549440347
Logistic Regression,0.9900030246359146
Logistic Regression,0.9818403649884173
Logistic Regression,0.9888014482943926
Logistic Regression,0.9858952622596877
Logistic Regression,0.9842834967463183
Logistic Regression,0.9892623122654719
Logistic Regression,0.9932675028573754
Logistic Regression,0.9932360474733757
Logistic Regression,0.9831923996634511
Logistic Regression,0.9865106478843292
Logistic Regression,0.9873366872527956
Logistic Regression,0.9946052801479198
Logistic Regression,0.9835670055833725
Logistic Regression,0.9926675081028358
Logistic Regression,0.9943729607153977
Logistic Regression,0.9822415898451405
Logistic Regression,0.9880547319508296
Logistic Regression,0.9924509371919635
Logistic Regression,0.9930970599819281
Logistic Regression,0.9930633546285307
Logistic Regression,0.9924346839046605
Logistic Regression,0.9884241303053952
Logistic Regression,0.9848986217534977
Logistic Regression,0.9891044371118872
Logistic Regression,0.9922773803221382
Logistic Regression,0.9804127537412364
Logistic Regression,0.994136085890443
Logistic Regression,0.992421180849104
Logistic Regression,0.9920264150296584
Logistic Regression,0.9959049821482092
Logistic Regression,0.9848549120940435
Logistic Regression,0.9878703266925166
Logistic Regression,0.9904018938631133
Logistic Regression,0.9928154949151188
Logistic Regression,0.9940627152707754
Logistic Regression,0.9846173731607487
Logistic Regression,0.9922394658999548
Logistic Regression,0.994231898580314
Logistic Regression,0.9918776975856282
Logistic Regression,0.9934273536325443
Logistic Regression,0.9763538462550564
Logistic Regression,0.990021988050595
Logistic Regression,0.984737936938401
Logistic Regression,0.9907864511151657
Logistic Regression,0.9935878129087126
Logistic Regression,0.9918892097328985
Logistic Regression,0.9921728580277699
Logistic Regression,0.9800485324913802
Logistic Regression,0.9936809320811087
Logistic Regression,0.9917343952733572
Logistic Regression,0.9935884208520428
Logistic Regression,0.987733721666271
Logistic Regression,0.9827722347351571
Logistic Regression,0.9906545656287666
Logistic Regression,0.9936817619117467
Logistic Regression,0.9871333104955251
Logistic Regression,0.9907157277817239
Logistic Regression,0.993823778942712
Logistic Regression,0.9835363302853828
Logistic Regression,0.9900448444870369
Logistic Regression,0.9928834588517659
Logistic Regression,0.9946846590761574
Logistic Regression,0.9921600616038633
Logistic Regression,0.9876004775761539
Logistic Regression,0.9907377299148062
Logistic Regression,0.9838381562728516
Logistic Regression,0.9938248452002738
Logistic Regression,0.9893094187694944
Logistic Regression,0.9825537864038475
Logistic Regression,0.9929551531112777
Logistic Regression,0.9858268312454266
Logistic Regression,0.9853270413531455
Logistic Regression,0.9900075876529492
Logistic Regression,0.9823962193369241
Logistic Regression,0.9864090363305107
Logistic Regression,0.9859695034903309
Logistic Regression,0.9898669411912269
Logistic Regression,0.9837418578026694
Logistic Regression,0.9928233709562208
Logistic Regression,0.9934463821381845
Logistic Regression,0.9899840373418889
Logistic Regression,0.9774963918885884
Logistic Regression,0.9920944248992213
Logistic Regression,0.9838610496086347
Logistic Regression,0.9914516570716089
Logistic Regression,0.9928386130310805
Logistic Regression,0.9814108427689741
Logistic Regression,0.9886722239098533
Logistic Regression,0.9900191881459387
Logistic Regression,0.9873181659957556
Logistic Regression,0.9916640948585405
Logistic Regression,0.9927863031762116
Logistic Regression,0.9924848677030972
Logistic Regression,0.9859967670638619
Logistic Regression,0.9911443822287438
Logistic Regression,0.993524475493618
Logistic Regression,0.9906663646294037
Logistic Regression,0.9914280042930909
Logistic Regression,0.9862386471037706
Logistic Regression,0.987195524208944
Logistic Regression,0.9952575211320199
Logistic Regression,0.9923842676561997
Logistic Regression,0.993950435095458
Logistic Regression,0.9930158389289068
Logistic Regression,0.992961601209296
Logistic Regression,0.9928769964276113
Logistic Regression,0.9873790713156984
Logistic Regression,0.9887497927279396
Logistic Regression,0.9891864319830387
Logistic Regression,0.9878174875662263
Logistic Regression,0.9882760314574272
Logistic Regression,0.983702486636715
Logistic Regression,0.9900053050379103
Logistic Regression,0.9892081217642561
Logistic Regression,0.9919276073531046
Logistic Regression,0.9892258663822319
Logistic Regression,0.982124836757999
Logistic Regression,0.9824312810161415
Logistic Regression,0.9911320463820444
Logistic Regression,0.9747357725012997
Logistic Regression,0.993303322841214
Logistic Regression,0.9930328258615455
Logistic Regression,0.9927054219493529
Logistic Regression,0.9849839770343877
Logistic Regression,0.9786351515782065
Logistic Regression,0.9928741604494103
Logistic Regression,0.9927480360807256
Logistic Regression,0.9932063122787069
Logistic Regression,0.9915220751946221
Logistic Regression,0.9944125493206533
Logistic Regression,0.992961843679787
Logistic Regression,0.991461870003823
Logistic Regression,0.9892422278749993
Logistic Regression,0.993140199796946
Logistic Regression,0.9950867740141811
Logistic Regression,0.9847255365563266
Logistic Regression,0.9927211938155013
Logistic Regression,0.9817786028519091
Logistic Regression,0.9790722864015974
Logistic Regression,0.9928995162332239
Logistic Regression,0.9895252061977103
Logistic Regression,0.9846370195159755
Logistic Regression,0.9849515876236391
Logistic Regression,0.988749028183348
Logistic Regression,0.9932642277447474
Logistic Regression,0.9893664604653387
Logistic Regression,0.9952391770735863
Logistic Regression,0.9882657828380879
Logistic Regression,0.9911967863217492
Logistic Regression,0.9888894892610601
Logistic Regression,0.9907206960197885
Logistic Regression,0.9910235399662923
Logistic Regression,0.9930499282704582
Logistic Regression,0.9876744244847103
Logistic Regression,0.9893542552190092
Logistic Regression,0.9909207298566963
Logistic Regression,0.9888684700814501
Logistic Regression,0.9880894859917624
Logistic Regression,0.9852881195524651
Logistic Regression,0.990112965388301
Logistic Regression,0.9863692204189283
Logistic Regression,0.9828869873575264
Logistic Regression,0.990050686826598
Logistic Regression,0.9933899773256865
Logistic Regression,0.9868086501962404
Logistic Regression,0.9873917565560913
Logistic Regression,0.9936949788360546
Logistic Regression,0.9911126337374542
Logistic Regression,0.9892543460139148
Logistic Regression,0.9879947782994164
Logistic Regression,0.9853073494592629
Logistic Regression,0.9878924813954315
Logistic Regression,0.9837843785143889
Logistic Regression,0.9853079222066254
Logistic Regression,0.9750590165434305
Logistic Regression,0.9850149262975814
Logistic Regression,0.9920794842337924
Logistic Regression,0.992881335697773
Logistic Regression,0.9878903504845767
Logistic Regression,0.9900265261103596
Logistic Regression,0.9857484103069302
Logistic Regression,0.9939631454333666
Logistic Regression,0.9924054916654229
Logistic Regression,0.9815118920397938
Logistic Regression,0.9936455694084798
Logistic Regression,0.9943894195729924
Logistic Regression,0.9891066017684639
Logistic Regression,0.9925215038967173
Logistic Regression,0.9903398478990365
Logistic Regression,0.9847513497594232
Logistic Regression,0.9727712129998906
Logistic Regression,0.9829029049444787
Logistic Regression,0.9886513885270239
Logistic Regression,0.9902290348746686
Logistic Regression,0.9933595792251204
Logistic Regression,0.9941652195486734
Logistic Regression,0.9914693663364712
Logistic Regression,0.9841042754408866
Logistic Regression,0.9859236769274808
Logistic Regression,0.9837953133369348
Logistic Regression,0.9939273283175076
Logistic Regression,0.9925358523171813
Logistic Regression,0.9944193173093784
Logistic Regression,0.9898521024168664
Logistic Regression,0.9811031816218934
Logistic Regression,0.9872200506234863
Logistic Regression,0.9921006541257321
Logistic Regression,0.9858471460809438
Logistic Regression,0.9915368373386646
Logistic Regression,0.9883907560668239
Logistic Regression,0.9902345696212527
Logistic Regression,0.9938536779806464
Logistic Regression,0.9903757279425683
Logistic Regression,0.9918315792943107
Logistic Regression,0.9932747672261156
Logistic Regression,0.991394531193241
Logistic Regression,0.9921948279742563
Logistic Regression,0.992849559677375
Logistic Regression,0.9836056071698929
Logistic Regression,0.989452113372325
Logistic Regression,0.9864721482588004
Logistic Regression,0.9930930356305475
Logistic Regression,0.9933839335380178
Logistic Regression,0.9917717779386909
Logistic Regression,0.9936538468373302
Logistic Regression,0.9931501132087399
Logistic Regression,0.9841624506615153
Logistic Regression,0.9920298909190757
Logistic Regression,0.99358742808087
Logistic Regression,0.9905082971850475
Logistic Regression,0.9877392543646348
Logistic Regression,0.9941364330868033
Logistic Regression,0.9939603354942258
Logistic Regression,0.9824827820157157
Logistic Regression,0.9906919116544788
Logistic Regression,0.9776165491838237
Logistic Regression,0.9897522344397317
Logistic Regression,0.9845233374267629
Logistic Regression,0.9836833275875357
Logistic Regression,0.9902923538636563
Logistic Regression,0.9922048003818131
Logistic Regression,0.9929704989509549
Logistic Regression,0.9825797960354183
Logistic Regression,0.9900769771381798
Logistic Regression,0.9941672520066717
Logistic Regression,0.9883105534992356
Logistic Regression,0.9895521065533631
Logistic Regression,0.9907648667828544
Logistic Regression,0.9882745755129059
Logistic Regression,0.9925854001085938
Logistic Regression,0.9839375321501398
Logistic Regression,0.9893191611861075
Logistic Regression,0.988001931683478
Logistic Regression,0.9919142040127562
Logistic Regression,0.9917666284318765
Logistic Regression,0.9923029228062803
Logistic Regression,0.988903905871891
Logistic Regression,0.9823696627108767
Logistic Regression,0.9889136688590413
Logistic Regression,0.9916429945060469
Logistic Regression,0.9898320214639932
Logistic Regression,0.9930393434133716
Logistic Regression,0.9847750992734275
Logistic Regression,0.9827277692275956
Logistic Regression,0.9829730673068234
Logistic Regression,0.9917017317239527
Logistic Regression,0.9805288416557291
Logistic Regression,0.9922226497542237
Logistic Regression,0.9830584923964534
Logistic Regression,0.9899642463126959
Logistic Regression,0.991089265090842
Logistic Regression,0.9901179546320179
Logistic Regression,0.9823690922566019
Logistic Regression,0.9901086263668379
Logistic Regression,0.9918989345874627
Logistic Regression,0.9942465544458348
Logistic Regression,0.9923479393382614
Logistic Regression,0.9917746445218356
Logistic Regression,0.9931063561430779
Logistic Regression,0.9913764434684176
Logistic Regression,0.9922350833928796
Logistic Regression,0.9918468639638377
Logistic Regression,0.9887415165780308
Logistic Regression,0.9899655044424261
Logistic Regression,0.9885007878000419
Logistic Regression,0.9831276213731464
Logistic Regression,0.9853822000775919
Logistic Regression,0.9825010657172536
Logistic Regression,0.9859558412674859
Logistic Regression,0.9927200596007381
Logistic Regression,0.9915194965600725
Logistic Regression,0.9898545239513613
Logistic Regression,0.9931548267317438
Logistic Regression,0.9916656920702054
Logistic Regression,0.9845615703331445
Logistic Regression,0.9825916533143488
Logistic Regression,0.9915635194703923
Logistic Regression,0.9935835025400566
Logistic Regression,0.9929992942878068
Logistic Regression,0.992728871787405
Logistic Regression,0.9903764894478713
Logistic Regression,0.9837937111112027
Logistic Regression,0.9920163547627023
Logistic Regression,0.9849697188086741
Logistic Regression,0.9929948812164534
Logistic Regression,0.9863457650144964
Logistic Regression,0.9912706019906746
Logistic Regression,0.993932610587384
Logistic Regression,0.9945554217053348
Logistic Regression,0.9916399745875928
Logistic Regression,0.9839523976080755
Logistic Regression,0.9922420724599031
Logistic Regression,0.9901327837710625
Logistic Regression,0.9927455759876913
Logistic Regression,0.9826973672762969
Logistic Regression,0.9834770235443474
Logistic Regression,0.9940684162318766
Logistic Regression,0.9938074376800242
Logistic Regression,0.9927772007883785
Logistic Regression,0.9917202061096538
Logistic Regression,0.993975468833143
Logistic Regression,0.9769079071514926
Logistic Regression,0.9878076537631469
Logistic Regression,0.98761557440834
Logistic Regression,0.9890937975890022
Logistic Regression,0.9840562443228323
Logistic Regression,0.9885671448402401
Logistic Regression,0.9924696105198355
Logistic Regression,0.9933559045552018
Logistic Regression,0.9950780787880918
Logistic Regression,0.9876384209899518
Logistic Regression,0.9941205251268368
Logistic Regression,0.9851761877412551
Logistic Regression,0.9919463768699186
Logistic Regression,0.986513279477806
Logistic Regression,0.9881956135431318
Logistic Regression,0.9909257063664605
Logistic Regression,0.9882557423814188
Logistic Regression,0.9884888452993323
Logistic Regression,0.9842352558608476
Logistic Regression,0.9835890229444572
Logistic Regression,0.9869753542754637
Logistic Regression,0.9888291858122122
Logistic Regression,0.9823635413653596
Logistic Regression,0.9922619414394169
Logistic Regression,0.9941363609410581
Logistic Regression,0.9700231244393287
Logistic Regression,0.9938310296770172
Logistic Regression,0.9887624416308995
Logistic Regression,0.9892334464862076
Logistic Regression,0.9869112196119373
Logistic Regression,0.9888312414495751
Logistic Regression,0.9942087537685401
Logistic Regression,0.9845113791558261
Logistic Regression,0.9919894924981298
Logistic Regression,0.9942832749409904
Logistic Regression,0.9923713282449869
Logistic Regression,0.9932578262224213
Logistic Regression,0.9946442510809471
Logistic Regression,0.9868250978001407
Logistic Regression,0.9949349322839489
Logistic Regression,0.9874658552825352
Logistic Regression,0.9879340357070069
Logistic Regression,0.985033987607819
Logistic Regression,0.9874882771719882
Logistic Regression,0.9935499680964314
Logistic Regression,0.9918933597297809
Logistic Regression,0.9823693183642079
Logistic Regression,0.9937043777378948
Logistic Regression,0.992073866992921
Logistic Regression,0.9934157045538244
Logistic Regression,0.9919730321598118
Logistic Regression,0.99261671214443
Logistic Regression,0.9926942755625003
Logistic Regression,0.9923887405859161
Logistic Regression,0.9882229655801827
Logistic Regression,0.9918197557813135
Logistic Regression,0.9935433823039853
Logistic Regression,0.9904418672084038
Logistic Regression,0.9848038428302407
Logistic Regression,0.9941973573869359
Logistic Regression,0.989129992723333
Logistic Regression,0.9919141986027583
Logistic Regression,0.9922532368018623
Logistic Regression,0.9929921620290613
Logistic Regression,0.987503042689793
Logistic Regression,0.9942420039221033
Logistic Regression,0.9939259946129363
Logistic Regression,0.9889627582368141
Logistic Regression,0.9913912617917163
Logistic Regression,0.9786870094232056
Logistic Regression,0.9935445519164822
Logistic Regression,0.9917107842360153
Logistic Regression,0.9921989107073178
Logistic Regression,0.9932996693242221
Logistic Regression,0.991419787726701
Logistic Regression,0.994026716558109
Logistic Regression,0.989271127794585
Logistic Regression,0.9899082915557765
Logistic Regression,0.9916517154769233
Logistic Regression,0.9891909206770593
Logistic Regression,0.9926886077347228
Logistic Regression,0.9933171994817313
Logistic Regression,0.986547861884717
Logistic Regression,0.989753182249435
Logistic Regression,0.9919797347810229
Logistic Regression,0.9890249647190795
Logistic Regression,0.9935604529881097
Logistic Regression,0.994880401234841
Logistic Regression,0.9843216125487534
Logistic Regression,0.9936334825628754
Logistic Regression,0.9918780064562642
Logistic Regression,0.9899470190035788
Logistic Regression,0.9880876399057611
Logistic Regression,0.9843791662223452
Logistic Regression,0.9858596018270449
Logistic Regression,0.9850904998328434
Logistic Regression,0.9936627362282184
Logistic Regression,0.9883581409870482
Logistic Regression,0.9907387695623724
Logistic Regression,0.992865330830093
Logistic Regression,0.9934150601340505
Logistic Regression,0.9840035202486987
Logistic Regression,0.9929139286268276
Logistic Regression,0.987156138304023
Logistic Regression,0.9828652991463025
Logistic Regression,0.9903228532212145
Logistic Regression,0.9912714499479919
Logistic Regression,0.9880899292062248
Logistic Regression,0.986590602683832
Logistic Regression,0.9949743666201906
Logistic Regression,0.9920454276245201
Logistic Regression,0.9931545338909809
Logistic Regression,0.9898844203403588
Logistic Regression,0.9926364461552272
Logistic Regression,0.9923165525924467
Logistic Regression,0.9946162854449178
Logistic Regression,0.9867402675817052
Logistic Regression,0.9865555304279064
Logistic Regression,0.9918433553813462
Logistic Regression,0.9872517554899554
Logistic Regression,0.9929750607627589
Logistic Regression,0.9850041196224734
Logistic Regression,0.9926063047186284
Logistic Regression,0.9888361285894295
Logistic Regression,0.9922721268838197
Logistic Regression,0.9936621148436071
Logistic Regression,0.991153033452518
Logistic Regression,0.9903455230242015
Logistic Regression,0.9906448604762323
Logistic Regression,0.9923012344106085
Logistic Regression,0.9837393213636237
Logistic Regression,0.9936365428476445
Logistic Regression,0.9839476239430409
Logistic Regression,0.9931733064642874
Logistic Regression,0.9917088519991296
Logistic Regression,0.9870390291517487
Logistic Regression,0.9827341179886655
Logistic Regression,0.9828748645805528
Logistic Regression,0.9833495543419238
Logistic Regression,0.9746844283230278
Logistic Regression,0.9861138811945629
Logistic Regression,0.9875105462433402
Logistic Regression,0.9932865819743064
Logistic Regression,0.9790982529283547
Logistic Regression,0.9928831174784438
Logistic Regression,0.9863264363712465
Logistic Regression,0.9941737908349796
Logistic Regression,0.9926255422186581
Logistic Regression,0.9904337576770853
Logistic Regression,0.987294736881762
Logistic Regression,0.9909559191274766
Logistic Regression,0.9913599249469583
Logistic Regression,0.9854315237377429
Logistic Regression,0.9921390140974806
Logistic Regression,0.989335526600154
Logistic Regression,0.9924122392071703
Logistic Regression,0.9883988261685166
Logistic Regression,0.9926262478594905
Logistic Regression,0.9891137648541144
Logistic Regression,0.994000723323054
Logistic Regression,0.983622125659908
Logistic Regression,0.994119281637717
Logistic Regression,0.9781592619771983
Logistic Regression,0.9778675787881017
Logistic Regression,0.9923488719452099
Logistic Regression,0.988613299609773
Logistic Regression,0.9840200900547111
Logistic Regression,0.9756905052782785
Logistic Regression,0.9946196476000895
Logistic Regression,0.9894876487866365
Logistic Regression,0.9914879795862018
Logistic Regression,0.9894484089808597
Logistic Regression,0.9836006725970475
Logistic Regression,0.9888132422969722
Logistic Regression,0.9825720458889289
Random Forest,1.0
Random Forest,1.0
Random Forest,1.0
Random Forest,1.0
Random Forest,1.0
Random Forest,1.0
Random Forest,1.0
Random Forest,1.0
Random Forest,1.0
Random Forest,0.99
Random Forest,1.0
Random Forest,1.0
Random Forest,1.0
Random Forest,1.0
Random Forest,1.0
Random Forest,1.0
Random Forest,1.0
Random Forest,1.0
Random Forest,1.0
Random Forest,1.0
Random Forest,1.0
Random Forest,0.99
Random Forest,1.0
Random Forest,1.0
Random Forest,1.0
Random Forest,0.99
Random Forest,1.0
Random Forest,1.0
Random Forest,1.0
Random Forest,1.0
Random Forest,1.0
Random Forest,1.0
Random Forest,1.0
Random Forest,1.0
Random Forest,1.0
Random Forest,1.0
Random Forest,1.0
Random Forest,1.0
Random Forest,1.0
Random Forest,1.0
Random Forest,1.0
Random Forest,1.0
Random Forest,1.0
Random Forest,1.0
Random Forest,1.0
Random Forest,1.0
Random Forest,1.0
Random Forest,1.0
Random Forest,1.0
Random Forest,1.0
Random Forest,1.0
Random Forest,1.0
Random Forest,1.0
Random Forest,1.0
Random Forest,1.0
Random Forest,1.0
Random Forest,1.0
Random Forest,1.0
Random Forest,1.0
Random Forest,1.0
Random Forest,1.0
Random Forest,1.0
Random Forest,1.0
Random Forest,1.0
Random Forest,1.0
Random Forest,1.0
Random Forest,1.0
Random Forest,1.0
Random Forest,1.0
Random Forest,1.0
Random Forest,1.0
Random Forest,1.0
Random Forest,1.0
Random Forest,1.0
Random Forest,1.0
Random Forest,1.0
Random Forest,1.0
Random Forest,1.0
Random Forest,1.0
Random Forest,1.0
Random Forest,1.0
Random Forest,1.0
Random Forest,1.0
Random Forest,1.0
Random Forest,1.0
Random Forest,1.0
Random Forest,1.0
Random Forest,1.0
Random Forest,1.0
Random Forest,1.0
Random Forest,1.0
Random Forest,1.0
Random Forest,1.0
Random Forest,1.0
Random Forest,1.0
Random Forest,1.0
Random Forest,1.0
Random Forest,1.0
Random Forest,1.0
Random Forest,1.0
Random Forest,1.0
Random Forest,1.0
Random Forest,1.0
Random Forest,1.0
Random Forest,1.0
Random Forest,1.0
Random Forest,1.0
Random Forest,1.0
Random Forest,1.0
Random Forest,1.0
Random Forest,1.0
Random Forest,1.0
Random Forest,1.0
Random Forest,1.0
Random Forest,1.0
Random Forest,1.0
Random Forest,1.0
Random Forest,1.0
Random Forest,1.0
Random Forest,1.0
Random Forest,1.0
Random Forest,1.0
Random Forest,1.0
Random Forest,1.0
Random Forest,1.0
Random Forest,1.0
Random Forest,1.0
Random Forest,1.0
Random Forest,1.0
Random Forest,1.0
Random Forest,1.0
Random Forest,1.0
Random Forest,1.0
Random Forest,1.0
Random Forest,1.0
Random Forest,0.99
Random Forest,1.0
Random Forest,1.0
Random Forest,1.0
Random Forest,1.0
Random Forest,1.0
Random Forest,1.0
Random Forest,1.0
Random Forest,1.0
Random Forest,1.0
Random Forest,1.0
Random Forest,1.0
Random Forest,1.0
Random Forest,1.0
Random Forest,1.0
Random Forest,1.0
Random Forest,1.0
Random Forest,1.0
Random Forest,1.0
Random Forest,1.0
Random Forest,1.0
Random Forest,1.0
Random Forest,1.0
Random Forest,1.0
Random Forest,1.0
Random Forest,1.0
Random Forest,1.0
Random Forest,1.0
Random Forest,1.0
Random Forest,1.0
Random Forest,1.0
Random Forest,1.0
Random Forest,1.0
Random Forest,1.0
Random Forest,1.0
Random Forest,1.0
Random Forest,1.0
Random Forest,1.0
Random Forest,1.0
Random Forest,1.0
Random Forest,1.0
Random Forest,1.0
Random Forest,1.0
Random Forest,1.0
Random Forest,1.0
Random Forest,1.0
Random Forest,1.0
Random Forest,1.0
Random Forest,1.0
Random Forest,1.0
Random Forest,1.0
Random Forest,1.0
Random Forest,1.0
Random Forest,1.0
Random Forest,1.0
Random Forest,1.0
Random Forest,1.0
Random Forest,1.0
Random Forest,1.0
Random Forest,1.0
Random Forest,1.0
Random Forest,1.0
Random Forest,1.0
Random Forest,1.0
Random Forest,1.0
Random Forest,1.0
Random Forest,1.0
Random Forest,1.0
Random Forest,1.0
Random Forest,1.0
Random Forest,1.0
Random Forest,1.0
Random Forest,1.0
Random Forest,1.0
Random Forest,1.0
Random Forest,1.0
Random Forest,1.0
Random Forest,1.0
Random Forest,1.0
Random Forest,1.0
Random Forest,1.0
Random Forest,1.0
Random Forest,1.0
Random Forest,1.0
Random Forest,1.0
Random Forest,1.0
Random Forest,1.0
Random Forest,1.0
Random Forest,1.0
Random Forest,1.0
Random Forest,1.0
Random Forest,1.0
Random Forest,1.0
Random Forest,1.0
Random Forest,1.0
Random Forest,1.0
Random Forest,1.0
Random Forest,1.0
Random Forest,1.0
Random Forest,1.0
Random Forest,0.99
Random Forest,1.0
Random Forest,1.0
Random Forest,1.0
Random Forest,1.0
Random Forest,1.0
Random Forest,1.0
Random Forest,1.0
Random Forest,1.0
Random Forest,1.0
Random Forest,1.0
Random Forest,1.0
Random Forest,1.0
Random Forest,1.0
Random Forest,0.98
Random Forest,1.0
Random Forest,1.0
Random Forest,1.0
Random Forest,1.0
Random Forest,1.0
Random Forest,1.0
Random Forest,1.0
Random Forest,1.0
Random Forest,1.0
Random Forest,1.0
Random Forest,1.0
Random Forest,1.0
Random Forest,1.0
Random Forest,1.0
Random Forest,1.0
Random Forest,1.0
Random Forest,1.0
Random Forest,1.0
Random Forest,1.0
Random Forest,1.0
Random Forest,1.0
Random Forest,1.0
Random Forest,1.0
Random Forest,1.0
Random Forest,1.0
Random Forest,1.0
Random Forest,1.0
Random Forest,1.0
Random Forest,1.0
Random Forest,1.0
Random Forest,0.99
Random Forest,1.0
Random Forest,1.0
Random Forest,1.0
Random Forest,1.0
Random Forest,1.0
Random Forest,1.0
Random Forest,1.0
Random Forest,1.0
Random Forest,1.0
Random Forest,1.0
Random Forest,1.0
Random Forest,1.0
Random Forest,1.0
Random Forest,1.0
Random Forest,1.0
Random Forest,1.0
Random Forest,1.0
Random Forest,1.0
Random Forest,1.0
Random Forest,1.0
Random Forest,1.0
Random Forest,1.0
Random Forest,0.99
Random Forest,1.0
Random Forest,1.0
Random Forest,1.0
Random Forest,1.0
Random Forest,1.0
Random Forest,1.0
Random Forest,1.0
Random Forest,1.0
Random Forest,1.0
Random Forest,1.0
Random Forest,1.0
Random Forest,1.0
Random Forest,1.0
Random Forest,1.0
Random Forest,1.0
Random Forest,1.0
Random Forest,0.99
Random Forest,1.0
Random Forest,0.96
Random Forest,1.0
Random Forest,1.0
Random Forest,1.0
Random Forest,1.0
Random Forest,1.0
Random Forest,1.0
Random Forest,1.0
Random Forest,1.0
Random Forest,1.0
Random Forest,1.0
Random Forest,1.0
Random Forest,1.0
Random Forest,1.0
Random Forest,1.0
Random Forest,1.0
Random Forest,1.0
Random Forest,1.0
Random Forest,1.0
Random Forest,1.0
Random Forest,1.0
Random Forest,1.0
Random Forest,1.0
Random Forest,1.0
Random Forest,1.0
Random Forest,0.99
Random Forest,1.0
Random Forest,1.0
Random Forest,1.0
Random Forest,1.0
Random Forest,1.0
Random Forest,1.0
Random Forest,1.0
Random Forest,1.0
Random Forest,1.0
Random Forest,1.0
Random Forest,1.0
Random Forest,0.99
Random Forest,1.0
Random Forest,1.0
Random Forest,1.0
Random Forest,1.0
Random Forest,1.0
Random Forest,1.0
Random Forest,1.0
Random Forest,1.0
Random Forest,1.0
Random Forest,1.0
Random Forest,1.0
Random Forest,1.0
Random Forest,1.0
Random Forest,1.0
Random Forest,1.0
Random Forest,1.0
Random Forest,1.0
Random Forest,1.0
Random Forest,1.0
Random Forest,1.0
Random Forest,1.0
Random Forest,1.0
Random Forest,1.0
Random Forest,1.0
Random Forest,1.0
Random Forest,1.0
Random Forest,1.0
Random Forest,1.0
Random Forest,1.0
Random Forest,1.0
Random Forest,1.0
Random Forest,1.0
Random Forest,1.0
Random Forest,1.0
Random Forest,1.0
Random Forest,1.0
Random Forest,1.0
Random Forest,1.0
Random Forest,1.0
Random Forest,1.0
Random Forest,1.0
Random Forest,1.0
Random Forest,1.0
Random Forest,1.0
Random Forest,1.0
Random Forest,1.0
Random Forest,1.0
Random Forest,1.0
Random Forest,1.0
Random Forest,1.0
Random Forest,1.0
Random Forest,1.0
Random Forest,1.0
Random Forest,1.0
Random Forest,1.0
Random Forest,1.0
Random Forest,1.0
Random Forest,1.0
Random Forest,1.0
Random Forest,1.0
Random Forest,1.0
Random Forest,1.0
Random Forest,1.0
Random Forest,1.0
Random Forest,1.0
Random Forest,1.0
Random Forest,1.0
Random Forest,1.0
Random Forest,1.0
Random Forest,1.0
Random Forest,1.0
Random Forest,1.0
Random Forest,1.0
Random Forest,1.0
Random Forest,1.0
Random Forest,1.0
Random Forest,1.0
Random Forest,0.97
Random Forest,1.0
Random Forest,1.0
Random Forest,1.0
Random Forest,1.0
Random Forest,1.0
Random Forest,1.0
Random Forest,1.0
Random Forest,1.0
Random Forest,1.0
Random Forest,1.0
Random Forest,1.0
Random Forest,1.0
Random Forest,1.0
Random Forest,1.0
Random Forest,1.0
Random Forest,1.0
Random Forest,1.0
Random Forest,1.0
Random Forest,1.0
Random Forest,1.0
Random Forest,1.0
Random Forest,1.0
Random Forest,1.0
Random Forest,1.0
Random Forest,1.0
Random Forest,1.0
Random Forest,1.0
Random Forest,1.0
Random Forest,1.0
Random Forest,1.0
Random Forest,1.0
Random Forest,1.0
Random Forest,1.0
Random Forest,1.0
Random Forest,1.0
Random Forest,1.0
Random Forest,1.0
Random Forest,1.0
Random Forest,1.0
Random Forest,1.0
Random Forest,1.0
Random Forest,1.0
Random Forest,1.0
Random Forest,1.0
Random Forest,1.0
Random Forest,1.0
Random Forest,1.0
Random Forest,1.0
Random Forest,1.0
Random Forest,1.0
Random Forest,1.0
Random Forest,1.0
Random Forest,1.0
Random Forest,1.0
Random Forest,1.0
Random Forest,1.0
Random Forest,1.0
Random Forest,1.0
Random Forest,1.0
Random Forest,1.0
Random Forest,1.0
Random Forest,1.0
Random Forest,1.0
Random Forest,1.0
Random Forest,1.0
Random Forest,1.0
Random Forest,1.0
Random Forest,1.0
Random Forest,1.0
Random Forest,1.0
Random Forest,1.0
Random Forest,1.0
Random Forest,1.0
Random Forest,1.0
Random Forest,1.0
Random Forest,1.0
Random Forest,1.0
Random Forest,1.0
Random Forest,1.0
Random Forest,1.0
Random Forest,0.99
Random Forest,1.0
Random Forest,1.0
Random Forest,1.0
Random Forest,1.0
Random Forest,1.0
Random Forest,1.0
Random Forest,1.0
Random Forest,1.0
Random Forest,1.0
Random Forest,1.0
Random Forest,1.0
Random Forest,1.0
Random Forest,1.0
Random Forest,1.0
Random Forest,1.0
Random Forest,1.0
Random Forest,1.0
Random Forest,1.0
Random Forest,1.0
Random Forest,1.0
Random Forest,1.0
Random Forest,1.0
Random Forest,1.0
Random Forest,1.0
Random Forest,1.0
Random Forest,1.0
Random Forest,1.0
Random Forest,1.0
Random Forest,1.0
Random Forest,1.0
Random Forest,1.0
Random Forest,1.0
Random Forest,1.0
Random Forest,1.0
Random Forest,1.0
Random Forest,1.0
Random Forest,1.0
Random Forest,1.0
Random Forest,1.0
Random Forest,1.0
Random Forest,1.0
Random Forest,1.0
Random Forest,1.0
Random Forest,1.0
Random Forest,1.0
Random Forest,1.0
Random Forest,1.0
Random Forest,1.0
Random Forest,1.0
Random Forest,1.0
Random Forest,1.0
Random Forest,1.0
Random Forest,1.0
Random Forest,1.0
Random Forest,1.0
Random Forest,1.0
Random Forest,1.0
Random Forest,1.0
Random Forest,1.0
Random Forest,1.0
Random Forest,1.0
Random Forest,1.0
Random Forest,1.0
Random Forest,1.0
Random Forest,1.0
Random Forest,1.0
Random Forest,1.0
Random Forest,1.0
Random Forest,1.0
Random Forest,1.0
Random Forest,1.0
Random Forest,1.0
Random Forest,1.0
Random Forest,1.0
Random Forest,1.0
Random Forest,1.0
Random Forest,1.0
Random Forest,1.0
Random Forest,1.0
Random Forest,1.0
Random Forest,1.0
Random Forest,1.0
Random Forest,1.0
Random Forest,1.0
Random Forest,1.0
Random Forest,1.0
Random Forest,1.0
Random Forest,1.0
Random Forest,1.0
Random Forest,1.0
Random Forest,1.0
Random Forest,1.0
Random Forest,1.0
Random Forest,1.0
Random Forest,1.0
Random Forest,1.0
Random Forest,1.0
Random Forest,1.0
Random Forest,1.0
Random Forest,0.98
Random Forest,1.0
Random Forest,1.0
Random Forest,1.0
Random Forest,1.0
Random Forest,1.0
Random Forest,1.0
Random Forest,1.0
Random Forest,1.0
Random Forest,1.0
Random Forest,1.0
Random Forest,1.0
Random Forest,1.0
Random Forest,1.0
Random Forest,1.0
Random Forest,1.0
Random Forest,1.0
Random Forest,1.0
Random Forest,1.0
Random Forest,1.0
Random Forest,1.0
Random Forest,1.0
Random Forest,1.0
Random Forest,1.0
Random Forest,1.0
Random Forest,1.0
Random Forest,1.0
Random Forest,1.0
Random Forest,1.0
Random Forest,1.0
Random Forest,1.0
Random Forest,1.0
Random Forest,1.0
Random Forest,1.0
Random Forest,1.0
Random Forest,1.0
Random Forest,1.0
Random Forest,1.0
Random Forest,1.0
Random Forest,1.0
Random Forest,1.0
Random Forest,1.0
Random Forest,1.0
Random Forest,0.97
Random Forest,1.0
Random Forest,1.0
Random Forest,1.0
Random Forest,1.0
Random Forest,1.0
Random Forest,1.0
Random Forest,1.0
Random Forest,1.0
Random Forest,1.0
Random Forest,1.0
Random Forest,1.0
Random Forest,1.0
Random Forest,1.0
Random Forest,1.0
Random Forest,1.0
Random Forest,1.0
Random Forest,1.0
Random Forest,1.0
Random Forest,1.0
Random Forest,1.0
Random Forest,1.0
Random Forest,1.0
Random Forest,1.0
Random Forest,1.0
Random Forest,1.0
Random Forest,1.0
Random Forest,1.0
Random Forest,1.0
Random Forest,1.0
Random Forest,1.0
Random Forest,1.0
Random Forest,1.0
Random Forest,1.0
Random Forest,1.0
Random Forest,1.0
Random Forest,1.0
Random Forest,1.0
Random Forest,1.0
Random Forest,1.0
Random Forest,1.0
Random Forest,1.0
Random Forest,1.0
Random Forest,1.0
Random Forest,1.0
Random Forest,1.0
Random Forest,0.99
Random Forest,1.0
Random Forest,1.0
Random Forest,1.0
Random Forest,0.99
Random Forest,0.99
Random Forest,1.0
Random Forest,1.0
Random Forest,1.0
Random Forest,1.0
Random Forest,1.0
Random Forest,1.0
Random Forest,1.0
Random Forest,1.0
Random Forest,1.0
Random Forest,1.0
Random Forest,1.0
Random Forest,1.0
Random Forest,1.0
Random Forest,1.0
Random Forest,1.0
Random Forest,1.0
Random Forest,1.0
Random Forest,1.0
Random Forest,1.0
Random Forest,1.0
Random Forest,1.0
Random Forest,1.0
Random Forest,1.0
Random Forest,1.0
Random Forest,1.0
Random Forest,1.0
Random Forest,1.0
Random Forest,1.0
Random Forest,1.0
Random Forest,1.0
Random Forest,1.0
Random Forest,1.0
Random Forest,1.0
Random Forest,1.0
Random Forest,1.0
Random Forest,1.0
Random Forest,1.0
Random Forest,1.0
Random Forest,1.0
Random Forest,1.0
Random Forest,1.0
Random Forest,1.0
Random Forest,1.0
Random Forest,1.0
Random Forest,1.0
Random Forest,1.0
Random Forest,1.0
Random Forest,1.0
Random Forest,1.0
Random Forest,1.0
Random Forest,1.0
Random Forest,1.0
Random Forest,1.0
Random Forest,1.0
Random Forest,1.0
Random Forest,1.0
Random Forest,1.0
Random Forest,1.0
Random Forest,1.0
Random Forest,1.0
Random Forest,1.0
Random Forest,1.0
Random Forest,1.0
Random Forest,1.0
Random Forest,1.0
Random Forest,1.0
Random Forest,1.0
Random Forest,1.0
Random Forest,1.0
Random Forest,1.0
Random Forest,1.0
Random Forest,1.0
Random Forest,1.0
Random Forest,1.0
Random Forest,1.0
Random Forest,1.0
Random Forest,1.0
Random Forest,1.0
Random Forest,1.0
Random Forest,1.0
Random Forest,1.0
Random Forest,1.0
Random Forest,1.0
Random Forest,1.0
Random Forest,1.0
Random Forest,1.0
Random Forest,1.0
Random Forest,1.0
Random Forest,1.0
Random Forest,1.0
Random Forest,1.0
Random Forest,1.0
Random Forest,1.0
Random Forest,1.0
Random Forest,1.0
Random Forest,1.0
Random Forest,1.0
Random Forest,1.0
Random Forest,1.0
Random Forest,1.0
Random Forest,1.0
Random Forest,1.0
Random Forest,1.0
Random Forest,1.0
Random Forest,1.0
Random Forest,1.0
Random Forest,1.0
Random Forest,1.0
Random Forest,1.0
Random Forest,0.99
Random Forest,1.0
Random Forest,1.0
Random Forest,1.0
Random Forest,1.0
Random Forest,1.0
Random Forest,1.0
Random Forest,1.0
Random Forest,1.0
Random Forest,1.0
Random Forest,1.0
Random Forest,1.0
Random Forest,1.0
Random Forest,1.0
Random Forest,1.0
Random Forest,1.0
Random Forest,1.0
Random Forest,1.0
Random Forest,1.0
Random Forest,1.0
Random Forest,1.0
Random Forest,1.0
Random Forest,1.0
Random Forest,1.0
Random Forest,1.0
Random Forest,1.0
Random Forest,1.0
Random Forest,1.0
Random Forest,1.0
Random Forest,1.0
Random Forest,0.99
Random Forest,1.0
Random Forest,1.0
Random Forest,1.0
Random Forest,1.0
Random Forest,1.0
Random Forest,1.0
Random Forest,1.0
Random Forest,1.0
Random Forest,1.0
Random Forest,1.0
Random Forest,1.0
Random Forest,1.0
Random Forest,1.0
Random Forest,1.0
Random Forest,1.0
Random Forest,1.0
Random Forest,1.0
Random Forest,1.0
Random Forest,1.0
Random Forest,1.0
Random Forest,1.0
Random Forest,1.0
Random Forest,1.0
Random Forest,1.0
Random Forest,1.0
Random Forest,1.0
Random Forest,1.0
Random Forest,1.0
Random Forest,1.0
Random Forest,1.0
Random Forest,1.0
Random Forest,1.0
Random Forest,1.0
Random Forest,1.0
Random Forest,1.0
Random Forest,1.0
Random Forest,1.0
Random Forest,1.0
Random Forest,1.0
Random Forest,1.0
Random Forest,1.0
Random Forest,0.98
Random Forest,1.0
Random Forest,1.0
Random Forest,1.0
Random Forest,1.0
Random Forest,1.0
Random Forest,1.0
Random Forest,1.0
Random Forest,1.0
Random Forest,1.0
Random Forest,1.0
Random Forest,1.0
Random Forest,1.0
Random Forest,1.0
Random Forest,1.0
Random Forest,1.0
Random Forest,1.0
Random Forest,1.0
Random Forest,1.0
Random Forest,1.0
Random Forest,1.0
Random Forest,1.0
Random Forest,1.0
Random Forest,1.0
Random Forest,1.0
Random Forest,1.0
Random Forest,1.0
Random Forest,1.0
Random Forest,1.0
Random Forest,1.0
Random Forest,1.0
Random Forest,1.0
Random Forest,1.0
Random Forest,1.0
Random Forest,1.0
Random Forest,1.0
Random Forest,1.0
Random Forest,1.0
Random Forest,1.0
Random Forest,1.0
Random Forest,1.0
Random Forest,1.0
Random Forest,1.0
Random Forest,1.0
Random Forest,1.0
Random Forest,1.0
Random Forest,1.0
Random Forest,1.0
Random Forest,1.0
Random Forest,1.0
Random Forest,1.0
Random Forest,1.0
Random Forest,1.0
Random Forest,1.0
Random Forest,1.0
Random Forest,1.0
Random Forest,1.0
Random Forest,1.0
Random Forest,1.0
Random Forest,1.0
Random Forest,1.0
Random Forest,1.0
Random Forest,1.0
Random Forest,1.0
Random Forest,1.0
Random Forest,1.0
Random Forest,1.0
Random Forest,1.0
Random Forest,1.0
Random Forest,1.0
Random Forest,1.0
Random Forest,1.0
Random Forest,1.0
Random Forest,1.0
Random Forest,1.0
Random Forest,1.0
Random Forest,1.0
Random Forest,1.0
Random Forest,1.0
Random Forest,1.0
Random Forest,1.0
Random Forest,1.0
Random Forest,1.0
Random Forest,1.0
Random Forest,1.0
Random Forest,1.0
Random Forest,1.0
Random Forest,1.0
Random Forest,1.0
Random Forest,1.0
Random Forest,1.0
Random Forest,1.0
Random Forest,1.0
Random Forest,1.0
Random Forest,1.0
Random Forest,1.0
Random Forest,1.0
Random Forest,1.0
Random Forest,1.0
Random Forest,1.0
Random Forest,1.0
Random Forest,1.0
Random Forest,1.0
Random Forest,1.0
Random Forest,1.0
Random Forest,1.0
Random Forest,1.0
Random Forest,1.0
Random Forest,1.0
Random Forest,1.0
Random Forest,1.0
Random Forest,1.0
Random Forest,1.0
Random Forest,1.0
Random Forest,1.0
Random Forest,0.99
Random Forest,1.0
Random Forest,1.0
Random Forest,1.0
Random Forest,1.0
Random Forest,1.0
Random Forest,1.0
Random Forest,1.0
Random Forest,1.0
Random Forest,1.0
Random Forest,1.0
Random Forest,1.0
Random Forest,1.0
Random Forest,1.0
Random Forest,1.0
Random Forest,1.0
Random Forest,1.0
Random Forest,1.0
Random Forest,1.0
Random Forest,1.0
Random Forest,1.0
Random Forest,1.0
Random Forest,1.0
Random Forest,0.99
Random Forest,1.0
Random Forest,1.0
Random Forest,1.0
Random Forest,1.0
Random Forest,1.0
Random Forest,1.0
Random Forest,1.0
Random Forest,1.0
Random Forest,1.0
Random Forest,1.0
Random Forest,1.0
Random Forest,1.0
Random Forest,1.0
Random Forest,1.0
Random Forest,1.0
Random Forest,1.0
Random Forest,1.0
Random Forest,1.0
Random Forest,1.0
Random Forest,1.0
Random Forest,1.0
Random Forest,1.0
Random Forest,1.0
Random Forest,1.0
Random Forest,1.0
Random Forest,1.0
Random Forest,1.0
Random Forest,1.0
Random Forest,1.0
Random Forest,1.0
Random Forest,1.0
Random Forest,1.0
Random Forest,1.0
Random Forest,1.0
Random Forest,1.0
Random Forest,1.0
Random Forest,1.0
Random Forest,1.0
Random Forest,1.0
Random Forest,1.0
Random Forest,1.0
Random Forest,1.0
Random Forest,1.0
Random Forest,1.0
Random Forest,1.0
Random Forest,1.0
Random Forest,1.0
Random Forest,1.0
Random Forest,1.0
Random Forest,1.0
Random Forest,1.0
Random Forest,1.0
Random Forest,1.0
Random Forest,1.0
Random Forest,1.0
Random Forest,1.0
Random Forest,1.0
Random Forest,1.0
Random Forest,1.0
Random Forest,1.0
Random Forest,1.0
Random Forest,1.0
Random Forest,1.0
Random Forest,1.0
Random Forest,1.0
Random Forest,1.0
Random Forest,1.0
Random Forest,1.0
Random Forest,1.0
Random Forest,1.0
Random Forest,1.0
Random Forest,1.0
Random Forest,1.0
Random Forest,1.0
Random Forest,1.0
Random Forest,1.0
Random Forest,1.0
Random Forest,1.0
Random Forest,1.0
Random Forest,1.0
Random Forest,1.0
Random Forest,1.0
Random Forest,1.0
Random Forest,1.0
Random Forest,1.0
Random Forest,1.0
Random Forest,1.0
Random Forest,1.0
Random Forest,1.0
Random Forest,1.0
Random Forest,1.0
Random Forest,1.0
Random Forest,1.0
Random Forest,1.0
Random Forest,1.0
Random Forest,0.99
Random Forest,1.0
Random Forest,1.0
Random Forest,1.0
Random Forest,1.0
Random Forest,1.0
Random Forest,1.0
Random Forest,1.0
Random Forest,1.0
Random Forest,1.0
Random Forest,1.0
Random Forest,1.0
Random Forest,1.0
Random Forest,1.0
Random Forest,0.99
Random Forest,1.0
Random Forest,1.0
Random Forest,1.0
Random Forest,1.0
Random Forest,1.0
Random Forest,1.0
Random Forest,0.98
Random Forest,1.0
Random Forest,1.0
Random Forest,1.0
Random Forest,1.0
Random Forest,1.0
Random Forest,1.0
Random Forest,1.0
Random Forest,1.0
Random Forest,1.0
Random Forest,1.0
Random Forest,1.0
Random Forest,1.0
Random Forest,1.0
Random Forest,1.0
Random Forest,1.0
Random Forest,1.0
Random Forest,1.0
Random Forest,1.0
Random Forest,1.0
Random Forest,1.0
Random Forest,1.0
Random Forest,1.0
Random Forest,1.0
Random Forest,1.0
Random Forest,1.0
Random Forest,1.0
Random Forest,1.0
Random Forest,1.0
Random Forest,1.0
Random Forest,1.0
Random Forest,1.0
Random Forest,1.0
Random Forest,1.0
Random Forest,1.0
Random Forest,1.0
Random Forest,1.0
Random Forest,1.0
Random Forest,1.0
Random Forest,1.0
Random Forest,1.0
Random Forest,1.0
Random Forest,1.0
Random Forest,1.0
Random Forest,1.0
Random Forest,1.0
Random Forest,1.0
Random Forest,1.0
Random Forest,1.0
Random Forest,1.0
Random Forest,1.0
Random Forest,1.0
Random Forest,1.0
Random Forest,1.0
Random Forest,1.0
Random Forest,1.0
Random Forest,1.0
Random Forest,1.0
Random Forest,1.0
Random Forest,1.0
Random Forest,1.0
Random Forest,1.0
Random Forest,1.0
Random Forest,1.0
Random Forest,1.0
Random Forest,1.0
Random Forest,1.0
Random Forest,1.0
Random Forest,1.0
Random Forest,1.0
Random Forest,1.0
Random Forest,1.0
Random Forest,1.0
Random Forest,1.0
Random Forest,1.0
Random Forest,1.0
Random Forest,1.0
Random Forest,1.0
Random Forest,1.0
Random Forest,1.0
Random Forest,1.0
Random Forest,1.0
Random Forest,1.0
Random Forest,1.0
Random Forest,1.0
Random Forest,1.0
Random Forest,1.0
Random Forest,1.0
Random Forest,1.0
Random Forest,1.0
Random Forest,1.0
Random Forest,1.0
Random Forest,1.0
Random Forest,1.0
Random Forest,1.0
Random Forest,1.0
Random Forest,1.0
Random Forest,1.0
Random Forest,1.0
Random Forest,1.0
Random Forest,1.0
Random Forest,1.0
Random Forest,1.0
Random Forest,1.0
Random Forest,1.0
Random Forest,1.0
Random Forest,1.0
Random Forest,1.0
Random Forest,1.0
Random Forest,1.0
Random Forest,1.0
Random Forest,1.0
Random Forest,1.0
Random Forest,1.0
Random Forest,1.0
Random Forest,1.0
Random Forest,1.0
Random Forest,1.0
Random Forest,1.0
Random Forest,1.0
Random Forest,1.0
Random Forest,1.0
Random Forest,1.0
Random Forest,1.0
Random Forest,1.0
Random Forest,1.0
Random Forest,1.0
Random Forest,1.0
Random Forest,1.0
Random Forest,1.0
Random Forest,1.0
Random Forest,1.0
Random Forest,1.0
Random Forest,1.0
Random Forest,1.0
Random Forest,1.0
Random Forest,1.0
Random Forest,1.0
Random Forest,1.0
Random Forest,1.0
Random Forest,1.0
Random Forest,1.0
Random Forest,1.0
Random Forest,1.0
Random Forest,1.0
Random Forest,1.0
Random Forest,1.0
Random Forest,0.99
Random Forest,1.0
Random Forest,1.0
Random Forest,1.0
Random Forest,1.0
Random Forest,1.0
Random Forest,1.0
Random Forest,1.0
Random Forest,1.0
Random Forest,1.0
Random Forest,1.0
Random Forest,1.0
Random Forest,1.0
Random Forest,1.0
Random Forest,1.0
Random Forest,1.0
Random Forest,1.0
Random Forest,1.0
Random Forest,1.0
Random Forest,1.0
Random Forest,1.0
Random Forest,1.0
Random Forest,1.0
Random Forest,1.0
Random Forest,1.0
Random Forest,1.0
Random Forest,1.0
Random Forest,1.0
Random Forest,1.0
Random Forest,1.0
Random Forest,1.0
Random Forest,1.0
Random Forest,1.0
Random Forest,1.0
Random Forest,1.0
Random Forest,1.0
Random Forest,1.0
Random Forest,1.0
Random Forest,1.0
Random Forest,1.0
Random Forest,1.0
Random Forest,1.0
Random Forest,1.0
Random Forest,1.0
Random Forest,1.0
Random Forest,1.0
Random Forest,1.0
Random Forest,1.0
Random Forest,0.98
Random Forest,1.0
Random Forest,0.99
Random Forest,1.0
Random Forest,1.0
Random Forest,1.0
Random Forest,0.99
Random Forest,1.0
Random Forest,1.0
Random Forest,1.0
Random Forest,1.0
Random Forest,1.0
Random Forest,1.0
Random Forest,1.0
Random Forest,1.0
Random Forest,1.0
Random Forest,1.0
Random Forest,1.0
Random Forest,1.0
Random Forest,1.0
Random Forest,1.0
Random Forest,1.0
Random Forest,1.0
Random Forest,1.0
Random Forest,1.0
Random Forest,1.0
Random Forest,1.0
Random Forest,1.0
Random Forest,1.0
Random Forest,1.0
Random Forest,1.0
Random Forest,1.0
Random Forest,1.0
Random Forest,1.0
Random Forest,1.0
Random Forest,1.0
Random Forest,1.0
Random Forest,1.0
Random Forest,1.0
Random Forest,1.0
Random Forest,1.0
Random Forest,1.0
Random Forest,1.0
Random Forest,1.0
Random Forest,1.0
Random Forest,1.0
Random Forest,1.0
Random Forest,1.0
Random Forest,1.0
Random Forest,1.0
Random Forest,1.0
Random Forest,1.0
Random Forest,1.0
Random Forest,1.0
Random Forest,1.0
Random Forest,1.0
Random Forest,1.0
Random Forest,1.0
Random Forest,1.0
Random Forest,1.0
Random Forest,1.0
Random Forest,1.0
Random Forest,1.0
Random Forest,1.0
Random Forest,1.0
Random Forest,1.0
Random Forest,1.0
Random Forest,1.0
Random Forest,1.0
Random Forest,1.0
Random Forest,1.0
Random Forest,1.0
Random Forest,1.0
Random Forest,1.0
Random Forest,1.0
Random Forest,1.0
Random Forest,1.0
Random Forest,1.0
Random Forest,1.0
Random Forest,1.0
Random Forest,1.0
Random Forest,1.0
Random Forest,1.0
Random Forest,1.0
Random Forest,1.0
Random Forest,1.0
Random Forest,1.0
Random Forest,1.0
Random Forest,1.0
Random Forest,1.0
Random Forest,1.0
Random Forest,1.0
Random Forest,1.0
Random Forest,1.0
Random Forest,1.0
Random Forest,1.0
Random Forest,1.0
Random Forest,1.0
Random Forest,1.0
Random Forest,1.0
Random Forest,1.0
Random Forest,1.0
Random Forest,1.0
Random Forest,1.0
Random Forest,1.0
Random Forest,1.0
Random Forest,1.0
Random Forest,1.0
Random Forest,1.0
Random Forest,1.0
Random Forest,1.0
Random Forest,1.0
Random Forest,1.0
Random Forest,1.0
Random Forest,1.0
Random Forest,1.0
Random Forest,1.0
Random Forest,1.0
Random Forest,1.0
Random Forest,1.0
Random Forest,1.0
Random Forest,0.99
Random Forest,1.0
Random Forest,1.0
Random Forest,1.0
Random Forest,1.0
Random Forest,1.0
Random Forest,1.0
Random Forest,1.0
Random Forest,1.0
Random Forest,1.0
Random Forest,1.0
Random Forest,1.0
Random Forest,1.0
Random Forest,1.0
Random Forest,1.0
Random Forest,1.0
Random Forest,1.0
Random Forest,1.0
Random Forest,1.0
Random Forest,1.0
Random Forest,1.0
Random Forest,1.0
Random Forest,1.0
Random Forest,1.0
Random Forest,1.0
Random Forest,1.0
Random Forest,1.0
Random Forest,1.0
Random Forest,1.0
Random Forest,1.0
Random Forest,1.0
Random Forest,1.0
Random Forest,1.0
Random Forest,1.0
Random Forest,1.0
Random Forest,1.0
Random Forest,1.0
Random Forest,1.0
Random Forest,1.0
Random Forest,1.0
Random Forest,1.0
Random Forest,0.99
Random Forest,1.0
Random Forest,1.0
Random Forest,1.0
Random Forest,1.0
Random Forest,1.0
Random Forest,1.0
Random Forest,1.0
Random Forest,1.0
Random Forest,1.0
Random Forest,1.0
Random Forest,1.0
Random Forest,1.0
Random Forest,1.0
Random Forest,1.0
Random Forest,1.0
Random Forest,1.0
Random Forest,1.0
Random Forest,1.0
Random Forest,0.99
Random Forest,1.0
Random Forest,1.0
Random Forest,1.0
Random Forest,1.0
Random Forest,1.0
Random Forest,1.0
Random Forest,1.0
Random Forest,1.0
Random Forest,1.0
Random Forest,1.0
Random Forest,1.0
Random Forest,0.98
Random Forest,1.0
Random Forest,1.0
Random Forest,1.0
Random Forest,1.0
Random Forest,1.0
Random Forest,1.0
Random Forest,1.0
Random Forest,1.0
Random Forest,1.0
Random Forest,1.0
Random Forest,1.0
Random Forest,1.0
Random Forest,1.0
Random Forest,1.0
Random Forest,1.0
Random Forest,1.0
Random Forest,1.0
Random Forest,1.0
Random Forest,1.0
Random Forest,1.0
Random Forest,1.0
Random Forest,1.0
Random Forest,1.0
Random Forest,1.0
Random Forest,1.0
Random Forest,1.0
Random Forest,1.0
Random Forest,1.0
Random Forest,1.0
Random Forest,1.0
Random Forest,0.98
Random Forest,1.0
Random Forest,1.0
Random Forest,1.0
Random Forest,1.0
Random Forest,1.0
Random Forest,1.0
Random Forest,1.0
Random Forest,1.0
Random Forest,1.0
Random Forest,1.0
Random Forest,1.0
Random Forest,1.0
Random Forest,1.0
Random Forest,1.0
Random Forest,1.0
Random Forest,1.0
Random Forest,1.0
Random Forest,1.0
Random Forest,1.0
Random Forest,1.0
Random Forest,1.0
Random Forest,1.0
Random Forest,1.0
Random Forest,0.99
Random Forest,1.0
Random Forest,1.0
Random Forest,1.0
Random Forest,1.0
Random Forest,1.0
Random Forest,1.0
Random Forest,1.0
Random Forest,1.0
Random Forest,1.0
Random Forest,1.0
Random Forest,1.0
Random Forest,1.0
Random Forest,1.0
Random Forest,1.0
Random Forest,1.0
Random Forest,1.0
Random Forest,1.0
Random Forest,1.0
Random Forest,1.0
Random Forest,1.0
Random Forest,1.0
Random Forest,1.0
Random Forest,0.97
Random Forest,1.0
Random Forest,1.0
Random Forest,1.0
Random Forest,1.0
Random Forest,1.0
Random Forest,1.0
Random Forest,1.0
Random Forest,1.0
Random Forest,1.0
Random Forest,1.0
Random Forest,1.0
Random Forest,1.0
Random Forest,1.0
Random Forest,1.0
Random Forest,1.0
Random Forest,1.0
Random Forest,1.0
Random Forest,1.0
Random Forest,1.0
Random Forest,1.0
Random Forest,0.99
Random Forest,1.0
Random Forest,1.0
Random Forest,1.0
Random Forest,1.0
Random Forest,1.0
Random Forest,1.0
Random Forest,1.0
Random Forest,1.0
Random Forest,1.0
Random Forest,0.98
Random Forest,1.0
Random Forest,1.0
Random Forest,1.0
Random Forest,1.0
Random Forest,1.0
Random Forest,1.0
Random Forest,1.0
Random Forest,1.0
Random Forest,1.0
Random Forest,1.0
Random Forest,1.0
Random Forest,1.0
Random Forest,1.0
Random Forest,1.0
Random Forest,1.0
Random Forest,1.0
Random Forest,1.0
Random Forest,1.0
Random Forest,1.0
Random Forest,1.0
Random Forest,1.0
Random Forest,1.0
Random Forest,1.0
Random Forest,1.0
Random Forest,1.0
Random Forest,1.0
Random Forest,1.0
Random Forest,1.0
Random Forest,1.0
Random Forest,1.0
Random Forest,1.0
Random Forest,1.0
Random Forest,1.0
Random Forest,1.0
Random Forest,1.0
Random Forest,1.0
Random Forest,1.0
Random Forest,1.0
Random Forest,1.0
Random Forest,1.0
Random Forest,1.0
Random Forest,1.0
Random Forest,1.0
Random Forest,1.0
Random Forest,1.0
Random Forest,1.0
Random Forest,1.0
Random Forest,1.0
Random Forest,1.0
Random Forest,1.0
Random Forest,1.0
Random Forest,1.0
Random Forest,1.0
Random Forest,1.0
Random Forest,1.0
Random Forest,1.0
Random Forest,1.0
Random Forest,1.0
Random Forest,1.0
Random Forest,1.0
Random Forest,1.0
Random Forest,1.0
Random Forest,1.0
Random Forest,1.0
Random Forest,1.0
Random Forest,1.0
Random Forest,1.0
Random Forest,1.0
Random Forest,1.0
Random Forest,1.0
Random Forest,1.0
Random Forest,1.0
Random Forest,1.0
Random Forest,1.0
Random Forest,1.0
Random Forest,1.0
Random Forest,1.0
Random Forest,1.0
Random Forest,1.0
Random Forest,1.0
Random Forest,1.0
Random Forest,1.0
Random Forest,1.0
Random Forest,1.0
Random Forest,1.0
Random Forest,1.0
Random Forest,1.0
Random Forest,1.0
Random Forest,1.0
Random Forest,1.0
Random Forest,1.0
Random Forest,1.0
Random Forest,1.0
Random Forest,1.0
Random Forest,1.0
Random Forest,1.0
Random Forest,1.0
Random Forest,1.0
Random Forest,1.0
Random Forest,1.0
Random Forest,1.0
Random Forest,1.0
Random Forest,1.0
Random Forest,1.0
Random Forest,1.0
Random Forest,1.0
Random Forest,1.0
Random Forest,1.0
Random Forest,1.0
Random Forest,1.0
Random Forest,1.0
Random Forest,1.0
Random Forest,1.0
Random Forest,1.0
Random Forest,1.0
Random Forest,1.0
Random Forest,1.0
Random Forest,1.0
Random Forest,1.0
Random Forest,1.0
Random Forest,1.0
Random Forest,1.0
Random Forest,1.0
Random Forest,1.0
Random Forest,1.0
Random Forest,1.0
Random Forest,1.0
Random Forest,1.0
Random Forest,1.0
Random Forest,1.0
Random Forest,1.0
Random Forest,1.0
Random Forest,1.0
Random Forest,1.0
Random Forest,1.0
Random Forest,1.0
Random Forest,1.0
Random Forest,1.0
Random Forest,1.0
Random Forest,1.0
Random Forest,1.0
Random Forest,1.0
Random Forest,1.0
Random Forest,1.0
Random Forest,1.0
Random Forest,1.0
Random Forest,1.0
Random Forest,1.0
Random Forest,1.0
Random Forest,1.0
Random Forest,1.0
Random Forest,1.0
Random Forest,1.0
Random Forest,1.0
Random Forest,1.0
Random Forest,1.0
Random Forest,1.0
Random Forest,1.0
Random Forest,1.0
Random Forest,1.0
Random Forest,1.0
Random Forest,1.0
Random Forest,1.0
Random Forest,1.0
Random Forest,1.0
Random Forest,1.0
Random Forest,1.0
Random Forest,1.0
Random Forest,1.0
Random Forest,1.0
Random Forest,1.0
Random Forest,1.0
Random Forest,1.0
Random Forest,1.0
Random Forest,1.0
Random Forest,1.0
Random Forest,1.0
Random Forest,1.0
Random Forest,1.0
Random Forest,1.0
Random Forest,1.0
Random Forest,1.0
Random Forest,1.0
Random Forest,1.0
Random Forest,1.0
Random Forest,1.0
Random Forest,1.0
Random Forest,1.0
Random Forest,1.0
Random Forest,1.0
Random Forest,1.0
Random Forest,1.0
Random Forest,1.0
Random Forest,1.0
Random Forest,1.0
Random Forest,1.0
Random Forest,1.0
Random Forest,1.0
Random Forest,1.0
Random Forest,1.0
Random Forest,1.0
Random Forest,1.0
Random Forest,1.0
Random Forest,1.0
Random Forest,1.0
Random Forest,1.0
Random Forest,1.0
Random Forest,1.0
Random Forest,1.0
Random Forest,1.0
Random Forest,1.0
Random Forest,1.0
Random Forest,1.0
Random Forest,1.0
Random Forest,1.0
Random Forest,1.0
Random Forest,1.0
Random Forest,1.0
Random Forest,1.0
Random Forest,1.0
Random Forest,1.0
Random Forest,0.99
Random Forest,1.0
Random Forest,1.0
Random Forest,1.0
Random Forest,1.0
Random Forest,1.0
Random Forest,1.0
Random Forest,1.0
Random Forest,1.0
Random Forest,1.0
Random Forest,1.0
Random Forest,1.0
Random Forest,1.0
Random Forest,1.0
Random Forest,1.0
Random Forest,1.0
Random Forest,1.0
Random Forest,1.0
Random Forest,1.0
Random Forest,1.0
Random Forest,1.0
Random Forest,1.0
Random Forest,1.0
Random Forest,1.0
Random Forest,1.0
Random Forest,1.0
Random Forest,1.0
Random Forest,1.0
Random Forest,1.0
Random Forest,1.0
Random Forest,1.0
Random Forest,1.0
Random Forest,1.0
Random Forest,1.0
Random Forest,1.0
Random Forest,1.0
Random Forest,1.0
Random Forest,1.0
Random Forest,1.0
Random Forest,1.0
Random Forest,1.0
Random Forest,1.0
Random Forest,1.0
Random Forest,1.0
Random Forest,1.0
Random Forest,1.0
Random Forest,1.0
Random Forest,1.0
Random Forest,1.0
Random Forest,1.0
Random Forest,1.0
Random Forest,1.0
Random Forest,1.0
Random Forest,1.0
Random Forest,1.0
Random Forest,1.0
Random Forest,1.0
Random Forest,1.0
Random Forest,1.0
Random Forest,1.0
Random Forest,1.0
Random Forest,1.0
Random Forest,1.0
Random Forest,1.0
Random Forest,1.0
Random Forest,1.0
Random Forest,1.0
Random Forest,1.0
Random Forest,1.0
Random Forest,1.0
Random Forest,1.0
Random Forest,1.0
Random Forest,1.0
Random Forest,1.0
Random Forest,1.0
Random Forest,1.0
Random Forest,1.0
Random Forest,1.0
Random Forest,1.0
Random Forest,1.0
Random Forest,1.0
Random Forest,1.0
Random Forest,1.0
Random Forest,1.0
Random Forest,1.0
Random Forest,1.0
Random Forest,1.0
Random Forest,1.0
Random Forest,1.0
Random Forest,1.0
Random Forest,1.0
Random Forest,1.0
Random Forest,1.0
Random Forest,0.99
Random Forest,1.0
Random Forest,1.0
Random Forest,1.0
Random Forest,1.0
Random Forest,1.0
Random Forest,1.0
Random Forest,1.0
Random Forest,1.0
Random Forest,1.0
Random Forest,1.0
Random Forest,1.0
Random Forest,1.0
Random Forest,1.0
Random Forest,1.0
Random Forest,1.0
Random Forest,1.0
Random Forest,1.0
Random Forest,1.0
Random Forest,1.0
Random Forest,1.0
Random Forest,1.0
Random Forest,1.0
Random Forest,1.0
Random Forest,1.0
Random Forest,1.0
Random Forest,0.99
Random Forest,1.0
Random Forest,1.0
Random Forest,1.0
Random Forest,1.0
Random Forest,1.0
Random Forest,1.0
Random Forest,1.0
Random Forest,1.0
Random Forest,1.0
Random Forest,1.0
Random Forest,1.0
Random Forest,1.0
SVM,0.998986140530193
SVM,0.999017036047594
SVM,0.9990332118343798
SVM,0.9988715629182355
SVM,0.999009794700761
SVM,0.9990126923579956
SVM,0.9992051539555081
SVM,0.9988980342709244
SVM,0.9990805666286647
SVM,0.9989747140994567
SVM,0.9990156895492595
SVM,0.998136268440053
SVM,0.9990325429209381
SVM,0.9990410797980023
SVM,0.999085060673884
SVM,0.999118485567869
SVM,0.9989291468564403
SVM,0.9980996149381731
SVM,0.998260383157746
SVM,0.9981102430706532
SVM,0.9982557768287936
SVM,0.998972410696482
SVM,0.9991598179333137
SVM,0.9982989856453435
SVM,0.9989992672661943
SVM,0.998222303220156
SVM,0.9990841236853747
SVM,0.9980475744142782
SVM,0.9982553630794335
SVM,0.9980639796685127
SVM,0.9990162913719326
SVM,0.9990563908387745
SVM,0.9990451044724022
SVM,0.9991600048691952
SVM,0.9982511385540385
SVM,0.9991184254434424
SVM,0.9990825057186428
SVM,0.9990584440098393
SVM,0.9990766358917311
SVM,0.998245278328778
SVM,0.9990688205367697
SVM,0.9991425834727599
SVM,0.9983245004090996
SVM,0.9990997694746632
SVM,0.9981788384853658
SVM,0.9989442164514928
SVM,0.9990857402569111
SVM,0.9990997437428086
SVM,0.9989976385516286
SVM,0.9990615740104059
SVM,0.998973420780108
SVM,0.9982796213294947
SVM,0.9990318576923404
SVM,0.9983207118413482
SVM,0.9991010006451688
SVM,0.9981013831297612
SVM,0.9989009621890279
SVM,0.9981866487636116
SVM,0.9990242094086916
SVM,0.9988109094026487
SVM,0.9990278038193134
SVM,0.9982456387036078
SVM,0.9989885919974576
SVM,0.999088636995301
SVM,0.9990821074978402
SVM,0.998204353013965
SVM,0.9990859038634895
SVM,0.9982713466227672
SVM,0.9991290735581202
SVM,0.9989621538650079
SVM,0.9990905824168967
SVM,0.9990510996119231
SVM,0.9989854991033745
SVM,0.9991650158016767
SVM,0.9990407241847749
SVM,0.9983450316366825
SVM,0.9989714993228922
SVM,0.9982425021540753
SVM,0.9984427289535482
SVM,0.999130835874664
SVM,0.9983404881423397
SVM,0.9990075912501066
SVM,0.9990061911974749
SVM,0.999108901845231
SVM,0.9990125774666879
SVM,0.9989665859014447
SVM,0.9990579366752081
SVM,0.9991578203468932
SVM,0.998253588309546
SVM,0.9982673663092392
SVM,0.9984044265835864
SVM,0.9981084846912397
SVM,0.9982891371820735
SVM,0.9989771589283072
SVM,0.9990001361250845
SVM,0.9991145923338289
SVM,0.9983029498536127
SVM,0.9981648454941418
SVM,0.998173624776908
SVM,0.9983945953857131
SVM,0.9989850760533715
SVM,0.999124394427765
SVM,0.9990965005697718
SVM,0.9980220036364758
SVM,0.9982490107050186
SVM,0.9990164062972042
SVM,0.9990626556455275
SVM,0.9982688643846919
SVM,0.9981678726483547
SVM,0.9989172957968497
SVM,0.9990078900190626
SVM,0.9984039436579366
SVM,0.9990688287066464
SVM,0.9990500219511503
SVM,0.9982518093914861
SVM,0.9990594660819972
SVM,0.9979393801463496
SVM,0.9990604608902943
SVM,0.9991742774389707
SVM,0.9991188387385161
SVM,0.9982363828112121
SVM,0.9991315973808899
SVM,0.9982021022695854
SVM,0.9990971145103764
SVM,0.9991289182208958
SVM,0.9989452672449094
SVM,0.9990297801517837
SVM,0.9990044839058367
SVM,0.9980952902066932
SVM,0.9992175042514381
SVM,0.9989844201482369
SVM,0.9991992022138302
SVM,0.9989298928238725
SVM,0.9989903070797516
SVM,0.9981633858054358
SVM,0.9978405254647598
SVM,0.9990282324247225
SVM,0.9983056856736958
SVM,0.9990301738024658
SVM,0.998259225233608
SVM,0.9991319258634286
SVM,0.9982245240776866
SVM,0.9981795109562326
SVM,0.9990020926641895
SVM,0.9983177241551111
SVM,0.998226085665368
SVM,0.9991272012787183
SVM,0.9989839384789081
SVM,0.9990922223521304
SVM,0.9991343580843874
SVM,0.999046929991777
SVM,0.9990111065831613
SVM,0.9990750989371098
SVM,0.9982548985168874
SVM,0.9990799123284738
SVM,0.9982705734733515
SVM,0.998976914052004
SVM,0.9990192109294658
SVM,0.9990747755155358
SVM,0.9989967967609422
SVM,0.9991162724956897
SVM,0.9990026612634175
SVM,0.9982898649345662
SVM,0.9990352164139475
SVM,0.9990229295642024
SVM,0.9990750658790398
SVM,0.9982805482443814
SVM,0.998341994072675
SVM,0.9982175457476323
SVM,0.9991808519163167
SVM,0.9989776990639021
SVM,0.9981833756351091
SVM,0.9982043190722886
SVM,0.9981536302448358
SVM,0.9990573158312168
SVM,0.9990355962771569
SVM,0.9990310156066823
SVM,0.9980667155187198
SVM,0.9990869481127718
SVM,0.9992313306367301
SVM,0.9980650855984681
SVM,0.998939043122754
SVM,0.9989529651703801
SVM,0.9989905177877072
SVM,0.9990147830061396
SVM,0.9983735743900795
SVM,0.9991117497403061
SVM,0.9980767005155711
SVM,0.9990035213288657
SVM,0.9991168668009383
SVM,0.9983052450045287
SVM,0.998913427772972
SVM,0.9990716560229863
SVM,0.9989612411765391
SVM,0.9983526105568105
SVM,0.9990548781487588
SVM,0.9990530319123561
SVM,0.9989307880755242
SVM,0.9990397912327058
SVM,0.99891093823011
SVM,0.9990391116580792
SVM,0.9981071332456016
SVM,0.9991049822355667
SVM,0.9990580144004365
SVM,0.9982390225634422
SVM,0.9990154643530632
SVM,0.9979400373873547
SVM,0.9991466097595714
SVM,0.9982074831298625
SVM,0.9990588923484015
SVM,0.9990242337939028
SVM,0.9980838803283382
SVM,0.9982235429288876
SVM,0.9983797589667331
SVM,0.9990932084560381
SVM,0.9981650251765608
SVM,0.9982380748467881
SVM,0.9981818096119854
SVM,0.9981671655921336
SVM,0.9990737755773165
SVM,0.9981863927056388
SVM,0.9989570833993111
SVM,0.9982179822560517
SVM,0.9990784938990307
SVM,0.9982044648310783
SVM,0.9990581719810152
SVM,0.9981872699786223
SVM,0.9980671076444192
SVM,0.9991516847184666
SVM,0.9990180291093388
SVM,0.9989911657108206
SVM,0.998995478110106
SVM,0.9990411305547688
SVM,0.9981533408259693
SVM,0.9991067763891157
SVM,0.9989923618542621
SVM,0.9989964303706623
SVM,0.9990862461082953
SVM,0.9991830994164861
SVM,0.9983488199001271
SVM,0.9983251589688136
SVM,0.9989138386861415
SVM,0.9990760887662387
SVM,0.9991021193356806
SVM,0.9991160137206514
SVM,0.9990958638807218
SVM,0.998968720424665
SVM,0.9991169981632775
SVM,0.9990524759685518
SVM,0.9989895989938592
SVM,0.9982804863360748
SVM,0.9991438522294084
SVM,0.9983929943034828
SVM,0.9982280896902577
SVM,0.9991515966861076
SVM,0.998242567126771
SVM,0.9988265960629024
SVM,0.9981852005320988
SVM,0.9990680250294448
SVM,0.9990799333353069
SVM,0.9990544625733939
SVM,0.9983391514819309
SVM,0.9982081390544776
SVM,0.9989491129639374
SVM,0.9990781409529672
SVM,0.9989944041307529
SVM,0.9982097976009339
SVM,0.9988120055711753
SVM,0.999076693577835
SVM,0.9989531954250135
SVM,0.9990363008296181
SVM,0.9981505212500311
SVM,0.9982272597806572
SVM,0.998343445249094
SVM,0.9990147413846971
SVM,0.9990480786754284
SVM,0.998172158983359
SVM,0.9990943598669094
SVM,0.9982714049439005
SVM,0.9990882368655114
SVM,0.9982444207215286
SVM,0.9991570533326033
SVM,0.9981341027887455
SVM,0.9981853633087322
SVM,0.9981276890378965
SVM,0.9983282340841585
SVM,0.9990454583364029
SVM,0.9991242511981794
SVM,0.9988948417444569
SVM,0.9989710096470915
SVM,0.9990777577604127
SVM,0.9984390885430863
SVM,0.9983211164009316
SVM,0.9990867083290785
SVM,0.9981614519523319
SVM,0.9980952065418434
SVM,0.9982537776777525
SVM,0.9989578133759854
SVM,0.9988823577705735
SVM,0.9982034318892552
SVM,0.9981566523548816
SVM,0.9990566484340221
SVM,0.9981999109638945
SVM,0.998919202344255
SVM,0.9992339496749303
SVM,0.9990686958482519
SVM,0.9983626366061584
SVM,0.9982725595583389
SVM,0.9990776098356043
SVM,0.9990113850741755
SVM,0.9978622280730658
SVM,0.9981865763215966
SVM,0.9981604379706692
SVM,0.9980031605495047
SVM,0.9990028735668351
SVM,0.9979927297656275
SVM,0.9990895427533903
SVM,0.99800486867352
SVM,0.9982561855301089
SVM,0.9992617503335914
SVM,0.998117719266574
SVM,0.9990774045323532
SVM,0.9989359169430493
SVM,0.9982671915534633
SVM,0.9991659674920639
SVM,0.9982963303842292
SVM,0.9990595218279774
SVM,0.9984286900098205
SVM,0.9984803207687042
SVM,0.9990070865479994
SVM,0.9987649882848103
SVM,0.9988905556300409
SVM,0.9990807408846291
SVM,0.9990870794401061
SVM,0.9981740261180031
SVM,0.9989664666121755
SVM,0.9990397718698677
SVM,0.9981696129431261
SVM,0.9991019668548567
SVM,0.9992744592109363
SVM,0.9991018927549467
SVM,0.9982659740934412
SVM,0.9990105110236167
SVM,0.9983138551437921
SVM,0.9982642141699216
SVM,0.9990503633132668
SVM,0.9991119818842098
SVM,0.9981615115594596
SVM,0.9982289276744367
SVM,0.9990432294204534
SVM,0.9982007283714951
SVM,0.9990097338154609
SVM,0.9991412194445604
SVM,0.9992766380288716
SVM,0.9981739438825448
SVM,0.9991501747883916
SVM,0.9989818938875381
SVM,0.9990076966048406
SVM,0.998332460506416
SVM,0.9990043194154028
SVM,0.9990134587799504
SVM,0.998984931586034
SVM,0.9989631590860928
SVM,0.9982236013217041
SVM,0.9989180130569801
SVM,0.99814091020793
SVM,0.9981628532747877
SVM,0.998348778923391
SVM,0.9990988828232439
SVM,0.9990231102533432
SVM,0.9990039686316653
SVM,0.9980305191474702
SVM,0.9990766107104294
SVM,0.9989690304068594
SVM,0.9990689393801697
SVM,0.9981728819496233
SVM,0.9982514594341183
SVM,0.9990101354933681
SVM,0.9991163725555883
SVM,0.9990376690185034
SVM,0.9990364303614301
SVM,0.9989053007125366
SVM,0.9990434278497234
SVM,0.9992049367271164
SVM,0.9989289045861811
SVM,0.9982453993738746
SVM,0.9981528241477333
SVM,0.9990473240864516
SVM,0.9990212581407907
SVM,0.9990518634325527
SVM,0.9980643208659842
SVM,0.9982387921849515
SVM,0.9988465384247768
SVM,0.9989501170111872
SVM,0.9989983657036507
SVM,0.9990558790853056
SVM,0.9991082157526392
SVM,0.9990127294884804
SVM,0.9990808644435946
SVM,0.9990608622117552
SVM,0.9990784908895309
SVM,0.9982140030701672
SVM,0.997984824280118
SVM,0.9982702512166688
SVM,0.9990886009856987
SVM,0.9991181085015566
SVM,0.9989532090275531
SVM,0.9982411946234064
SVM,0.9990772775819725
SVM,0.9989572328865357
SVM,0.9980411004090458
SVM,0.9989128366282685
SVM,0.9991653709657824
SVM,0.9981376109575013
SVM,0.9981285357880602
SVM,0.9981079644461222
SVM,0.9990930746034851
SVM,0.9990182070839848
SVM,0.998524455000066
SVM,0.9982809185476682
SVM,0.9990513990859556
SVM,0.9991712450036456
SVM,0.9990928499895804
SVM,0.9981500314408805
SVM,0.9981848423572203
SVM,0.9983096706001081
SVM,0.9982032278550748
SVM,0.9990314230093738
SVM,0.9981746729310705
SVM,0.9983258437444142
SVM,0.9990224896981814
SVM,0.9991425547072291
SVM,0.9990510486762322
SVM,0.9990249801380433
SVM,0.9985373366630664
SVM,0.9990593517201214
SVM,0.9990915592473598
SVM,0.9989778448977471
SVM,0.9990302871164667
SVM,0.9991139678830165
SVM,0.9990438209050223
SVM,0.9990983878263597
SVM,0.9982851379942164
SVM,0.9990024168604907
SVM,0.9990332842965227
SVM,0.9991130948894226
SVM,0.9991809485263478
SVM,0.9989909768732324
SVM,0.9989987168946997
SVM,0.9990878897819606
SVM,0.9990009751803444
SVM,0.9983162902675502
SVM,0.9991460079434024
SVM,0.9981878939749219
SVM,0.9990304247762001
SVM,0.9990864228764001
SVM,0.9990957097304681
SVM,0.9982017686194183
SVM,0.9990990193591409
SVM,0.9989895574343498
SVM,0.9982405656093372
SVM,0.9984566072006462
SVM,0.9991276282188499
SVM,0.9980322231232792
SVM,0.9980602026144837
SVM,0.9982297013198641
SVM,0.998143405568527
SVM,0.9991203971257374
SVM,0.9990823536888106
SVM,0.9989881494098792
SVM,0.9991320438290954
SVM,0.9991316987205898
SVM,0.9990338554957617
SVM,0.998116488784461
SVM,0.9990197011135062
SVM,0.999052991924114
SVM,0.9982366924324468
SVM,0.9985128162459602
SVM,0.9990856776882333
SVM,0.9990732883009329
SVM,0.9989898601341383
SVM,0.9990571403529834
SVM,0.9989964007872565
SVM,0.999207876213988
SVM,0.9990074303175644
SVM,0.9979274891548202
SVM,0.9989951171364833
SVM,0.9989950347997965
SVM,0.9991238252706717
SVM,0.9990136014164147
SVM,0.9989573895110638
SVM,0.998176382369121
SVM,0.9983377909433736
SVM,0.9983016928719382
SVM,0.9990664512592795
SVM,0.9991680718874374
SVM,0.9979684599752667
SVM,0.998964459033927
SVM,0.9989967724396728
SVM,0.9981370235978722
SVM,0.9991203613764019
SVM,0.9991313429442841
SVM,0.998104957022219
SVM,0.9983578128292295
SVM,0.9991646072004473
SVM,0.9989170183586623
SVM,0.999013264146351
SVM,0.9981895744584934
SVM,0.9990048193157601
SVM,0.9989193656303375
SVM,0.9989024857672945
SVM,0.999088789640614
SVM,0.9983547350231159
SVM,0.9980011053482987
SVM,0.9990701663595252
SVM,0.9988587539662064
SVM,0.9990266256901164
SVM,0.9990313960797412
SVM,0.9993170867945432
SVM,0.9980321179261651
SVM,0.9983448026647448
SVM,0.9989765852185588
SVM,0.9989817565193289
SVM,0.9989881892376264
SVM,0.9987980434799313
SVM,0.9989953252929779
SVM,0.9989842710347551
SVM,0.9981718589657671
SVM,0.9990304423561585
SVM,0.9989726144215558
SVM,0.99915579254388
SVM,0.9981088489713686
SVM,0.9989974332511731
SVM,0.9981189939711694
SVM,0.9990295305690671
SVM,0.998077982673934
SVM,0.9983278931854034
SVM,0.9991043548374139
SVM,0.9991203216909975
SVM,0.9984046115537009
SVM,0.9981415059909532
SVM,0.9989966764362178
SVM,0.998346682820943
SVM,0.9987958959119052
SVM,0.998187166654265
SVM,0.9980902124028537
SVM,0.9990134778063127
SVM,0.9982097397819567
SVM,0.9982431540837272
SVM,0.9989802551248671
SVM,0.9990007853276047
SVM,0.9982492214580809
SVM,0.9989568163223772
SVM,0.9989442654595735
SVM,0.9980331819800441
SVM,0.9986154064129282
SVM,0.999022969231383
SVM,0.9981674720112503
SVM,0.9982830702424705
SVM,0.9991546252198986
SVM,0.9981251865624274
SVM,0.9982042063058291
SVM,0.9990773694163988
SVM,0.9982216177714051
SVM,0.9982151173856304
SVM,0.999057527934313
SVM,0.9990521175788445
SVM,0.9990497119954501
SVM,0.9991161564889494
SVM,0.9991339415506328
SVM,0.9991517249362982
SVM,0.998175915228886
SVM,0.9983495825857458
SVM,0.9990706497760593
SVM,0.9981140571599262
SVM,0.9981192219436341
SVM,0.9983018109626449
SVM,0.9981764197305159
SVM,0.9991955262312654
SVM,0.9981821170326223
SVM,0.9990214745088588
SVM,0.9990477045040705
SVM,0.9977349892539269
SVM,0.9990168127549046
SVM,0.9989435835370658
SVM,0.9990934902000962
SVM,0.9991215062610642
SVM,0.9989345172092887
SVM,0.9990154423831111
SVM,0.9990474061994273
SVM,0.9990860113157009
SVM,0.9978885277875442
SVM,0.997877245306469
SVM,0.9985970451538693
SVM,0.999148096523251
SVM,0.998342402424681
SVM,0.9991184156596775
SVM,0.9993112473450554
SVM,0.9989886027162764
SVM,0.9990351676040561
SVM,0.9989885585695895
SVM,0.9980888704312333
SVM,0.9981730149601497
SVM,0.9990572814011289
SVM,0.9990749850503434
SVM,0.9991180240218341
SVM,0.9991447756956138
SVM,0.998120063084226
SVM,0.9983017716959386
SVM,0.9983613598691182
SVM,0.9982774723516975
SVM,0.9990818379624173
SVM,0.9991038189299513
SVM,0.9990066369858613
SVM,0.9989622148976214
SVM,0.9992124487795104
SVM,0.9990546935748817
SVM,0.9990822360982161
SVM,0.9992382435139898
SVM,0.9989684121201657
SVM,0.9991290457574685
SVM,0.9990941971759835
SVM,0.9980927533770568
SVM,0.9990370993981464
SVM,0.9991199928048318
SVM,0.998335017629065
SVM,0.9990315045593064
SVM,0.9991019577715534
SVM,0.9990678360650076
SVM,0.9990842741491985
SVM,0.9993105944524636
SVM,0.9990015646880138
SVM,0.9981187820623202
SVM,0.9990494472952539
SVM,0.9982251590743401
SVM,0.9982731576165123
SVM,0.9990839440032915
SVM,0.9989618078872983
SVM,0.9990912119914809
SVM,0.999025933382075
SVM,0.9990350640235933
SVM,0.9990850459430863
SVM,0.998159782539938
SVM,0.9991287885918597
SVM,0.9990271572579978
SVM,0.9981235128955349
SVM,0.9982090749287075
SVM,0.9989938607791128
SVM,0.9990855592102251
SVM,0.9987638175413762
SVM,0.9991114974613449
SVM,0.9982721537747677
SVM,0.9989435936977665
SVM,0.9988453564415846
SVM,0.9982859488245142
SVM,0.9983100099250961
SVM,0.9990210090447273
SVM,0.9982181486390678
SVM,0.998276680325603
SVM,0.9990003773853526
SVM,0.9990240100869452
SVM,0.9989872103220895
SVM,0.9990937053595944
SVM,0.9990624387355723
SVM,0.9991380040577502
SVM,0.9989695407510567
SVM,0.9983350604187861
SVM,0.998956959802219
SVM,0.9989924228788899
SVM,0.9991053339399393
SVM,0.9981738688350873
SVM,0.9982980124663102
SVM,0.9982497808889239
SVM,0.9989726516427545
SVM,0.9983240113144088
SVM,0.9980782460444215
SVM,0.998897292472942
SVM,0.9990263848304984
SVM,0.9990030725412204
SVM,0.9990912040978559
SVM,0.9990249071560005
SVM,0.9990907700289171
SVM,0.9990873200768503
SVM,0.9983604107377765
SVM,0.9989785164116757
SVM,0.9982500381336982
SVM,0.9990607171864421
SVM,0.9990731996726214
SVM,0.9982743800977254
SVM,0.9989452737080965
SVM,0.9980266160575024
SVM,0.9991246033873542
SVM,0.9991281005345142
SVM,0.998298634956346
SVM,0.9982005588258055
SVM,0.9990363366982715
SVM,0.9990184505515985
SVM,0.9990443176682353
SVM,0.9984498587561605
SVM,0.999072888880095
SVM,0.9980062194282968
SVM,0.9982675554938085
SVM,0.9982154438269146
SVM,0.9980389805209053
SVM,0.9990542779077218
SVM,0.9983232453609563
SVM,0.9990182311696755
SVM,0.9990387017538529
SVM,0.9990478503857023
SVM,0.9983035387801408
SVM,0.9981754912333457
SVM,0.9984683964243588
SVM,0.998172107934878
SVM,0.9991530399810484
SVM,0.9982463328091551
SVM,0.998115098507341
SVM,0.9990392674882198
SVM,0.9990126374828036
SVM,0.9983303554589478
SVM,0.9982148691954622
SVM,0.9982267687062816
SVM,0.9984123569394333
SVM,0.9992739981390699
SVM,0.999115806854569
SVM,0.9979155278104119
SVM,0.9990407749554928
SVM,0.9981480547275308
SVM,0.9990084897006065
SVM,0.9989788831051623
SVM,0.9990625695187545
SVM,0.9982154965818992
SVM,0.9983557465366675
SVM,0.998801313494722
SVM,0.9979013654229176
SVM,0.9991159246236313
SVM,0.9987983253273327
SVM,0.9990738029050515
SVM,0.9989978918036189
SVM,0.9990785046982051
SVM,0.997971591282002
SVM,0.9992279472661576
SVM,0.999093695726247
SVM,0.999042550576308
SVM,0.9990306490427094
SVM,0.9990699324761471
SVM,0.9989379202028296
SVM,0.9989477901446155
SVM,0.9990382453825447
SVM,0.9991167942817913
SVM,0.9983525328088382
SVM,0.9982290477523641
SVM,0.9991434565967291
SVM,0.9989410322084614
SVM,0.9982070695219825
SVM,0.9990991917044626
SVM,0.9989015765085671
SVM,0.9989618569018406
SVM,0.9989918013044088
SVM,0.9990623119389269
SVM,0.9981301302476691
SVM,0.9990162593810169
SVM,0.9990991852154923
SVM,0.9992237221363827
SVM,0.9983020608268978
SVM,0.9990329706976695
SVM,0.997898330685774
SVM,0.9990283237125934
SVM,0.998232171825
SVM,0.9990407022894946
SVM,0.9991078443243296
SVM,0.9981311531620431
SVM,0.9990575300386482
SVM,0.9982192514904475
SVM,0.999156304847743
SVM,0.9990536714633247
SVM,0.999009305655985
SVM,0.9989907044869929
SVM,0.9990822829684651
SVM,0.9982249461440121
SVM,0.9982354171669131
SVM,0.9990401135665238
SVM,0.9982581714043939
SVM,0.9982481130519549
SVM,0.999075798981532
SVM,0.9979994107736687
SVM,0.9990323242443632
SVM,0.9982784239440232
SVM,0.9982312382374692
SVM,0.9991763807518677
SVM,0.9990501131556868
SVM,0.9981175076144941
SVM,0.9980802352106585
SVM,0.9982646614994591
SVM,0.9989974734303045
SVM,0.9990909514692946
SVM,0.9990429126060013
SVM,0.9983524493067575
SVM,0.9983115087277448
SVM,0.9990641800033243
SVM,0.9989870001447138
SVM,0.9982076238534537
SVM,0.9982378252011731
SVM,0.9986744233483738
SVM,0.9990146022178215
SVM,0.9991161455263985
SVM,0.9990176306362445
SVM,0.9990485122649382
SVM,0.9982259473391469
SVM,0.9990476985104129
SVM,0.9990678518651013
SVM,0.9991842862179043
SVM,0.9990219508987861
SVM,0.9990038163185184
SVM,0.9981921594266978
SVM,0.9982490531959352
SVM,0.9991029748136869
SVM,0.999125251383769
SVM,0.9989763060348855
SVM,0.9982061030129519
SVM,0.9990108909624412
SVM,0.9991547177355888
SVM,0.9990267133357514
SVM,0.9982713806669479
SVM,0.999114960591274
SVM,0.9990065147094572
SVM,0.9981257691504057
SVM,0.9990524128870616
SVM,0.9991060746795322
SVM,0.9992308832480905
SVM,0.998188095830859
SVM,0.9986157391873135
SVM,0.9990124570771239
SVM,0.9989680026580665
SVM,0.9989229565097038
SVM,0.9991219089870089
SVM,0.9988139748384564
SVM,0.9989760544137891
SVM,0.9990403747622583
SVM,0.998328491141314
SVM,0.9991079712595807
SVM,0.9981694554754256
SVM,0.998332754996345
SVM,0.9990728952784259
SVM,0.9989569375893386
SVM,0.998271341343689
SVM,0.9982482146961613
SVM,0.9991146579068308
SVM,0.998243631775581
SVM,0.9982838279143005
SVM,0.9981385932229413
SVM,0.9991469557593635
SVM,0.9983069557476991
SVM,0.9990395457204247
SVM,0.999053706002142
SVM,0.9989964478711679
SVM,0.9990855492726414
SVM,0.9989755173025727
SVM,0.999011912711498
SVM,0.9989785405660229
SVM,0.998190541147773
SVM,0.9981087047076447
SVM,0.9990049948377365
SVM,0.9981063549581689
SVM,0.9989930130997078
SVM,0.9990709719217655
SVM,0.9990462848220583
SVM,0.9981876472903961
SVM,0.9990107736244502
SVM,0.9990102905594614
SVM,0.9990164879986958
SVM,0.9983740071339107
SVM,0.9990446371021676
SVM,0.9988610535850311
SVM,0.9982012926918469
SVM,0.9981492170685129
SVM,0.998190020399436
SVM,0.9990155650781135
SVM,0.9981705023915707
SVM,0.9982965563420529
SVM,0.9990244452296226
SVM,0.9990988874959671
SVM,0.9991859914402206
SVM,0.9990722063553932
SVM,0.9989765459665261
SVM,0.9989149038329673
SVM,0.998255379186241
SVM,0.9990921307899103
SVM,0.9990127792453489
SVM,0.9990123487209465
SVM,0.9990739934338373
SVM,0.9982012382846188
SVM,0.9988929391727421
SVM,0.9981914742882129
SVM,0.9991017356440036
SVM,0.9982105197104785
SVM,0.9982192085061898
SVM,0.9990451436079939
SVM,0.9990504573497307
SVM,0.9990590062788494
SVM,0.9991123318677986
SVM,0.9990449079078001
SVM,0.9989915474527521
SVM,0.9990815136802065
SVM,0.9988980228573926
SVM,0.9983532909193096
SVM,0.9990528068492888
SVM,0.9990869569267756
SVM,0.9990114337043595
SVM,0.9991063960279514
SVM,0.9990409624343716
SVM,0.9981794760527192
SVM,0.999083214905335
SVM,0.9989606081801161
SVM,0.9980034574384916
SVM,0.9989743610633735
SVM,0.9990722971618389
SVM,0.9988982669755275
SVM,0.9983052308442504
SVM,0.9990530316917454
SVM,0.9982725538494993
SVM,0.9990780161526229
SVM,0.9991138116981231
SVM,0.9989858763696958
SVM,0.998185540258099
SVM,0.9981615001956639
SVM,0.9990529663777641
SVM,0.9990817534346101
SVM,0.9990424990355423
SVM,0.9991264496936999
SVM,0.9990625781825292
SVM,0.9982250423398605
SVM,0.999084330037579
SVM,0.9980480574105449
SVM,0.9989094655319801
SVM,0.9982692146070301
SVM,0.9981857412778933
SVM,0.9982878774776
SVM,0.9989934481545901
SVM,0.9981046495239125
SVM,0.9989134894998462
SVM,0.9988448188243751
SVM,0.9990044229220155
SVM,0.998962484318417
SVM,0.9990423730854803
SVM,0.9990353983914992
SVM,0.9990946586927907
SVM,0.9990428360154262
SVM,0.9990979514409849
SVM,0.9981091407736692
SVM,0.9990631530700433
SVM,0.9982892827227975
SVM,0.9991521103035506
SVM,0.999085523676445
SVM,0.9990284562597637
SVM,0.9989814138816092
SVM,0.9981809316485549
SVM,0.9989689904974011
SVM,0.9990830427877487
SVM,0.9989979648576218
SVM,0.9989724617495422
SVM,0.9991147230279193
SVM,0.9990746725048156
SVM,0.9991488074036223
SVM,0.9990259038861253
SVM,0.9985439110923059
SVM,0.9990980214684908
SVM,0.9989722507600239
SVM,0.9981054067114788
SVM,0.9981837133115947
SVM,0.9984623577570266
SVM,0.9984874148556985
SVM,0.9981254391772449
SVM,0.9991417981773438
SVM,0.9990818276235892
SVM,0.9982685106601359
SVM,0.9990167383467586
SVM,0.9990820813001525
SVM,0.9989861975541132
SVM,0.9991048412119399
SVM,0.9990268731324166
SVM,0.9980858306603752
SVM,0.9991611512442731
SVM,0.9983076892499128
SVM,0.9981603240317151
SVM,0.9984919185649443
SVM,0.9990039181046322
SVM,0.9981833595892615
SVM,0.9990115505646131
SVM,0.9989546932757619
SVM,0.9982794326775946
SVM,0.998315009749293
SVM,0.9983421304447149
SVM,0.9983726603297697
SVM,0.998886983838178
SVM,0.9991877591831729
SVM,0.9990851190581184
SVM,0.998356159743586
SVM,0.9991033731523841
SVM,0.9989928711587963
SVM,0.9981955266308484
SVM,0.9990676272084571
SVM,0.9990574252981279
SVM,0.9991574287322786
SVM,0.9991336200249027
SVM,0.9981421302048714
SVM,0.998233947576046
SVM,0.9983034461465443
SVM,0.9981735585708318
SVM,0.999062029850309
SVM,0.99825866593648
SVM,0.9990077610189048
SVM,0.9990579322692777
SVM,0.9990655031751083
SVM,0.9989695695831683
SVM,0.9991255102607293
SVM,0.998028573748492
SVM,0.9990490079031286
SVM,0.9990675388645668
SVM,0.9989715481503996
SVM,0.999147548584224
SVM,0.9980556978757124
SVM,0.998078234371417
SVM,0.9990338316959898
SVM,0.9992428569450406
SVM,0.9981638220415234
SVM,0.9981945047525844
SVM,0.9989837598301896
SVM,0.999063913884813
SVM,0.9990977979300609
SVM,0.9991005110504082
SVM,0.9989887441091391
SVM,0.9991092512689468
SVM,0.9991854535590331
SVM,0.9990098833570457
SVM,0.9982451581845687
SVM,0.999041239598314
SVM,0.9989981667210251
SVM,0.9989481752141447
SVM,0.9991063232036759
SVM,0.9982418480784047
SVM,0.9990838277311946
SVM,0.9981593193208669
SVM,0.9981790464500442
SVM,0.998267502772164
SVM,0.9990110625637924
SVM,0.9989466084876639
SVM,0.9990568441250023
SVM,0.9981142073415572
SVM,0.9991492805825233
SVM,0.9989965208401411
SVM,0.9990879320312669
SVM,0.9990003647294323
SVM,0.9989984475996442
SVM,0.998995188120779
SVM,0.9990235615007211
SVM,0.9990298879940035
SVM,0.9990105577905986
SVM,0.9988310570555813
SVM,0.9980940550512354
SVM,0.9982969497274603
SVM,0.9989638970361389
SVM,0.9990955747657351
SVM,0.9990989642748153
SVM,0.9982157972527442
SVM,0.9987717388606132
SVM,0.9990177383780734
SVM,0.9989700005997454
SVM,0.9981956474795373
SVM,0.9988270764479903
SVM,0.9989920141485301
SVM,0.9989623308897224
SVM,0.9990915857480106
SVM,0.998285729954406
SVM,0.9990427800954883
SVM,0.9989252267264455
SVM,0.9990711962419168
SVM,0.9982783652723114
SVM,0.999072484209575
SVM,0.9990505121232879
SVM,0.9990835510354985
SVM,0.9991154815306654
SVM,0.9989864851104959
SVM,0.9991820909875389
SVM,0.9983031807212551
SVM,0.9986180860272154
SVM,0.9989930400286002
SVM,0.9991296845298774
SVM,0.999050847047747
SVM,0.9990366106404108
SVM,0.9989999100473957
SVM,0.998204381133041
SVM,0.9991123898143567
SVM,0.9989218478360928
SVM,0.9982288924196798
SVM,0.9982285012692025
SVM,0.9990846916292513
SVM,0.9980555631653635
SVM,0.99903313598083
SVM,0.9990295139897363
SVM,0.9989247199416509
SVM,0.9991135343221182
SVM,0.9989938325415192
SVM,0.9981485336813481
SVM,0.9982321093622957
SVM,0.9990317447934407
SVM,0.9989434218478355
SVM,0.998929220820686
SVM,0.999088735281922
SVM,0.9981706006913047
SVM,0.9990659496388765
SVM,0.999059844786134
SVM,0.9991416295422753
SVM,0.9981595342152099
SVM,0.9990421650138679
SVM,0.9989892248672139
SVM,0.9991246609628437
SVM,0.9981180971629444
SVM,0.9990819254777132
SVM,0.9983689354246023
SVM,0.9988980580039171
SVM,0.9989324035713938
SVM,0.9991023638733468
SVM,0.9990273991615307
SVM,0.9990257215526424
SVM,0.9991227039447903
SVM,0.9983034141310952
SVM,0.9984720769391542
SVM,0.9990250930482348
SVM,0.9990012023757526
SVM,0.9982868242862637
SVM,0.9989464846066938
SVM,0.9991265429049878
SVM,0.9991388851882281
SVM,0.9981666132216956
SVM,0.9990025724176632
SVM,0.9990773925723133
SVM,0.9990681130841604
SVM,0.9990080739674081
SVM,0.9982757094134339
SVM,0.9991506042591617
SVM,0.9980603804964119
SVM,0.9990528437535995
SVM,0.9983152197780015
SVM,0.9988697897746859
SVM,0.9990009629564212
SVM,0.99894288225605
SVM,0.9990610149839932
SVM,0.9982168429009134
SVM,0.9981266075631694
SVM,0.9979594369781021
SVM,0.9989364907465299
SVM,0.9981990455899284
SVM,0.9990224100448202
SVM,0.9991024060313969
SVM,0.9983705895191767
SVM,0.9991277060561632
SVM,0.9990275261433915
SVM,0.9982427479430319
SVM,0.9983179810580071
SVM,0.9989576023586528
SVM,0.9990767245593938
SVM,0.9991156046096522
SVM,0.9981096776968126
SVM,0.9991505033964385
SVM,0.9988760156771667
SVM,0.9981882476761887
SVM,0.9989476896273534
SVM,0.9989777147781937
SVM,0.9983673870169454
SVM,0.999123689549687
SVM,0.9990167271894986
SVM,0.9989952231805009
SVM,0.9983421905343013
SVM,0.9990730367353627
SVM,0.9990486093010598
SVM,0.9989787880625371
SVM,0.9990065603434635
SVM,0.9982219861850657
SVM,0.9983665375587648
SVM,0.9989992962322713
SVM,0.9991047429325368
SVM,0.9991286738369736
SVM,0.9983696201217258
SVM,0.9989989682661846
SVM,0.9990552459066363
SVM,0.9990559719581078
SVM,0.9990643499791991
SVM,0.9991770160829901
SVM,0.9990452520660416
SVM,0.9982366607535884
SVM,0.9983334922081637
SVM,0.9990617462823359
SVM,0.9980195396330677
SVM,0.9990793037233905
SVM,0.9980046017964839
SVM,0.9990386537567153
SVM,0.9990016770647167
SVM,0.9992358607901684
SVM,0.9982462874544762
SVM,0.9984110668263939
SVM,0.9989109318875593
SVM,0.9990626730869787
SVM,0.9990559706110617
SVM,0.999020605653582
SVM,0.9990665300552809
SVM,0.9981114433857075
SVM,0.9984711312115673
SVM,0.9989684409960219
SVM,0.999075704005538
SVM,0.9991119741536931
SVM,0.9982562078142246
SVM,0.9982798194609834
SVM,0.9979934526908657
SVM,0.9990422671852144
SVM,0.9990553852428004
SVM,0.9990122451850759
SVM,0.9990332977121733
SVM,0.9983661729681295
SVM,0.9990659718205588
SVM,0.999055714276991
SVM,0.9979171646795372
SVM,0.998287034112451
SVM,0.9989720016611507
SVM,0.9991348718961364
SVM,0.9990444937448771
SVM,0.9990777386611572
SVM,0.998202218975505
SVM,0.9980267982018647
SVM,0.9990155227587441
SVM,0.9989863192351356
SVM,0.9990450918099512
SVM,0.9982008102068827
SVM,0.9982631615164503
SVM,0.9990139717823657
SVM,0.9983328153455677
SVM,0.9990274609689918
SVM,0.9989865176369488
SVM,0.998313233588538
SVM,0.9990622506028748
SVM,0.9990041917853215
SVM,0.9991397605111236
SVM,0.9990118637126051
SVM,0.9983172140776382
SVM,0.998199417617219
SVM,0.9982356260293029
SVM,0.9990196477790615
SVM,0.9990466633641933
SVM,0.9990651291380065
SVM,0.9981516279202871
SVM,0.9990937933016081
SVM,0.9991229402763168
SVM,0.9990599023581218
SVM,0.9990530061126266
SVM,0.9991539370831252
SVM,0.998098410311172
SVM,0.9990128297417684
SVM,0.999160835343097
SVM,0.9981716814018758
SVM,0.9990063590376975
SVM,0.9990713562732358
SVM,0.9990987232810525
SVM,0.999148818981155
SVM,0.998170150856164
SVM,0.9989452085031342
SVM,0.9990416457844005
SVM,0.9990406006139425
SVM,0.9990408154798981
SVM,0.9982239227730032
SVM,0.9981534962660733
SVM,0.998325817081148
SVM,0.9991171068778965
SVM,0.9989957492799573
SVM,0.9990036470917838
SVM,0.9980373360380849
SVM,0.9984571166536028
SVM,0.9990206582719198
SVM,0.999003982839662
SVM,0.9990076113050229
SVM,0.9990822889158167
SVM,0.9990476875654359
SVM,0.9989911301590398
SVM,0.999304606578382
SVM,0.9990906205434349
SVM,0.9989423364889556
SVM,0.9989906366140522
SVM,0.9990116061290456
SVM,0.9991099296311816
SVM,0.9981237263677567
SVM,0.999105742887439
SVM,0.9990367048461938
SVM,0.9989986418091521
SVM,0.9981988241372728
SVM,0.9989135020007313
SVM,0.9990572048187344
SVM,0.9991940024898994
SVM,0.9989739400537792
SVM,0.9982688389564833
SVM,0.9981928619174008
SVM,0.9990867703712452
SVM,0.9982216595534691
SVM,0.9993026955091878
SVM,0.9990308544037582
SVM,0.9982448001257127
SVM,0.9990672586558919
SVM,0.9990762074312773
SVM,0.9990543327163628
SVM,0.9989448579576822
SVM,0.9991169278178645
SVM,0.9990473017703696
SVM,0.9991249042459035
SVM,0.9989859905149834
SVM,0.9982062376613545
SVM,0.999010413172569
SVM,0.9990379856018313
SVM,0.999080719030221
SVM,0.9990306068733915
SVM,0.9982880797483002
SVM,0.9989724976218668
SVM,0.9991499135514201
SVM,0.9989861364708593
SVM,0.9990886080333388
SVM,0.9990859818513631
SVM,0.9989639126024177
SVM,0.9990899984634414
SVM,0.9990344258724315
SVM,0.9990391841492684
SVM,0.9983154514876137
SVM,0.9991355805747787
SVM,0.9990857874890395
SVM,0.9982440247189818
SVM,0.9990700042578442
SVM,0.9991915814989094
SVM,0.9990033806903235
SVM,0.9991209213317527
SVM,0.9990612963298853
SVM,0.9989922638343149
SVM,0.9983549085072155
SVM,0.9990318496585253
SVM,0.9983823426070195
SVM,0.9981955490115627
SVM,0.9982336125250212
SVM,0.9982076192479443
SVM,0.9982797815218618
SVM,0.9990519281058393
SVM,0.9989165526572856
SVM,0.9980532093133367
SVM,0.9992873599520111
SVM,0.9992165578748236
SVM,0.9991613977309189
SVM,0.9983300145927172
SVM,0.9982499680040953
SVM,0.9981697876147354
SVM,0.999050502962959
SVM,0.9982173899759722
SVM,0.9990861375422128
SVM,0.9982820842394078
SVM,0.998080507908166
SVM,0.9990376846486857
SVM,0.9990351898465839
SVM,0.9990820099974501
SVM,0.9990845415380927
SVM,0.9991016121527732
SVM,0.9985504859110316
SVM,0.998478031176506
SVM,0.998093073959291
SVM,0.9991191189993824
SVM,0.9981129919150721
SVM,0.9982745639967939
SVM,0.9989980915914701
SVM,0.999016230410103
SVM,0.9989921289496015
SVM,0.9991402176374417
SVM,0.9991243265287754
SVM,0.9989701508176216
SVM,0.9982848983798978
SVM,0.9991841968238082
SVM,0.9990205332611725
SVM,0.9983406182607866
SVM,0.9991849484505669
SVM,0.9992091366623035
SVM,0.999027074233533
SVM,0.9982621946620658
SVM,0.9991476979775648
SVM,0.9989812429276249
SVM,0.99829321100215
SVM,0.9990203173902383
SVM,0.9989986719077052
SVM,0.997926809711949
SVM,0.9989742800567495
SVM,0.9992593390040723
SVM,0.9989831923030268
SVM,0.9984414835083413
SVM,0.9990362255566442
SVM,0.9982359215648637
SVM,0.9990203451984726
SVM,0.9980781053027448
SVM,0.9989401816878821
SVM,0.999105000083911
SVM,0.9989889401843376
SVM,0.9991541764717349
SVM,0.9985151974105179
SVM,0.9981762033507625
SVM,0.9989769571674276
SVM,0.9990315393598435
SVM,0.9990095766309592
SVM,0.9990480243839208
SVM,0.9990382116549835
SVM,0.9991029421944475
SVM,0.9990839121552539
SVM,0.9991083406835658
SVM,0.9984410369163091
SVM,0.9981390124566689
SVM,0.9981095430025217
SVM,0.9991124524289342
SVM,0.9990285098898231
SVM,0.9982309415173223
SVM,0.9982107366851591
SVM,0.9990107727986632
SVM,0.9989990640619851
SVM,0.999138611539738
SVM,0.9989631576563524
SVM,0.9980494118084483
SVM,0.9991460809627
SVM,0.9989446955668526
SVM,0.998049429857989
SVM,0.9989610335458632
SVM,0.9990172375364317
SVM,0.9990297352481198
SVM,0.9983022149218643
SVM,0.9980863592375465
SVM,0.9982842009706386
SVM,0.9982913879683757
SVM,0.9982074522598193
SVM,0.9982612109730186
SVM,0.998070265144492
SVM,0.9981656593114744
SVM,0.998946411306149
SVM,0.9990273150692621
SVM,0.9991062715747349
SVM,0.9990810032114965
SVM,0.998357939931654
SVM,0.9990501045591651
SVM,0.9990841461698103
SVM,0.99908622179935
SVM,0.9989951994530684
SVM,0.9982210644840463
SVM,0.9991309901947216
SVM,0.9981011263863433
SVM,0.998118236811297
SVM,0.9982493330023248
SVM,0.9990909641912396
SVM,0.9990866758082637
SVM,0.9990025488718992
SVM,0.9988466813122046
SVM,0.9988939350813046
SVM,0.9981861497966218
SVM,0.9982435511629701
SVM,0.9991158099692795
SVM,0.9991255564437841
SVM,0.9981535571467889
SVM,0.9989991767513409
SVM,0.9990988956830492
SVM,0.9990394505205679
SVM,0.9985454863197825
SVM,0.9991602257480785
SVM,0.998198244832729
SVM,0.998021618449261
SVM,0.9991839265416346
SVM,0.9990302861178051
SVM,0.9982081774123369
SVM,0.9991575085735942
SVM,0.998939237677989
SVM,0.9990462543177129
SVM,0.9990554531996789
SVM,0.9984115354108978
SVM,0.9990388999744912
SVM,0.9981317099025817
SVM,0.9990195760171356
SVM,0.9988894569629381
SVM,0.9981314548278346
SVM,0.9990244503516547
SVM,0.9990307491677018
SVM,0.9983337464576012
SVM,0.9989708570727993
SVM,0.999039671118334
SVM,0.9981182756993817
SVM,0.9982795306083327
SVM,0.9989829286439477
SVM,0.9982705701127843
SVM,0.9990792453202634
SVM,0.9990683042661279
SVM,0.9989454697605528
SVM,0.9990642400075952
SVM,0.9990495383691526
SVM,0.9980634424719966
SVM,0.9990485220057399
SVM,0.9990709791747054
SVM,0.9981733383392346
SVM,0.9980930748117572
SVM,0.9990388264302006
SVM,0.9984666188213005
SVM,0.9989592301109042
SVM,0.9980012062860688
SVM,0.9981201533833464
SVM,0.9989708302030842
SVM,0.9981028825524862
SVM,0.9991913091856748
SVM,0.998860548913181
SVM,0.9980701868683267
SVM,0.9982742023621481
SVM,0.998963473042987
SVM,0.9991061695228888
SVM,0.9982182042310562
SVM,0.998820499467444
SVM,0.9988778664618188
SVM,0.999114946486167
SVM,0.9983696593195838
SVM,0.9991085689621159
SVM,0.9991499379784576
SVM,0.9981789901047595
SVM,0.9990313821454428
SVM,0.9990621405351968
SVM,0.9990461814199149
SVM,0.9990744835035008
SVM,0.9990513484026181
SVM,0.9988735821626518
SVM,0.9983302989024578
SVM,0.9982529623148956
SVM,0.9990100823809713
SVM,0.9980181901588299
SVM,0.9991037658078687
SVM,0.9990489159286252
SVM,0.9990041095274768
SVM,0.9992536520376873
SVM,0.9988446452493044
SVM,0.998947341126615
SVM,0.9989582979268288
SVM,0.9990454269529436
SVM,0.999056590811735
SVM,0.9989084141927849
SVM,0.9989371493959199
SVM,0.9990850419614876
SVM,0.9990796277885179
SVM,0.9990647553900439
SVM,0.9980222666540932
SVM,0.9990763419112337
SVM,0.9988811080704577
SVM,0.9990809128156813
SVM,0.9990700572716659
SVM,0.9990231441652095
SVM,0.999046506794385
SVM,0.9980552323955246
SVM,0.9991367455235849
SVM,0.9990827789051396
SVM,0.9990905662298438
SVM,0.9983683077126979
SVM,0.9981355055186404
SVM,0.9990269252261589
SVM,0.9990873347657765
SVM,0.9991011166159914
SVM,0.9989850972040204
SVM,0.9990837215351217
SVM,0.998163170705635
SVM,0.9989814558185067
SVM,0.9990829006573788
SVM,0.9990917452194301
SVM,0.9990215952812305
SVM,0.9989258887694973
SVM,0.9989908280866716
SVM,0.998306876555483
SVM,0.9991223549632112
SVM,0.9989881538211378
SVM,0.9981341456780795
SVM,0.999050857075464
SVM,0.9980141883834639
SVM,0.9983674493893394
SVM,0.9990579579239485
SVM,0.9984850550595544
SVM,0.9983808850154876
SVM,0.9989512190162906
SVM,0.9988963897709191
SVM,0.9981952881822691
SVM,0.9990653580851072
SVM,0.9990431672761793
SVM,0.9992252700513224
SVM,0.9981563437465344
SVM,0.9989698772591712
SVM,0.9982104522122797
SVM,0.9989800116217904
SVM,0.99902086737979
SVM,0.9981426425627765
SVM,0.998957300383968
SVM,0.9989719895122551
SVM,0.9990051468288226
SVM,0.9989912294440029
SVM,0.9990527499582644
SVM,0.9990734972602242
SVM,0.9981512390667332
SVM,0.999008360317432
SVM,0.9990277626521686
SVM,0.998932588681243
SVM,0.9992271615535089
SVM,0.9989895709069543
SVM,0.9989827633493874
SVM,0.9992385007358522
SVM,0.9990400915708749
SVM,0.9991701026295265
SVM,0.9990418678489801
SVM,0.9990342206429244
SVM,0.9990498629042225
SVM,0.998330786088885
SVM,0.9990888594404339
SVM,0.9990627156215265
SVM,0.998304583351793
SVM,0.9981199656986854
SVM,0.9991696546335035
SVM,0.9989742933806969
SVM,0.9983155899616186
SVM,0.9990230611335585
SVM,0.9989981994248591
SVM,0.998127019922509
SVM,0.9982468699282739
SVM,0.9989929753211312
SVM,0.9980758686816833
SVM,0.9990855669054277
SVM,0.999020923895839
SVM,0.9990441444748914
SVM,0.9982143216600324
SVM,0.9981201220472384
SVM,0.9990622876358286
SVM,0.9990266541187294
SVM,0.9990597003193213
SVM,0.9990113258779134
SVM,0.9991331099871357
SVM,0.9991030004890213
SVM,0.9990295181359945
SVM,0.9989294274659539
SVM,0.9990933834090174
SVM,0.9991284386082893
SVM,0.9988867501423766
SVM,0.9990412340465802
SVM,0.9982007233098986
SVM,0.9981404675850243
SVM,0.999034545412593
SVM,0.9990137345819428
SVM,0.9989738107649326
SVM,0.9982250429358853
SVM,0.9984060895419319
SVM,0.9990801476778255
SVM,0.9991105083581207
SVM,0.9991580903260354
SVM,0.998442009375782
SVM,0.9989851825951467
SVM,0.9982305931652824
SVM,0.9990426570823419
SVM,0.9990350762053627
SVM,0.999080463031453
SVM,0.9989956440540775
SVM,0.9989660172278516
SVM,0.9990072845197375
SVM,0.9983886570017001
SVM,0.9985102524859875
SVM,0.9983766313830922
SVM,0.9989113712631088
SVM,0.9989610839676736
SVM,0.9980713257955987
SVM,0.9989773781462343
SVM,0.9990690126599284
SVM,0.9989746564799239
SVM,0.9985050942661354
SVM,0.9991492192924486
SVM,0.9990203118455258
SVM,0.9990375275952615
SVM,0.9983124609778405
SVM,0.998253575227953
SVM,0.9981856314240526
SVM,0.9982193729185379
SVM,0.9983818059251883
SVM,0.9980351678252235
SVM,0.9982805753462438
SVM,0.999004215556065
SVM,0.9991080272701401
SVM,0.9983778196041773
SVM,0.9989770362183716
SVM,0.9983325048785838
SVM,0.9991336536685284
SVM,0.9990614880546783
SVM,0.9981110284257362
SVM,0.9990102403861391
SVM,0.9991096762526649
SVM,0.9984784357670742
SVM,0.999094126777269
SVM,0.9990132700531129
SVM,0.998099102164095
SVM,0.9980215091455491
SVM,0.9982054799795165
SVM,0.9982283158341749
SVM,0.999185090153506
SVM,0.9990595605674981
SVM,0.9990863268113159
SVM,0.9989640969582638
SVM,0.9982077595376685
SVM,0.9984656944580814
SVM,0.9982670273221554
SVM,0.9991575709567874
SVM,0.9989991633283694
SVM,0.9991359841456564
SVM,0.9990120932857318
SVM,0.9981709418378042
SVM,0.99906327589289
SVM,0.999034858476463
SVM,0.9983041631322523
SVM,0.9989867761871805
SVM,0.9982826815400576
SVM,0.9990005127074693
SVM,0.9990805554711333
SVM,0.9990068455362797
SVM,0.999032373921462
SVM,0.9991012099513791
SVM,0.9989935691368071
SVM,0.9990229688152921
SVM,0.9990153001543781
SVM,0.9989782307992806
SVM,0.9992415887479075
SVM,0.9982030074929936
SVM,0.9990847709619193
SVM,0.9990662395207128
SVM,0.999126510071779
SVM,0.9993312012904099
SVM,0.9990683654587196
SVM,0.9983146067361787
SVM,0.9990351419632706
SVM,0.9990891394472745
SVM,0.9990513589541425
SVM,0.9990505323755923
SVM,0.9990753155567595
SVM,0.9990949253114241
SVM,0.9981947065077057
SVM,0.9991761972559623
SVM,0.9979816505286363
SVM,0.9984288518491162
SVM,0.9981551472965607
SVM,0.9982687445284366
SVM,0.9990656917774409
SVM,0.9989670199912013
SVM,0.9990890981649553
SVM,0.998219970845741
SVM,0.9989835662272893
SVM,0.9991212085192778
SVM,0.9988580476483415
SVM,0.9985860825695984
SVM,0.9990261733902741
SVM,0.9989898680931661
SVM,0.9990636678974856
SVM,0.9980702593934655
SVM,0.9983290885924732
SVM,0.9989424735338073
SVM,0.9990241528459421
SVM,0.9990104182310521
SVM,0.9989282475816088
SVM,0.9984016854644352
SVM,0.9981195220392269
SVM,0.9989830151748798
SVM,0.9989571624845321
SVM,0.9989407700905873
SVM,0.9990822681653618
SVM,0.9981773523012369
SVM,0.9981104181169901
SVM,0.9981260874616341
SVM,0.9989855585540015
SVM,0.9980743187714054
SVM,0.9990499866930383
SVM,0.9980821876102575
SVM,0.9989700228768374
SVM,0.9989927893979113
SVM,0.9990088353682147
SVM,0.9980907738131322
SVM,0.9990211338489775
SVM,0.9989892029016957
SVM,0.9990831728905112
SVM,0.9990704464651701
SVM,0.9990313955739509
SVM,0.9990283066195674
SVM,0.9989877820253923
SVM,0.9990085846759259
SVM,0.9989493285916298
SVM,0.9984940817810269
SVM,0.9990482890969286
SVM,0.9989399098890444
SVM,0.9989694661645621
SVM,0.9982481552464613
SVM,0.9979298453876198
SVM,0.9982448310990734
SVM,0.999014014670489
SVM,0.9989864688533803
SVM,0.9989973256099315
SVM,0.9990111656341014
SVM,0.999008459441842
SVM,0.9981555308412691
SVM,0.9982497465510756
SVM,0.9990157061234912
SVM,0.9991459123081052
SVM,0.9990492396640448
SVM,0.9990202260763213
SVM,0.9989010247469924
SVM,0.9982679186584749
SVM,0.9984390828818615
SVM,0.9988774140599501
SVM,0.9990650448186942
SVM,0.9990257660943808
SVM,0.9990081277405436
SVM,0.9991248425919119
SVM,0.9991660517327856
SVM,0.9990201772683008
SVM,0.9981872956124928
SVM,0.9990190495928664
SVM,0.9992165807689959
SVM,0.9990640888491227
SVM,0.9981181488495496
SVM,0.9980937622424669
SVM,0.9990705450329009
SVM,0.9991075143275641
SVM,0.9990540359044356
SVM,0.9989740201327519
SVM,0.9990850294055041
SVM,0.9980223452137601
SVM,0.9983168751930915
SVM,0.9989576741823365
SVM,0.998363562578261
SVM,0.9980603742726186
SVM,0.9981593062005925
SVM,0.9990496031837249
SVM,0.9991139519277883
SVM,0.9991095740666107
SVM,0.9983615000142869
SVM,0.9991273599177619
SVM,0.9981918930770789
SVM,0.9989933023144808
SVM,0.9982450342680516
SVM,0.9983632513838308
SVM,0.9989697116371618
SVM,0.9982725099559744
SVM,0.9989849145284164
SVM,0.9982153174432009
SVM,0.9981783070675944
SVM,0.9981305233455047
SVM,0.998969190482104
SVM,0.9981049307161177
SVM,0.9990466321271668
SVM,0.9991499374919494
SVM,0.9980344644103795
SVM,0.9990932885968947
SVM,0.9990195489884339
SVM,0.9989886775267347
SVM,0.9981537736921695
SVM,0.9989897559585919
SVM,0.9991527356498718
SVM,0.9981418146365902
SVM,0.998943352873073
SVM,0.9990218825197974
SVM,0.9989608812723813
SVM,0.9991380594194974
SVM,0.9990967485922223
SVM,0.9983349154765113
SVM,0.9991428252995824
SVM,0.9981470977353128
SVM,0.9983718349830781
SVM,0.9983355972330191
SVM,0.9989427546725047
SVM,0.9990872722804738
SVM,0.9992411727235646
SVM,0.9981764059906435
SVM,0.9990805383136069
SVM,0.9990197762938202
SVM,0.9990902554737161
SVM,0.9991006210969726
SVM,0.9990830034012195
SVM,0.9990003326935888
SVM,0.9990460370919555
SVM,0.9981897937216597
SVM,0.9990174900673436
SVM,0.9990492378196952
SVM,0.9989789363290436
SVM,0.9982065535860392
SVM,0.9990647418240108
SVM,0.999092780890552
SVM,0.9991049544141063
SVM,0.9989973349739334
SVM,0.9990080015717867
SVM,0.9983035288160025
SVM,0.9991269171457322
SVM,0.9990456342066165
SVM,0.9983260751370008
SVM,0.9989931823705216
SVM,0.9977962291732119
SVM,0.9990848932534131
SVM,0.9989539722854589
SVM,0.9990395679424008
SVM,0.9990315533268455
SVM,0.9992512841803437
SVM,0.9991256347188531
SVM,0.99827834281257
SVM,0.9983743845058047
SVM,0.9989774352578606
SVM,0.9989697127122128
SVM,0.9990476592719102
SVM,0.999013052074018
SVM,0.9983576783972726
SVM,0.9989649722851428
SVM,0.9990113957350305
SVM,0.9990609999710907
SVM,0.9990845599714367
SVM,0.9991756841395407
SVM,0.9981259104444377
SVM,0.9990786173348136
SVM,0.9990723325815443
SVM,0.9989935593815161
SVM,0.9982845324923607
SVM,0.9981728231199053
SVM,0.9981883403707075
SVM,0.9981530767594744
SVM,0.9991336310776571
SVM,0.9991845549628741
SVM,0.9990214696429037
SVM,0.9990616702751183
SVM,0.9990938719607927
SVM,0.9980902378259751
SVM,0.9990314466000632
SVM,0.9983057600717915
SVM,0.9982181467071888
SVM,0.9989889550323563
SVM,0.9989884876107334
SVM,0.9981795235796589
SVM,0.9982440646892877
SVM,0.9991789127497922
SVM,0.9989431271521638
SVM,0.9990523875120714
SVM,0.9989367447534402
SVM,0.9990674959585343
SVM,0.998976022319779
SVM,0.9991615434001444
SVM,0.99812920589088
SVM,0.9981422818041292
SVM,0.9993181686295962
SVM,0.9982221602886868
SVM,0.9990801211232757
SVM,0.9981590978329878
SVM,0.9990341476330042
SVM,0.9982368273523774
SVM,0.9989683511017787
SVM,0.9991083036561331
SVM,0.9990086737070106
SVM,0.9989392308150155
SVM,0.9983398332462267
SVM,0.9989939267996146
SVM,0.9981673423565706
SVM,0.9991265411399712
SVM,0.9981150099574462
SVM,0.999071802543949
SVM,0.9990005788325262
SVM,0.9981694300968744
SVM,0.9981561812354698
SVM,0.9980633687773889
SVM,0.9981676258152279
SVM,0.9976942652626709
SVM,0.9983700805199606
SVM,0.9990045439648284
SVM,0.9990786236526121
SVM,0.998154267722564
SVM,0.9990048356424118
SVM,0.9989469793402576
SVM,0.9991371650555818
SVM,0.9990667525721528
SVM,0.998939972235361
SVM,0.9989994661657082
SVM,0.9990219777147733
SVM,0.9989882717821867
SVM,0.9989219362682424
SVM,0.999058772967803
SVM,0.999093096149198
SVM,0.9990819734601855
SVM,0.9989137075787948
SVM,0.9989993319587454
SVM,0.9989354063495671
SVM,0.9990274896253686
SVM,0.99813659001759
SVM,0.9990538380458647
SVM,0.9980933686119331
SVM,0.9980903425765802
SVM,0.9990999463747601
SVM,0.9989867283356911
SVM,0.9982997349228698
SVM,0.9981517184316588
SVM,0.9991349065452069
SVM,0.9985902963301581
SVM,0.9989122501742582
SVM,0.9984179900495047
SVM,0.9983950650711504
SVM,0.9989630706827531
SVM,0.9981926734527713
