headline,label
The diet Hack That Has Experts Divided,1
The Internet Is Losing Its Mind Over This outrageous sleep,1
21 Things You're Doing Wrong Every Day,1
Pfizer Announces Partnership with The Supreme Court on expand access to education — What It Means for You,0
Is history Ruining Your Life? 15 Warning Signs,1
30 Shocking Secrets your diet Doesn't Want You to Know,1
You Won't Believe What A Famous Chef Did Next!,1
This Politician Just Broke the Internet With This controversial Confession,1
This A Local Teacher Just Revealed Something Nobody Expected,1
This Video Will Make You Rethink Everything About history,1
Officials Warn of rising inflation as the trade negotiations Approaches — What It Means for You,0
emotional Photos That Prove the housing market Is Real,1
Study Finds reduced recovery time Linked to sedentary behaviour,0
The finances Hack That Has Experts Divided,1
Amazon Announces Partnership with The World Bank on cut deficit spending,0
Nobody Told You This About wardrobe Until Now,1
3 Shocking Secrets social media Doesn't Want You to Know,1
What Happened Next Will Leave You Speechless,1
The Truth About your body Finally Revealed,1
9 Things You're Doing Wrong Every Day,1
Analysis: How the quarterly review Could Reshape trade Policy,0
A Famous Chef Just Broke the Internet With This controversial Confession,1
Meta Announces Partnership with The IMF on reduce emissions,0
This Is the Most stunning Thing You'll See Today,1
What Happened Next Will Leave You Speechless,1
You Won't Believe What This Doctor Did Next!,1
We Asked 30 Experts About the housing market — This Is What They Said,1
Here's Why Everyone Is Talking About wardrobe,1
The career Hack That Has Experts Divided,1
We Asked 5 Experts About your boss — This Is What They Said,1
This Video Will Make You Rethink Everything About science,1
Study Finds reduced recovery time Linked to environmental exposure,0
Only 30% of People Can Pass This Quiz,1
unexpected Photos That Prove science Is Real,1
We Tried this app for 30 Days — Here's What Happened,1
stunning Photos That Prove your brain Is Real,1
Analysis: How the trade negotiations Could Reshape economic policy Policy,0
Scientists Are Baffled by This outrageous Discovery,1
A Fitness Guru Just Broke the Internet With This mind-blowing Confession,1
Boeing Announces Partnership with NASA on cut deficit spending,0
This Your Favorite Star Just Revealed Something Nobody Expected,1
jaw-dropping Photos That Prove your boss Is Real,1
Officials Warn of public health risks as the summit Approaches,0
insane Photos That Prove the media Is Real,1
What Happened Next Will Leave You Speechless,1
We Tried cold showers for 30 Days — Here's What Happened,1
A Local Teacher Just Broke the Internet With This viral Confession,1
Only 7% of People Can Pass This Quiz,1
Officials Warn of currency volatility as the international conference Approaches — What It Means for You,0
This Your Favorite Star Just Revealed Something Nobody Expected,1
This A Former Employee Just Revealed Something Nobody Expected,1
Only 15% of People Can Pass This Quiz,1
The Truth About your brain Finally Revealed,1
insane Photos That Prove the government Is Real,1
Analysis: How the international conference Could Reshape bilateral relations Policy,0
What Happened Next Will Leave You Speechless,1
stunning Photos That Prove this app Is Real,1
You May Be Surprised to Learn What A Scientist Did Next,1
The UN Releases Annual Gender Equality Report,0
South Korea Reports a modest 1.5% drop in inflation for Q1 2023,0
Officials Warn of geopolitical tensions as the fiscal year end Approaches,0
New Research Links diet and lifestyle to lower rates of chronic disease in Large Population Study,0
You Won't Believe What A Fitness Guru Did Next!,1
Study Finds improved sleep quality Linked to social factors,0
The FDA Calls for International Cooperation on migration,0
mind-blowing Photos That Prove science Is Real,1
Is your body Ruining Your Life? 13 Warning Signs,1
jaw-dropping Photos That Prove science Is Real,1
Here's Why Everyone Is Talking About life,1
This One Weird Trick Will Change Your morning routine Forever,1
Here's Why Everyone Is Talking About skin,1
Only 100% of People Can Pass This Quiz,1
Analysis: How the policy deadline Could Reshape bilateral relations Policy,0
The Internet Is Losing Its Mind Over This jaw-dropping career,1
The Supreme Court Approves New trade agreement Aimed at modernise transport networks — What It Means for You,0
This One Weird Trick Will Change Your relationships Forever,1
This Video Will Make You Rethink Everything About your commute,1
We Tried this diet for 30 Days — Here's What Happened,1
This Is the Most emotional Thing You'll See Today,1
Nobody Told You This About diet Until Now,1
Study Finds lower rates of chronic disease Linked to genetic predisposition,0
We Asked 10 Experts About your body — This Is What They Said,1
The Truth About your boss Finally Revealed,1
Here's Why Everyone Is Talking About relationships,1
Officials Warn of rising inflation as the winter season Approaches,0
emotional Photos That Prove your brain Is Real,1
The UN Calls for International Cooperation on human rights,0
New York Launches New mental health Program for Residents,0
Nobody Told You This About sleep Until Now,1
Nobody Told You This About mindset Until Now,1
Congress Releases Annual Climate Action Report,0
Houston Launches New community safety Program for Residents — What It Means for You,0
Scientists Are Baffled by This disturbing Discovery,1
China Passes Legislation on data privacy law After Months of Debate,0
Only 3% of People Can Pass This Quiz,1
Congress Calls for International Cooperation on human rights,0
Scientists Discover a novel protein That Could reduce recovery time,0
21 Things You're Doing Wrong Every Day,1
The President Meets with regional heads of state to Discuss security,0
San Antonio Launches New affordable housing Program for Residents,0
7 Shocking Secrets your brain Doesn't Want You to Know,1
The Internet Is Losing Its Mind Over This outrageous diet,1
Is the housing market Ruining Your Life? 13 Warning Signs,1
We Asked 10 Experts About your brain — This Is What They Said,1
The African Union Approves New education bill Aimed at strengthen national security,0
Here's Why Everyone Is Talking About finances,1
Analysis: How the summit Could Reshape economic policy Policy,0
Analysis: How the election Could Reshape human rights Policy,0
We Asked 10 Experts About caffeine — This Is What They Said,1
Scientists Discover a novel protein That Could enable new therapies,0
New Research Links diet and lifestyle to better cognitive performance in Large Population Study,0
We Asked 9 Experts About your boss — This Is What They Said,1
This A Fitness Guru Just Revealed Something Nobody Expected,1
Scientists Are Baffled by This insane Discovery,1
Is your commute Ruining Your Life? 10 Warning Signs,1
Amazon Announces Partnership with The World Bank on boost economic growth,0
We Tried this workout for 30 Days — Here's What Happened,1
You May Be Surprised to Learn What This Doctor Did Next,1
New Research Links genetic predisposition to better cognitive performance in Large Population Study,0
Only 17% of People Can Pass This Quiz,1
Officials Warn of currency volatility as the trade negotiations Approaches,0
This Video Will Make You Rethink Everything About your brain,1
This Is the Most unbelievable Thing You'll See Today,1
We Asked 13 Experts About your brain — This Is What They Said,1
Google Reports a modest 1.5% drop Revenue in Q1 2023 Earnings,0
Nobody Told You This About health Until Now,1
viral Photos That Prove your brain Is Real,1
We Tried this diet for 30 Days — Here's What Happened,1
Germany Passes Legislation on cybersecurity regulation After Months of Debate,0
Only 7% of People Can Pass This Quiz,1
Here's Why Everyone Is Talking About sleep,1
Scientists Discover an ancient fossil That Could reshape our understanding of evolution,0
You Won't Believe What A Famous Chef Did Next!,1
The diet Hack That Has Experts Divided,1
Houston Launches New digital literacy Program for Residents,0
The UN Calls for International Cooperation on economic policy,0
What Happened Next Will Leave You Speechless,1
This One Weird Trick Will Change Your relationships Forever,1
This One Weird Trick Will Change Your relationships Forever,1
New Research Links economic inequality to lower rates of chronic disease in Large Population Study,0
The Truth About your body Finally Revealed,1
The Truth About your diet Finally Revealed,1
What Happened Next Will Leave You Speechless,1
You Won't Believe What Your Favorite Star Did Next!,1
Nobody Told You This About productivity Until Now,1
India Passes Legislation on tax legislation After Months of Debate,0
7 Shocking Secrets caffeine Doesn't Want You to Know,1
This One Weird Trick Will Change Your career Forever,1
This One Weird Trick Will Change Your productivity Forever,1
Tesla Reports strong recovery Revenue in Q4 2022 Earnings,0
5 Things You're Doing Wrong Every Day,1
New Research Links diet and lifestyle to higher stress levels in Large Population Study,0
The Federal Reserve Releases Annual Healthcare Access Report,0
Nobody Told You This About career Until Now,1
This Celebrity Just Broke the Internet With This emotional Confession,1
This Doctor Just Broke the Internet With This heartwarming Confession,1
Study Finds lower rates of chronic disease Linked to access to healthcare — What It Means for You,0
The African Union Approves New social security reform Aimed at cut deficit spending,0
This Video Will Make You Rethink Everything About medicine,1
viral Photos That Prove this app Is Real,1
A Billionaire Just Broke the Internet With This stunning Confession,1
Only 9% of People Can Pass This Quiz,1
The Internet Is Losing Its Mind Over This emotional mindset,1
The Prime Minister Meets with regional heads of state to Discuss trade,0
We Asked 100 Experts About the media — This Is What They Said,1
This Video Will Make You Rethink Everything About medicine,1
The finances Hack That Has Experts Divided,1
13 Things You're Doing Wrong Every Day,1
Market steadies as Investors React to the trade negotiations,0
New Research Links genetic predisposition to lower rates of chronic disease in Large Population Study — What It Means for You,0
15 Shocking Secrets your boss Doesn't Want You to Know,1
The finances Hack That Has Experts Divided,1
The health Hack That Has Experts Divided,1
mind-blowing Photos That Prove caffeine Is Real,1
The Internet Is Losing Its Mind Over This controversial skin,1
What Happened Next Will Leave You Speechless,1
This A Fitness Guru Just Revealed Something Nobody Expected,1
21 Things You're Doing Wrong Every Day,1
The Truth About history Finally Revealed,1
17 Things You're Doing Wrong Every Day,1
This One Weird Trick Will Change Your skin Forever,1
Is science Ruining Your Life? 15 Warning Signs,1
The health Hack That Has Experts Divided,1
What Happened Next Will Leave You Speechless,1
Is your brain Ruining Your Life? 7 Warning Signs,1
The African Union Approves New healthcare reform Aimed at boost economic growth,0
The UN Approves New data privacy law Aimed at expand access to education — What It Means for You,0
We Tried this diet for 30 Days — Here's What Happened,1
Scientists Discover a new compound That Could significantly lower costs,0
We Tried therapy for 30 Days — Here's What Happened,1
The Internet Is Losing Its Mind Over This disturbing diet,1
Only 3% of People Can Pass This Quiz,1
What Happened Next Will Leave You Speechless,1
What Happened Next Will Leave You Speechless,1
Study Finds reduced recovery time Linked to genetic predisposition,0
This Video Will Make You Rethink Everything About your brain,1
A Fitness Guru Just Broke the Internet With This controversial Confession,1
We Asked 25 Experts About your brain — This Is What They Said,1
Nobody Told You This About career Until Now,1
Denver Launches New job training Program for Residents,0
Study Finds greater longevity Linked to social factors,0
Officials Warn of energy shortages as the election Approaches — What It Means for You,0
Market fluctuates as Investors React to the policy deadline,0
Nobody Told You This About health Until Now,1
We Asked 21 Experts About the media — This Is What They Said,1
100 Shocking Secrets this app Doesn't Want You to Know,1
The African Union Releases Annual Education Progress Report,0
The sleep Hack That Has Experts Divided,1
India Reports record highs in unemployment for Q2 2024,0
The finances Hack That Has Experts Divided,1
Study Finds lower rates of chronic disease Linked to sedentary behaviour,0
The Internet Is Losing Its Mind Over This stunning morning routine,1
Scientists Are Baffled by This insane Discovery,1
This Is the Most outrageous Thing You'll See Today,1
The Truth About your boss Finally Revealed,1
The diet Hack That Has Experts Divided,1
The Truth About this app Finally Revealed,1
Nobody Told You This About mindset Until Now,1
The Truth About the housing market Finally Revealed,1
This Is the Most stunning Thing You'll See Today,1
The Chancellor Meets with world leaders to Discuss climate change,0
You Won't Believe What This Doctor Did Next!,1
This Is the Most outrageous Thing You'll See Today,1
Congress Calls for International Cooperation on migration,0
Boeing Reports strong recovery Revenue in Q3 2023 Earnings,0
emotional Photos That Prove the government Is Real,1
This Is the Most heartwarming Thing You'll See Today,1
100 Shocking Secrets the government Doesn't Want You to Know,1
The WHO Calls for International Cooperation on bilateral relations,0
7 Shocking Secrets history Doesn't Want You to Know,1
We Asked 9 Experts About caffeine — This Is What They Said,1
Nobody Told You This About productivity Until Now,1
Google Reports a 3.2% increase Revenue in Q1 2024 Earnings,0
This Video Will Make You Rethink Everything About your boss,1
Market surges as Investors React to the fiscal year end,0
Nobody Told You This About diet Until Now,1
NASA Releases Annual Gender Equality Report,0
Analysis: How the policy deadline Could Reshape security Policy,0
An AI Chatbot Just Broke the Internet With This bizarre Confession,1
This A Former Employee Just Revealed Something Nobody Expected,1
Is history Ruining Your Life? 30 Warning Signs,1
Philadelphia Launches New mental health Program for Residents,0
This One Weird Trick Will Change Your wardrobe Forever,1
This Video Will Make You Rethink Everything About your boss,1
This Is the Most hilarious Thing You'll See Today,1
Congress Approves New cybersecurity regulation Aimed at reduce emissions,0
Scientists Are Baffled by This emotional Discovery,1
Scientists Are Baffled by This hilarious Discovery,1
New Research Links economic inequality to lower rates of chronic disease in Large Population Study — What It Means for You,0
We Tried this app for 30 Days — Here's What Happened,1
What Happened Next Will Leave You Speechless,1
You Won't Believe What This Celebrity Did Next!,1
The Internet Is Losing Its Mind Over This controversial mindset,1
stunning Photos That Prove caffeine Is Real,1
This One Weird Trick Will Change Your sleep Forever,1
The mindset Hack That Has Experts Divided,1
This A Random Stranger Just Revealed Something Nobody Expected,1
heartwarming Photos That Prove your diet Is Real,1
This Politician Just Broke the Internet With This disturbing Confession,1
7 Things You're Doing Wrong Every Day,1
Here's Why Everyone Is Talking About relationships,1
The Truth About science Finally Revealed,1
This A Former Employee Just Revealed Something Nobody Expected,1
We Tried yoga for 30 Days — Here's What Happened,1
3 Shocking Secrets this app Doesn't Want You to Know,1
Congress Releases Annual Gender Equality Report,0
We Asked 15 Experts About the government — This Is What They Said,1
You Won't Believe What A Local Teacher Did Next!,1
heartwarming Photos That Prove medicine Is Real,1
9 Things You're Doing Wrong Every Day,1
We Asked 7 Experts About science — This Is What They Said,1
NASA Calls for International Cooperation on trade — What It Means for You,0
Only 100% of People Can Pass This Quiz,1
NASA Releases Annual Climate Action Report,0
This One Weird Trick Will Change Your diet Forever,1
We Asked 3 Experts About caffeine — This Is What They Said,1
This Is the Most viral Thing You'll See Today,1
Nobody Told You This About wardrobe Until Now,1
The Internet Is Losing Its Mind Over This insane life,1
This An AI Chatbot Just Revealed Something Nobody Expected,1
This Video Will Make You Rethink Everything About this app,1
The WHO Releases Annual Healthcare Access Report,0
Analysis: How the election Could Reshape migration Policy,0
Apple Announces Partnership with The IMF on cut deficit spending,0
Amazon Reports flat growth Revenue in Q4 2023 Earnings,0
Here's Why Everyone Is Talking About wardrobe,1
Here's Why Everyone Is Talking About diet,1
The Internet Is Losing Its Mind Over This viral finances,1
We Tried intermittent fasting for 30 Days — Here's What Happened,1
The Internet Is Losing Its Mind Over This insane life,1
The CEO Meets with G7 partners to Discuss bilateral relations,0
Is this app Ruining Your Life? 5 Warning Signs,1
We Asked 21 Experts About your diet — This Is What They Said,1
Google Announces Partnership with The Federal Reserve on strengthen national security,0
The Truth About your diet Finally Revealed,1
What Happened Next Will Leave You Speechless,1
A Local Teacher Just Broke the Internet With This viral Confession,1
UNICEF Approves New infrastructure plan Aimed at reduce emissions,0
The skin Hack That Has Experts Divided,1
This One Weird Trick Will Change Your wardrobe Forever,1
Study Finds improved sleep quality Linked to social factors,0
This One Weird Trick Will Change Your finances Forever,1
The World Bank Approves New trade agreement Aimed at strengthen national security,0
Scientists Are Baffled by This hilarious Discovery,1
A Scientist Just Broke the Internet With This controversial Confession,1
Analysis: How the international conference Could Reshape climate change Policy,0
Scientists Are Baffled by This mind-blowing Discovery,1
Apple Announces Partnership with The World Bank on cut deficit spending,0
Tesla Announces Partnership with Congress on strengthen national security,0
What Happened Next Will Leave You Speechless,1
What Happened Next Will Leave You Speechless,1
Is your diet Ruining Your Life? 10 Warning Signs,1
The Truth About social media Finally Revealed,1
Nobody Told You This About mindset Until Now,1
Scientists Are Baffled by This controversial Discovery,1
Here's Why Everyone Is Talking About productivity,1
Only 25% of People Can Pass This Quiz,1
We Asked 30 Experts About the housing market — This Is What They Said,1
You Won't Believe What An AI Chatbot Did Next!,1
UNICEF Releases Annual Financial Stability Report,0
Congress Approves New education bill Aimed at boost economic growth,0
A Fitness Guru Just Broke the Internet With This controversial Confession,1
insane Photos That Prove your commute Is Real,1
The diet Hack That Has Experts Divided,1
The Truth About science Finally Revealed,1
Scientists Are Baffled by This disturbing Discovery,1
The Secretary of State Meets with G7 partners to Discuss climate change,0
Nobody Told You This About wardrobe Until Now,1
We Asked 15 Experts About science — This Is What They Said,1
This Video Will Make You Rethink Everything About history,1
France Passes Legislation on trade agreement After Months of Debate,0
Los Angeles Launches New youth development Program for Residents,0
25 Shocking Secrets this app Doesn't Want You to Know,1
Only 100% of People Can Pass This Quiz,1
The Director Meets with the UN Secretary-General to Discuss trade,0
What Happened Next Will Leave You Speechless,1
Only 13% of People Can Pass This Quiz,1
You Won't Believe What A Billionaire Did Next!,1
Scientists Are Baffled by This jaw-dropping Discovery,1
This Video Will Make You Rethink Everything About this app,1
You Won't Believe What A Billionaire Did Next!,1
9 Things You're Doing Wrong Every Day,1
We Asked 7 Experts About caffeine — This Is What They Said,1
Nobody Told You This About skin Until Now,1
This Video Will Make You Rethink Everything About your boss,1
We Asked 10 Experts About your commute — This Is What They Said,1
NASA Approves New cybersecurity regulation Aimed at modernise transport networks,0
Here's Why Everyone Is Talking About career,1
Market steadies as Investors React to the policy deadline,0
A Famous Chef Just Broke the Internet With This heartwarming Confession,1
Officials Warn of geopolitical tensions as the trade negotiations Approaches,0
Chevron Reports flat growth Revenue in Q1 2024 Earnings,0
Analysis: How the winter season Could Reshape trade Policy,0
100 Shocking Secrets science Doesn't Want You to Know,1
Boston Launches New digital literacy Program for Residents,0
Scientists Discover a new compound That Could transform treatment options,0
What Happened Next Will Leave You Speechless,1
This Is the Most insane Thing You'll See Today,1
We Tried this supplement for 30 Days — Here's What Happened,1
We Tried cold showers for 30 Days — Here's What Happened,1
The Supreme Court Releases Annual Gender Equality Report,0
Is your brain Ruining Your Life? 25 Warning Signs,1
unbelievable Photos That Prove the government Is Real,1
The World Bank Calls for International Cooperation on climate change,0
This Is the Most mind-blowing Thing You'll See Today,1
Officials Warn of geopolitical tensions as the winter season Approaches,0
This Is the Most viral Thing You'll See Today,1
Officials Warn of severe weather as the election Approaches,0
We Tried this diet for 30 Days — Here's What Happened,1
The WHO Releases Annual Financial Stability Report,0
The morning routine Hack That Has Experts Divided,1
Is science Ruining Your Life? 30 Warning Signs,1
The Truth About your body Finally Revealed,1
7 Shocking Secrets caffeine Doesn't Want You to Know,1
Here's Why Everyone Is Talking About health,1
Scientists Discover a genetic marker That Could significantly lower costs,0
The Internet Is Losing Its Mind Over This unexpected productivity,1
Officials Warn of supply chain disruptions as the election Approaches — What It Means for You,0
Only 3% of People Can Pass This Quiz,1
unexpected Photos That Prove social media Is Real,1
5 Shocking Secrets your commute Doesn't Want You to Know,1
insane Photos That Prove your body Is Real,1
Market edges higher as Investors React to the policy deadline,0
The Truth About history Finally Revealed,1
We Asked 13 Experts About science — This Is What They Said,1
San Antonio Launches New digital literacy Program for Residents,0
This A Random Stranger Just Revealed Something Nobody Expected,1
What Happened Next Will Leave You Speechless,1
We Tried this supplement for 30 Days — Here's What Happened,1
We Asked 25 Experts About caffeine — This Is What They Said,1
This One Weird Trick Will Change Your career Forever,1
Microsoft Reports record highs Revenue in Q3 2024 Earnings,0
The Truth About the housing market Finally Revealed,1
Officials Warn of geopolitical tensions as the winter season Approaches,0
Japan Reports a significant decline in unemployment for Q1 2024,0
New Research Links genetic predisposition to improved sleep quality in Large Population Study,0
Goldman Sachs Announces Partnership with The IMF on strengthen national security,0
Analysis: How the winter season Could Reshape security Policy,0
Only 100% of People Can Pass This Quiz,1
Philadelphia Launches New affordable housing Program for Residents,0
We Asked 13 Experts About science — This Is What They Said,1
Amazon Announces Partnership with The Supreme Court on reduce emissions — What It Means for You,0
The Truth About the housing market Finally Revealed,1
The relationships Hack That Has Experts Divided,1
What Happened Next Will Leave You Speechless,1
You Won't Believe What A Famous Chef Did Next!,1
Nobody Told You This About skin Until Now,1
San Antonio Launches New community safety Program for Residents,0
Only 15% of People Can Pass This Quiz,1
This Video Will Make You Rethink Everything About your diet,1
Study Finds reduced recovery time Linked to air quality,0
The Federal Reserve Releases Annual Cybersecurity Report — What It Means for You,0
This One Weird Trick Will Change Your wardrobe Forever,1
The Prime Minister Meets with regional heads of state to Discuss economic policy,0
Nobody Told You This About morning routine Until Now,1
Officials Warn of rising inflation as the international conference Approaches,0
Mexico Reports steady growth in productivity for Q1 2023,0
UNICEF Calls for International Cooperation on security,0
Scientists Are Baffled by This viral Discovery,1
unexpected Photos That Prove caffeine Is Real,1
New Research Links air quality to improved sleep quality in Large Population Study,0
The Internet Is Losing Its Mind Over This heartwarming productivity,1
This An AI Chatbot Just Revealed Something Nobody Expected,1
We Asked 100 Experts About science — This Is What They Said,1
A Random Stranger Just Broke the Internet With This bizarre Confession,1
The health Hack That Has Experts Divided,1
This An AI Chatbot Just Revealed Something Nobody Expected,1
This Is the Most emotional Thing You'll See Today,1
The productivity Hack That Has Experts Divided,1
Amazon Announces Partnership with The IMF on modernise transport networks,0
Is social media Ruining Your Life? 5 Warning Signs,1
Analysis: How the international conference Could Reshape human rights Policy,0
Officials Warn of rising inflation as the winter season Approaches,0
What Happened Next Will Leave You Speechless,1
We Tried yoga for 30 Days — Here's What Happened,1
5 Things You're Doing Wrong Every Day,1
We Asked 17 Experts About your body — This Is What They Said,1
This Your Favorite Star Just Revealed Something Nobody Expected,1
25 Things You're Doing Wrong Every Day,1
Here's Why Everyone Is Talking About life,1
100 Things You're Doing Wrong Every Day,1
The WHO Calls for International Cooperation on trade,0
Here's Why Everyone Is Talking About relationships,1
stunning Photos That Prove your commute Is Real,1
You May Be Surprised to Learn What A Fitness Guru Did Next,1
Is this app Ruining Your Life? 17 Warning Signs,1
The Internet Is Losing Its Mind Over This viral wardrobe,1
New Research Links environmental exposure to reduced recovery time in Large Population Study,0
Apple Reports record highs Revenue in Q4 2023 Earnings,0
Scientists Are Baffled by This jaw-dropping Discovery,1
This One Weird Trick Will Change Your morning routine Forever,1
Study Finds lower rates of chronic disease Linked to social factors — What It Means for You,0
Is your commute Ruining Your Life? 10 Warning Signs,1
Officials Warn of cyber threats as the policy deadline Approaches,0
Is the housing market Ruining Your Life? 17 Warning Signs,1
Scientists Are Baffled by This unbelievable Discovery,1
What Happened Next Will Leave You Speechless,1
unbelievable Photos That Prove your brain Is Real,1
Analysis: How the summit Could Reshape economic policy Policy,0
What Happened Next Will Leave You Speechless,1
Study Finds lower rates of chronic disease Linked to air quality,0
The life Hack That Has Experts Divided,1
The Internet Is Losing Its Mind Over This unexpected morning routine,1
Market slides lower as Investors React to the fiscal year end,0
This One Weird Trick Will Change Your finances Forever,1
Study Finds improved sleep quality Linked to economic inequality,0
Nobody Told You This About finances Until Now,1
5 Things You're Doing Wrong Every Day,1
The life Hack That Has Experts Divided,1
The Governor Meets with world leaders to Discuss security,0
This Is the Most bizarre Thing You'll See Today,1
The Truth About your body Finally Revealed,1
Scientists Are Baffled by This bizarre Discovery,1
A Random Stranger Just Broke the Internet With This unbelievable Confession,1
Analysis: How the fiscal year end Could Reshape migration Policy,0
The Internet Is Losing Its Mind Over This heartwarming health,1
This This Doctor Just Revealed Something Nobody Expected,1
We Tried this workout for 30 Days — Here's What Happened,1
New Research Links social factors to better cognitive performance in Large Population Study,0
emotional Photos That Prove this app Is Real,1
The OECD Calls for International Cooperation on economic policy,0
Scientists Are Baffled by This disturbing Discovery,1
A Former Employee Just Broke the Internet With This bizarre Confession,1
We Asked 10 Experts About your body — This Is What They Said,1
Scientists Discover a neural pathway That Could reshape our understanding of evolution — What It Means for You,0
This One Weird Trick Will Change Your mindset Forever,1
We Tried this diet for 30 Days — Here's What Happened,1
This An AI Chatbot Just Revealed Something Nobody Expected,1
Chicago Launches New community safety Program for Residents,0
10 Shocking Secrets medicine Doesn't Want You to Know,1
Is the housing market Ruining Your Life? 25 Warning Signs,1
What Happened Next Will Leave You Speechless,1
Analysis: How the summit Could Reshape bilateral relations Policy,0
The UK Reports a modest 1.5% drop in unemployment for Q2 2024,0
San Antonio Launches New community safety Program for Residents,0
7 Shocking Secrets the media Doesn't Want You to Know,1
21 Shocking Secrets this app Doesn't Want You to Know,1
Analysis: How the international conference Could Reshape climate change Policy,0
The wardrobe Hack That Has Experts Divided,1
Study Finds greater longevity Linked to access to healthcare — What It Means for You,0
unexpected Photos That Prove the government Is Real,1
This Your Favorite Star Just Revealed Something Nobody Expected,1
Scientists Are Baffled by This bizarre Discovery,1
Here's Why Everyone Is Talking About finances,1
The Supreme Court Releases Annual Human Development Report,0
Chevron Reports a 3.2% increase Revenue in Q4 2022 Earnings,0
A Random Stranger Just Broke the Internet With This terrifying Confession,1
The finances Hack That Has Experts Divided,1
Here's Why Everyone Is Talking About relationships,1
This Is the Most stunning Thing You'll See Today,1
10 Shocking Secrets medicine Doesn't Want You to Know,1
What Happened Next Will Leave You Speechless,1
The Internet Is Losing Its Mind Over This unbelievable relationships,1
The Chancellor Meets with foreign ministers to Discuss security,0
Analysis: How the winter season Could Reshape trade Policy,0
What Happened Next Will Leave You Speechless,1
The morning routine Hack That Has Experts Divided,1
This Video Will Make You Rethink Everything About your brain,1
The African Union Releases Annual Climate Action Report,0
Scientists Discover a genetic marker That Could reduce recovery time,0
Apple Announces Partnership with The UN on cut deficit spending,0
Officials Warn of energy shortages as the trade negotiations Approaches,0
Is your boss Ruining Your Life? 7 Warning Signs,1
France Passes Legislation on tax legislation After Months of Debate,0
You Won't Believe What An AI Chatbot Did Next!,1
mind-blowing Photos That Prove your brain Is Real,1
A Local Teacher Just Broke the Internet With This hilarious Confession,1
Nobody Told You This About finances Until Now,1
What Happened Next Will Leave You Speechless,1
Scientists Discover a bacterial strain That Could transform treatment options,0
The Internet Is Losing Its Mind Over This unexpected life,1
Here's Why Everyone Is Talking About diet,1
This Video Will Make You Rethink Everything About your diet,1
This Is the Most controversial Thing You'll See Today,1
Tesla Announces Partnership with The Federal Reserve on boost economic growth,0
Market slides lower as Investors React to the policy deadline,0
hilarious Photos That Prove social media Is Real,1
Analysis: How the policy deadline Could Reshape bilateral relations Policy,0
Goldman Sachs Announces Partnership with UNICEF on reduce emissions,0
Chicago Launches New youth development Program for Residents,0
Is this app Ruining Your Life? 100 Warning Signs,1
Officials Warn of cyber threats as the fiscal year end Approaches,0
This One Weird Trick Will Change Your productivity Forever,1
This One Weird Trick Will Change Your sleep Forever,1
This Your Favorite Star Just Revealed Something Nobody Expected,1
Analysis: How the fiscal year end Could Reshape trade Policy,0
New Research Links air quality to higher stress levels in Large Population Study,0
The life Hack That Has Experts Divided,1
Amazon Announces Partnership with The Supreme Court on strengthen national security — What It Means for You,0
The OECD Releases Annual Climate Action Report,0
This Your Favorite Star Just Revealed Something Nobody Expected,1
China Passes Legislation on infrastructure plan After Months of Debate,0
What Happened Next Will Leave You Speechless,1
The IMF Approves New social security reform Aimed at modernise transport networks,0
Here's Why Everyone Is Talking About relationships,1
Study Finds higher stress levels Linked to diet and lifestyle,0
The WHO Calls for International Cooperation on security,0
Nobody Told You This About productivity Until Now,1
The Internet Is Losing Its Mind Over This unexpected morning routine,1
Here's Why Everyone Is Talking About sleep,1
The Chancellor Meets with the UN Secretary-General to Discuss human rights,0
This Is the Most heartwarming Thing You'll See Today,1
Meta Announces Partnership with The WHO on reduce emissions,0
Here's Why Everyone Is Talking About finances,1
Is science Ruining Your Life? 7 Warning Signs,1
We Tried this device for 30 Days — Here's What Happened,1
We Tried this app for 30 Days — Here's What Happened,1
Study Finds lower rates of chronic disease Linked to genetic predisposition — What It Means for You,0
Scientists Are Baffled by This heartwarming Discovery,1
9 Things You're Doing Wrong Every Day,1
Here's Why Everyone Is Talking About health,1
We Tried this device for 30 Days — Here's What Happened,1
This One Weird Trick Will Change Your wardrobe Forever,1
This Is the Most outrageous Thing You'll See Today,1
What Happened Next Will Leave You Speechless,1
Nobody Told You This About life Until Now,1
Only 100% of People Can Pass This Quiz,1
The Internet Is Losing Its Mind Over This unbelievable mindset,1
Mexico Reports unexpected stability in exports for Q3 2024,0
You May Be Surprised to Learn What A Fitness Guru Did Next,1
Here's Why Everyone Is Talking About skin,1
New York Launches New green energy Program for Residents,0
Market edges higher as Investors React to the fiscal year end,0
Officials Warn of severe weather as the quarterly review Approaches,0
New Research Links sedentary behaviour to higher stress levels in Large Population Study,0
5 Things You're Doing Wrong Every Day,1
100 Shocking Secrets the media Doesn't Want You to Know,1
India Reports steady growth in healthcare spending for Q4 2022 — What It Means for You,0
What Happened Next Will Leave You Speechless,1
You May Be Surprised to Learn What This Doctor Did Next,1
What Happened Next Will Leave You Speechless,1
30 Shocking Secrets your diet Doesn't Want You to Know,1
We Asked 30 Experts About your body — This Is What They Said,1
The Internet Is Losing Its Mind Over This unbelievable morning routine,1
Scientists Discover a bacterial strain That Could enable new therapies,0
Officials Warn of energy shortages as the policy deadline Approaches,0
17 Shocking Secrets your brain Doesn't Want You to Know,1
The Internet Is Losing Its Mind Over This jaw-dropping career,1
17 Things You're Doing Wrong Every Day,1
17 Shocking Secrets your brain Doesn't Want You to Know,1
This Your Favorite Star Just Revealed Something Nobody Expected,1
Study Finds improved outcomes Linked to access to healthcare — What It Means for You,0
Nobody Told You This About mindset Until Now,1
Only 10% of People Can Pass This Quiz,1
This A Famous Chef Just Revealed Something Nobody Expected,1
unexpected Photos That Prove your body Is Real,1
Chevron Announces Partnership with The Federal Reserve on reduce emissions,0
3 Things You're Doing Wrong Every Day,1
We Asked 9 Experts About science — This Is What They Said,1
This Is the Most disturbing Thing You'll See Today,1
You May Be Surprised to Learn What This Politician Did Next,1
Scientists Are Baffled by This emotional Discovery,1
NASA Approves New climate policy Aimed at strengthen national security,0
The Prime Minister Meets with regional heads of state to Discuss migration,0
The Truth About social media Finally Revealed,1
outrageous Photos That Prove history Is Real,1
stunning Photos That Prove history Is Real,1
You Won't Believe What Your Favorite Star Did Next!,1
This Is the Most unbelievable Thing You'll See Today,1
Here's Why Everyone Is Talking About relationships,1
9 Shocking Secrets caffeine Doesn't Want You to Know,1
The Internet Is Losing Its Mind Over This bizarre morning routine,1
The Internet Is Losing Its Mind Over This unexpected relationships,1
Chevron Reports flat growth Revenue in Q1 2024 Earnings,0
New Research Links diet and lifestyle to higher stress levels in Large Population Study — What It Means for You,0
Meta Announces Partnership with The World Bank on cut deficit spending,0
What Happened Next Will Leave You Speechless,1
Meta Reports steady growth Revenue in Q3 2024 Earnings,0
17 Shocking Secrets your brain Doesn't Want You to Know,1
Nobody Told You This About relationships Until Now,1
We Tried therapy for 30 Days — Here's What Happened,1
Scientists Are Baffled by This emotional Discovery,1
jaw-dropping Photos That Prove medicine Is Real,1
This A Famous Chef Just Revealed Something Nobody Expected,1
Study Finds reduced recovery time Linked to diet and lifestyle,0
We Asked 17 Experts About this app — This Is What They Said,1
Canada Passes Legislation on cybersecurity regulation After Months of Debate,0
This Is the Most controversial Thing You'll See Today,1
The Governor Meets with world leaders to Discuss bilateral relations,0
We Asked 100 Experts About your diet — This Is What They Said,1
What Happened Next Will Leave You Speechless,1
30 Things You're Doing Wrong Every Day,1
France Passes Legislation on tax legislation After Months of Debate,0
This Is the Most outrageous Thing You'll See Today,1
The health Hack That Has Experts Divided,1
We Tried this app for 30 Days — Here's What Happened,1
Here's Why Everyone Is Talking About career,1
The UN Approves New trade agreement Aimed at boost economic growth,0
Scientists Are Baffled by This outrageous Discovery,1
Scientists Are Baffled by This outrageous Discovery,1
The Internet Is Losing Its Mind Over This viral diet,1
Scientists Are Baffled by This viral Discovery,1
Analysis: How the fiscal year end Could Reshape human rights Policy,0
Only 7% of People Can Pass This Quiz,1
The Prime Minister Meets with trade officials to Discuss tech regulation,0
France Reports a 3.2% increase in public debt for Q2 2024 — What It Means for You,0
We Tried this diet for 30 Days — Here's What Happened,1
The Prime Minister Meets with NATO representatives to Discuss security,0
We Tried this device for 30 Days — Here's What Happened,1
The Truth About the housing market Finally Revealed,1
New Research Links sedentary behaviour to improved sleep quality in Large Population Study,0
9 Shocking Secrets this app Doesn't Want You to Know,1
You Won't Believe What A Random Stranger Did Next!,1
Boston Launches New early childhood education Program for Residents,0
This Is the Most heartwarming Thing You'll See Today,1
Here's Why Everyone Is Talking About finances,1
emotional Photos That Prove your commute Is Real,1
Here's Why Everyone Is Talking About health,1
5 Things You're Doing Wrong Every Day,1
The Internet Is Losing Its Mind Over This bizarre morning routine,1
Scientists Are Baffled by This emotional Discovery,1
Nobody Told You This About mindset Until Now,1
JPMorgan Reports a 3.2% increase Revenue in Q1 2023 Earnings,0
Here's Why Everyone Is Talking About sleep,1
100 Things You're Doing Wrong Every Day,1
NASA Releases Annual Financial Stability Report — What It Means for You,0
Analysis: How the winter season Could Reshape human rights Policy,0
The sleep Hack That Has Experts Divided,1
This A Scientist Just Revealed Something Nobody Expected,1
Only 10% of People Can Pass This Quiz,1
You May Be Surprised to Learn What A Scientist Did Next,1
New Research Links sedentary behaviour to greater longevity in Large Population Study,0
Pfizer Reports strong recovery Revenue in Q1 2024 Earnings,0
This One Weird Trick Will Change Your wardrobe Forever,1
San Antonio Launches New early childhood education Program for Residents — What It Means for You,0
This One Weird Trick Will Change Your morning routine Forever,1
This One Weird Trick Will Change Your life Forever,1
Here's Why Everyone Is Talking About life,1
Nobody Told You This About skin Until Now,1
Study Finds improved sleep quality Linked to air quality,0
The Prime Minister Meets with G20 delegates to Discuss economic policy,0
This Is the Most mind-blowing Thing You'll See Today,1
A Fitness Guru Just Broke the Internet With This disturbing Confession,1
17 Things You're Doing Wrong Every Day,1
Here's Why Everyone Is Talking About mindset,1
This Is the Most stunning Thing You'll See Today,1
Officials Warn of cyber threats as the policy deadline Approaches — What It Means for You,0
Scientists Are Baffled by This unbelievable Discovery,1
Scientists Are Baffled by This unexpected Discovery,1
Japan Reports strong recovery in public debt for Q3 2024,0
17 Things You're Doing Wrong Every Day,1
Nobody Told You This About mindset Until Now,1
You Won't Believe What A Fitness Guru Did Next!,1
A Random Stranger Just Broke the Internet With This controversial Confession,1
Scientists Are Baffled by This bizarre Discovery,1
This Video Will Make You Rethink Everything About the media,1
The Truth About the media Finally Revealed,1
The Truth About your brain Finally Revealed,1
This Is the Most controversial Thing You'll See Today,1
We Tried intermittent fasting for 30 Days — Here's What Happened,1
We Asked 10 Experts About social media — This Is What They Said,1
Scientists Discover a bacterial strain That Could transform treatment options,0
The Truth About the government Finally Revealed,1
100 Shocking Secrets medicine Doesn't Want You to Know,1
Only 30% of People Can Pass This Quiz,1
Officials Warn of geopolitical tensions as the policy deadline Approaches — What It Means for You,0
Study Finds lower rates of chronic disease Linked to social factors,0
We Asked 10 Experts About the media — This Is What They Said,1
We Tried yoga for 30 Days — Here's What Happened,1
Here's Why Everyone Is Talking About sleep,1
13 Things You're Doing Wrong Every Day,1
You Won't Believe What A Former Employee Did Next!,1
Meta Announces Partnership with The IMF on cut deficit spending — What It Means for You,0
30 Things You're Doing Wrong Every Day,1
This Video Will Make You Rethink Everything About the housing market,1
You May Be Surprised to Learn What A Fitness Guru Did Next,1
The IMF Releases Annual Cybersecurity Report,0
A Scientist Just Broke the Internet With This stunning Confession,1
Here's Why Everyone Is Talking About diet,1
The Truth About caffeine Finally Revealed,1
This One Weird Trick Will Change Your finances Forever,1
Market slides lower as Investors React to the policy deadline,0
15 Shocking Secrets social media Doesn't Want You to Know,1
Germany Reports a significant decline in energy consumption for Q1 2023,0
9 Shocking Secrets your commute Doesn't Want You to Know,1
Pfizer Announces Partnership with The World Bank on modernise transport networks,0
This Doctor Just Broke the Internet With This jaw-dropping Confession,1
France Passes Legislation on education bill After Months of Debate,0
We Asked 21 Experts About social media — This Is What They Said,1
Here's Why Everyone Is Talking About skin,1
Analysis: How the policy deadline Could Reshape migration Policy,0
Analysis: How the summit Could Reshape trade Policy,0
Scientists Discover an ancient fossil That Could reduce recovery time,0
Japan Reports a 3.2% increase in GDP growth for Q1 2024,0
Here's Why Everyone Is Talking About skin,1
The relationships Hack That Has Experts Divided,1
15 Shocking Secrets the housing market Doesn't Want You to Know,1
This Politician Just Broke the Internet With This jaw-dropping Confession,1
Market edges higher as Investors React to the quarterly review,0
Meta Reports flat growth Revenue in Q2 2024 Earnings,0
Only 9% of People Can Pass This Quiz,1
New Research Links environmental exposure to improved outcomes in Large Population Study,0
Nobody Told You This About sleep Until Now,1
This Video Will Make You Rethink Everything About your boss,1
Study Finds increased risk Linked to access to healthcare,0
Congress Approves New social security reform Aimed at reduce emissions,0
The Truth About science Finally Revealed,1
The Truth About your brain Finally Revealed,1
Scientists Discover an enzyme variant That Could accelerate drug development,0
This A Former Employee Just Revealed Something Nobody Expected,1
This This Celebrity Just Revealed Something Nobody Expected,1
The productivity Hack That Has Experts Divided,1
terrifying Photos That Prove the media Is Real,1
A Billionaire Just Broke the Internet With This insane Confession,1
This This Doctor Just Revealed Something Nobody Expected,1
Scientists Discover an ancient fossil That Could significantly lower costs,0
This One Weird Trick Will Change Your skin Forever,1
This Is the Most insane Thing You'll See Today,1
This Video Will Make You Rethink Everything About the government,1
The UN Releases Annual Global Risk Report,0
This One Weird Trick Will Change Your wardrobe Forever,1
17 Things You're Doing Wrong Every Day,1
This One Weird Trick Will Change Your relationships Forever,1
We Tried therapy for 30 Days — Here's What Happened,1
The Chancellor Meets with NATO representatives to Discuss migration,0
The EU Approves New tax legislation Aimed at expand access to education,0
We Asked 13 Experts About your body — This Is What They Said,1
We Asked 10 Experts About your brain — This Is What They Said,1
This Politician Just Broke the Internet With This unbelievable Confession,1
The Mayor Meets with the UN Secretary-General to Discuss security,0
Japan Passes Legislation on education bill After Months of Debate,0
Is caffeine Ruining Your Life? 3 Warning Signs,1
Nobody Told You This About life Until Now,1
We Tried meditation for 30 Days — Here's What Happened,1
Here's Why Everyone Is Talking About health,1
The Prime Minister Meets with foreign ministers to Discuss tech regulation,0
The OECD Approves New social security reform Aimed at expand access to education,0
Pfizer Reports a modest 1.5% drop Revenue in Q1 2024 Earnings,0
This One Weird Trick Will Change Your relationships Forever,1
Here's Why Everyone Is Talking About wardrobe,1
The Internet Is Losing Its Mind Over This stunning wardrobe,1
We Asked 7 Experts About your brain — This Is What They Said,1
The Mayor Meets with trade officials to Discuss economic policy — What It Means for You,0
Here's Why Everyone Is Talking About skin,1
Chicago Launches New mental health Program for Residents — What It Means for You,0
This Video Will Make You Rethink Everything About your boss,1
We Asked 21 Experts About your body — This Is What They Said,1
You Won't Believe What A Billionaire Did Next!,1
What Happened Next Will Leave You Speechless,1
Analysis: How the election Could Reshape trade Policy — What It Means for You,0
The Truth About history Finally Revealed,1
The EU Releases Annual Healthcare Access Report,0
100 Things You're Doing Wrong Every Day,1
Only 25% of People Can Pass This Quiz,1
Nobody Told You This About mindset Until Now,1
This Is the Most jaw-dropping Thing You'll See Today,1
Nobody Told You This About skin Until Now,1
This Is the Most mind-blowing Thing You'll See Today,1
Here's Why Everyone Is Talking About productivity,1
Nobody Told You This About life Until Now,1
The wardrobe Hack That Has Experts Divided,1
The Internet Is Losing Its Mind Over This hilarious finances,1
The sleep Hack That Has Experts Divided,1
Houston Launches New green energy Program for Residents — What It Means for You,0
A Former Employee Just Broke the Internet With This heartwarming Confession,1
This This Celebrity Just Revealed Something Nobody Expected,1
Pfizer Reports record highs Revenue in Q2 2024 Earnings,0
The WHO Calls for International Cooperation on security,0
Is history Ruining Your Life? 13 Warning Signs,1
You Won't Believe What This Celebrity Did Next!,1
Officials Warn of rising inflation as the fiscal year end Approaches,0
The career Hack That Has Experts Divided,1
Here's Why Everyone Is Talking About diet,1
An AI Chatbot Just Broke the Internet With This emotional Confession,1
15 Shocking Secrets your boss Doesn't Want You to Know,1
This This Celebrity Just Revealed Something Nobody Expected,1
This One Weird Trick Will Change Your wardrobe Forever,1
Only 21% of People Can Pass This Quiz,1
A Billionaire Just Broke the Internet With This jaw-dropping Confession,1
The Federal Reserve Releases Annual Financial Stability Report,0
Is social media Ruining Your Life? 7 Warning Signs,1
What Happened Next Will Leave You Speechless,1
You Won't Believe What Your Favorite Star Did Next!,1
21 Shocking Secrets the government Doesn't Want You to Know,1
Here's Why Everyone Is Talking About diet,1
17 Things You're Doing Wrong Every Day,1
What Happened Next Will Leave You Speechless,1
Nobody Told You This About health Until Now,1
The skin Hack That Has Experts Divided,1
A Random Stranger Just Broke the Internet With This controversial Confession,1
New Research Links diet and lifestyle to better cognitive performance in Large Population Study,0
The life Hack That Has Experts Divided,1
Philadelphia Launches New affordable housing Program for Residents,0
21 Shocking Secrets the housing market Doesn't Want You to Know,1
What Happened Next Will Leave You Speechless,1
Canada Reports record highs in public debt for Q4 2023,0
What Happened Next Will Leave You Speechless,1
New Research Links sedentary behaviour to lower rates of chronic disease in Large Population Study,0
What Happened Next Will Leave You Speechless,1
The diet Hack That Has Experts Divided,1
This Video Will Make You Rethink Everything About your boss,1
The sleep Hack That Has Experts Divided,1
What Happened Next Will Leave You Speechless,1
This One Weird Trick Will Change Your mindset Forever,1
emotional Photos That Prove your commute Is Real,1
21 Shocking Secrets history Doesn't Want You to Know,1
This Is the Most unbelievable Thing You'll See Today,1
This One Weird Trick Will Change Your finances Forever,1
Study Finds greater longevity Linked to environmental exposure,0
Is medicine Ruining Your Life? 100 Warning Signs,1
This Video Will Make You Rethink Everything About your commute,1
The UN Approves New education bill Aimed at expand access to education — What It Means for You,0
The OECD Releases Annual Cybersecurity Report,0
Scientists Are Baffled by This hilarious Discovery,1
Seattle Launches New green energy Program for Residents,0
Chicago Launches New mental health Program for Residents,0
Seattle Launches New community safety Program for Residents,0
New Research Links environmental exposure to improved sleep quality in Large Population Study,0
hilarious Photos That Prove your commute Is Real,1
You Won't Believe What A Scientist Did Next!,1
Chevron Reports record highs Revenue in Q3 2024 Earnings,0
You Won't Believe What This Politician Did Next!,1
We Tried cold showers for 30 Days — Here's What Happened,1
The OECD Calls for International Cooperation on security,0
The career Hack That Has Experts Divided,1
What Happened Next Will Leave You Speechless,1
New Research Links environmental exposure to better cognitive performance in Large Population Study,0
The EU Approves New education bill Aimed at expand access to education,0
Nobody Told You This About productivity Until Now,1
The Secretary of State Meets with foreign ministers to Discuss trade,0
10 Shocking Secrets this app Doesn't Want You to Know,1
What Happened Next Will Leave You Speechless,1
What Happened Next Will Leave You Speechless,1
This An AI Chatbot Just Revealed Something Nobody Expected,1
This Video Will Make You Rethink Everything About your brain,1
13 Shocking Secrets your brain Doesn't Want You to Know,1
Only 25% of People Can Pass This Quiz,1
This Video Will Make You Rethink Everything About history,1
100 Things You're Doing Wrong Every Day,1
This One Weird Trick Will Change Your sleep Forever,1
Canada Reports a significant decline in productivity for Q3 2024,0
The Truth About your brain Finally Revealed,1
Scientists Are Baffled by This disturbing Discovery,1
Your Favorite Star Just Broke the Internet With This insane Confession,1
Is social media Ruining Your Life? 13 Warning Signs,1
The Internet Is Losing Its Mind Over This stunning productivity,1
Here's Why Everyone Is Talking About morning routine,1
The Truth About history Finally Revealed,1
Scientists Are Baffled by This jaw-dropping Discovery,1
What Happened Next Will Leave You Speechless,1
Nobody Told You This About skin Until Now,1
You Won't Believe What A Billionaire Did Next!,1
Here's Why Everyone Is Talking About mindset,1
Is the government Ruining Your Life? 25 Warning Signs,1
21 Shocking Secrets your commute Doesn't Want You to Know,1
We Tried therapy for 30 Days — Here's What Happened,1
This Video Will Make You Rethink Everything About the housing market,1
Analysis: How the fiscal year end Could Reshape bilateral relations Policy,0
This Is the Most jaw-dropping Thing You'll See Today,1
Officials Warn of supply chain disruptions as the election Approaches,0
Only 9% of People Can Pass This Quiz,1
The Prime Minister Meets with G7 partners to Discuss security,0
This Video Will Make You Rethink Everything About your boss,1
A Local Teacher Just Broke the Internet With This disturbing Confession,1
Is the media Ruining Your Life? 13 Warning Signs,1
Market retreats as Investors React to the winter season — What It Means for You,0
This This Politician Just Revealed Something Nobody Expected,1
NASA Approves New cybersecurity regulation Aimed at cut deficit spending,0
You Won't Believe What Your Favorite Star Did Next!,1
Market drops sharply as Investors React to the quarterly review,0
New Research Links environmental exposure to improved outcomes in Large Population Study,0
What Happened Next Will Leave You Speechless,1
30 Shocking Secrets the government Doesn't Want You to Know,1
The Internet Is Losing Its Mind Over This stunning relationships,1
25 Shocking Secrets your brain Doesn't Want You to Know,1
Officials Warn of rising inflation as the quarterly review Approaches,0
A Billionaire Just Broke the Internet With This insane Confession,1
This Video Will Make You Rethink Everything About your commute,1
We Asked 100 Experts About this app — This Is What They Said,1
San Antonio Launches New job training Program for Residents,0
The World Bank Approves New healthcare reform Aimed at boost economic growth — What It Means for You,0
Market edges higher as Investors React to the policy deadline,0
What Happened Next Will Leave You Speechless,1
Scientists Discover a gravitational anomaly That Could transform treatment options,0
We Asked 3 Experts About the government — This Is What They Said,1
Officials Warn of energy shortages as the international conference Approaches,0
South Korea Passes Legislation on tax legislation After Months of Debate,0
Study Finds improved outcomes Linked to economic inequality — What It Means for You,0
Is science Ruining Your Life? 5 Warning Signs,1
Is the government Ruining Your Life? 13 Warning Signs,1
Scientists Discover an ancient fossil That Could open new avenues for research,0
13 Shocking Secrets medicine Doesn't Want You to Know,1
We Tried this device for 30 Days — Here's What Happened,1
The FDA Releases Annual Gender Equality Report,0
We Tried this workout for 30 Days — Here's What Happened,1
Market fluctuates as Investors React to the election — What It Means for You,0
jaw-dropping Photos That Prove your commute Is Real,1
Scientists Discover a new compound That Could enable new therapies,0
This One Weird Trick Will Change Your productivity Forever,1
Nobody Told You This About relationships Until Now,1
This One Weird Trick Will Change Your mindset Forever,1
Scientists Discover a genetic marker That Could improve early detection,0
Study Finds higher stress levels Linked to social factors,0
7 Things You're Doing Wrong Every Day,1
The Governor Meets with G20 delegates to Discuss security,0
Is the media Ruining Your Life? 17 Warning Signs,1
You Won't Believe What This Doctor Did Next!,1
The Internet Is Losing Its Mind Over This hilarious productivity,1
The United States Passes Legislation on social security reform After Months of Debate — What It Means for You,0
3 Shocking Secrets your boss Doesn't Want You to Know,1
This A Former Employee Just Revealed Something Nobody Expected,1
We Tried cold showers for 30 Days — Here's What Happened,1
The FDA Approves New data privacy law Aimed at cut deficit spending,0
Scientists Are Baffled by This heartwarming Discovery,1
10 Things You're Doing Wrong Every Day,1
The UK Reports unexpected stability in consumer prices for Q3 2023,0
Nobody Told You This About sleep Until Now,1
The IMF Releases Annual Financial Stability Report,0
A Scientist Just Broke the Internet With This terrifying Confession,1
We Tried this app for 30 Days — Here's What Happened,1
UNICEF Releases Annual Financial Stability Report,0
Microsoft Reports unexpected stability Revenue in Q3 2024 Earnings,0
This A Famous Chef Just Revealed Something Nobody Expected,1
13 Shocking Secrets medicine Doesn't Want You to Know,1
Study Finds increased risk Linked to access to healthcare,0
Brazil Reports a sharp 6% rise in healthcare spending for Q3 2024,0
Market drops sharply as Investors React to the election,0
Here's Why Everyone Is Talking About mindset,1
Analysis: How the summit Could Reshape human rights Policy,0
The finances Hack That Has Experts Divided,1
Is the housing market Ruining Your Life? 7 Warning Signs,1
Italy Passes Legislation on tax legislation After Months of Debate,0
The Supreme Court Releases Annual Education Progress Report,0
A Random Stranger Just Broke the Internet With This jaw-dropping Confession,1
This Video Will Make You Rethink Everything About your commute,1
17 Shocking Secrets your commute Doesn't Want You to Know,1
Scientists Are Baffled by This controversial Discovery,1
This Video Will Make You Rethink Everything About the media,1
We Asked 13 Experts About the media — This Is What They Said,1
This Video Will Make You Rethink Everything About history,1
hilarious Photos That Prove medicine Is Real,1
Chevron Reports a 3.2% increase Revenue in Q3 2023 Earnings,0
Boeing Reports strong recovery Revenue in Q4 2022 Earnings,0
Is your diet Ruining Your Life? 17 Warning Signs,1
Scientists Are Baffled by This outrageous Discovery,1
Goldman Sachs Announces Partnership with The FDA on expand access to education,0
Here's Why Everyone Is Talking About wardrobe,1
Nobody Told You This About career Until Now,1
10 Things You're Doing Wrong Every Day,1
10 Things You're Doing Wrong Every Day,1
Scientists Discover a novel protein That Could open new avenues for research,0
terrifying Photos That Prove medicine Is Real,1
Nobody Told You This About relationships Until Now,1
Scientists Are Baffled by This heartwarming Discovery,1
The Truth About your commute Finally Revealed,1
7 Shocking Secrets your brain Doesn't Want You to Know,1
Australia Passes Legislation on infrastructure plan After Months of Debate,0
The Internet Is Losing Its Mind Over This disturbing sleep,1
You Won't Believe What A Fitness Guru Did Next!,1
Australia Passes Legislation on tax legislation After Months of Debate,0
Scientists Discover an enzyme variant That Could improve early detection,0
Here's Why Everyone Is Talking About diet,1
Scientists Are Baffled by This stunning Discovery,1
15 Things You're Doing Wrong Every Day,1
The World Bank Releases Annual Cybersecurity Report,0
New Research Links air quality to reduced recovery time in Large Population Study,0
Google Reports a sharp 6% rise Revenue in Q2 2024 Earnings,0
NASA Calls for International Cooperation on human rights,0
Here's Why Everyone Is Talking About health,1
This Video Will Make You Rethink Everything About the housing market,1
This A Random Stranger Just Revealed Something Nobody Expected,1
New York Launches New community safety Program for Residents,0
Analysis: How the quarterly review Could Reshape economic policy Policy,0
This One Weird Trick Will Change Your morning routine Forever,1
Is your body Ruining Your Life? 3 Warning Signs,1
Here's Why Everyone Is Talking About mindset,1
We Tried intermittent fasting for 30 Days — Here's What Happened,1
We Asked 100 Experts About the government — This Is What They Said,1
Here's Why Everyone Is Talking About diet,1
We Tried cold showers for 30 Days — Here's What Happened,1
The World Bank Calls for International Cooperation on climate change,0
What Happened Next Will Leave You Speechless,1
The Truth About caffeine Finally Revealed,1
10 Things You're Doing Wrong Every Day,1
NASA Approves New climate policy Aimed at reduce emissions,0
JPMorgan Announces Partnership with The African Union on expand access to education,0
The UN Approves New climate policy Aimed at cut deficit spending,0
The Federal Reserve Calls for International Cooperation on economic policy,0
Market rallies as Investors React to the election,0
Study Finds reduced recovery time Linked to air quality — What It Means for You,0
Scientists Discover a gravitational anomaly That Could transform treatment options,0
We Asked 17 Experts About caffeine — This Is What They Said,1
The Internet Is Losing Its Mind Over This terrifying diet,1
A Billionaire Just Broke the Internet With This hilarious Confession,1
The IMF Releases Annual Global Risk Report,0
The Internet Is Losing Its Mind Over This stunning career,1
This A Local Teacher Just Revealed Something Nobody Expected,1
Brazil Reports flat growth in GDP growth for Q2 2024,0
This Video Will Make You Rethink Everything About your brain,1
You Won't Believe What A Local Teacher Did Next!,1
This This Doctor Just Revealed Something Nobody Expected,1
Study Finds reduced recovery time Linked to air quality,0
Meta Reports flat growth Revenue in Q4 2023 Earnings,0
The Truth About this app Finally Revealed,1
This One Weird Trick Will Change Your mindset Forever,1
Scientists Discover a neural pathway That Could enable new therapies — What It Means for You,0
3 Shocking Secrets this app Doesn't Want You to Know,1
The productivity Hack That Has Experts Divided,1
The African Union Approves New cybersecurity regulation Aimed at improve public health,0
Only 25% of People Can Pass This Quiz,1
You May Be Surprised to Learn What A Fitness Guru Did Next,1
We Asked 5 Experts About the media — This Is What They Said,1
Nobody Told You This About finances Until Now,1
disturbing Photos That Prove the media Is Real,1
This One Weird Trick Will Change Your health Forever,1
21 Things You're Doing Wrong Every Day,1
Your Favorite Star Just Broke the Internet With This terrifying Confession,1
Analysis: How the fiscal year end Could Reshape climate change Policy — What It Means for You,0
Scientists Discover an enzyme variant That Could enable new therapies,0
Houston Launches New digital literacy Program for Residents,0
The finances Hack That Has Experts Divided,1
This One Weird Trick Will Change Your career Forever,1
This A Billionaire Just Revealed Something Nobody Expected,1
Analysis: How the summit Could Reshape human rights Policy,0
Nobody Told You This About productivity Until Now,1
What Happened Next Will Leave You Speechless,1
Here's Why Everyone Is Talking About career,1
This Is the Most terrifying Thing You'll See Today,1
7 Things You're Doing Wrong Every Day,1
Only 17% of People Can Pass This Quiz,1
Study Finds increased risk Linked to social factors,0
This Is the Most hilarious Thing You'll See Today,1
Google Announces Partnership with The FDA on boost economic growth,0
Apple Announces Partnership with The FDA on expand access to education,0
Here's Why Everyone Is Talking About diet,1
Is this app Ruining Your Life? 21 Warning Signs,1
NASA Approves New cybersecurity regulation Aimed at modernise transport networks,0
This Is the Most emotional Thing You'll See Today,1
3 Things You're Doing Wrong Every Day,1
Italy Passes Legislation on data privacy law After Months of Debate,0
San Antonio Launches New job training Program for Residents,0
You Won't Believe What An AI Chatbot Did Next!,1
The Truth About the media Finally Revealed,1
The African Union Releases Annual Human Development Report,0
This Your Favorite Star Just Revealed Something Nobody Expected,1
Here's Why Everyone Is Talking About skin,1
This Doctor Just Broke the Internet With This jaw-dropping Confession,1
New Research Links diet and lifestyle to improved sleep quality in Large Population Study,0
The Internet Is Losing Its Mind Over This viral finances,1
Market rallies as Investors React to the policy deadline,0
This Video Will Make You Rethink Everything About the media,1
The morning routine Hack That Has Experts Divided,1
stunning Photos That Prove medicine Is Real,1
Chicago Launches New mental health Program for Residents,0
Scientists Are Baffled by This heartwarming Discovery,1
Nobody Told You This About skin Until Now,1
Officials Warn of severe weather as the policy deadline Approaches,0
We Asked 17 Experts About the media — This Is What They Said,1
Only 100% of People Can Pass This Quiz,1
What Happened Next Will Leave You Speechless,1
Study Finds reduced recovery time Linked to economic inequality,0
10 Shocking Secrets your brain Doesn't Want You to Know,1
Scientists Discover a new compound That Could significantly lower costs,0
This Video Will Make You Rethink Everything About your boss,1
10 Things You're Doing Wrong Every Day,1
New Research Links diet and lifestyle to lower rates of chronic disease in Large Population Study,0
Scientists Discover a genetic marker That Could transform treatment options,0
The sleep Hack That Has Experts Divided,1
This Video Will Make You Rethink Everything About caffeine,1
Scientists Are Baffled by This viral Discovery,1
100 Shocking Secrets history Doesn't Want You to Know,1
Only 13% of People Can Pass This Quiz,1
7 Things You're Doing Wrong Every Day,1
Goldman Sachs Announces Partnership with The OECD on boost economic growth,0
You Won't Believe What A Famous Chef Did Next!,1
We Asked 5 Experts About caffeine — This Is What They Said,1
We Asked 100 Experts About the media — This Is What They Said,1
We Tried intermittent fasting for 30 Days — Here's What Happened,1
What Happened Next Will Leave You Speechless,1
New Research Links access to healthcare to higher stress levels in Large Population Study — What It Means for You,0
What Happened Next Will Leave You Speechless,1
Market retreats as Investors React to the election,0
Is your diet Ruining Your Life? 3 Warning Signs,1
What Happened Next Will Leave You Speechless,1
Congress Approves New cybersecurity regulation Aimed at strengthen national security,0
What Happened Next Will Leave You Speechless,1
This Video Will Make You Rethink Everything About your commute,1
NASA Releases Annual Healthcare Access Report,0
You Won't Believe What This Politician Did Next!,1
The Internet Is Losing Its Mind Over This viral career,1
This One Weird Trick Will Change Your mindset Forever,1
Analysis: How the policy deadline Could Reshape human rights Policy,0
25 Shocking Secrets your body Doesn't Want You to Know,1
Analysis: How the fiscal year end Could Reshape bilateral relations Policy,0
This Celebrity Just Broke the Internet With This jaw-dropping Confession,1
Only 100% of People Can Pass This Quiz,1
This One Weird Trick Will Change Your morning routine Forever,1
What Happened Next Will Leave You Speechless,1
A Famous Chef Just Broke the Internet With This disturbing Confession,1
The Truth About social media Finally Revealed,1
Pfizer Announces Partnership with NASA on cut deficit spending,0
The health Hack That Has Experts Divided,1
India Reports strong recovery in public debt for Q3 2023 — What It Means for You,0
What Happened Next Will Leave You Speechless,1
15 Shocking Secrets your boss Doesn't Want You to Know,1
Nobody Told You This About diet Until Now,1
Nobody Told You This About skin Until Now,1
viral Photos That Prove social media Is Real,1
The Truth About history Finally Revealed,1
The Truth About medicine Finally Revealed,1
Market slides lower as Investors React to the trade negotiations,0
This A Former Employee Just Revealed Something Nobody Expected,1
This Is the Most insane Thing You'll See Today,1
Analysis: How the winter season Could Reshape migration Policy,0
Only 9% of People Can Pass This Quiz,1
mind-blowing Photos That Prove your brain Is Real,1
We Asked 5 Experts About your diet — This Is What They Said,1
This Is the Most hilarious Thing You'll See Today,1
Market drops sharply as Investors React to the winter season,0
This Video Will Make You Rethink Everything About this app,1
We Tried therapy for 30 Days — Here's What Happened,1
Canada Passes Legislation on social security reform After Months of Debate,0
This Video Will Make You Rethink Everything About medicine,1
Is the housing market Ruining Your Life? 5 Warning Signs,1
You Won't Believe What A Famous Chef Did Next!,1
This One Weird Trick Will Change Your career Forever,1
10 Things You're Doing Wrong Every Day,1
This Celebrity Just Broke the Internet With This controversial Confession,1
Only 7% of People Can Pass This Quiz,1
The Internet Is Losing Its Mind Over This terrifying mindset,1
This A Random Stranger Just Revealed Something Nobody Expected,1
The Truth About your boss Finally Revealed,1
The WHO Calls for International Cooperation on economic policy,0
Chevron Reports a 3.2% increase Revenue in Q4 2023 Earnings,0
What Happened Next Will Leave You Speechless,1
5 Things You're Doing Wrong Every Day,1
Here's Why Everyone Is Talking About sleep,1
We Tried this diet for 30 Days — Here's What Happened,1
Congress Approves New cybersecurity regulation Aimed at modernise transport networks,0
We Tried this workout for 30 Days — Here's What Happened,1
Your Favorite Star Just Broke the Internet With This heartwarming Confession,1
13 Shocking Secrets your boss Doesn't Want You to Know,1
Scientists Are Baffled by This disturbing Discovery,1
7 Shocking Secrets your brain Doesn't Want You to Know,1
Is history Ruining Your Life? 7 Warning Signs,1
The Supreme Court Approves New tax legislation Aimed at expand access to education,0
Is this app Ruining Your Life? 25 Warning Signs,1
Officials Warn of supply chain disruptions as the winter season Approaches — What It Means for You,0
25 Things You're Doing Wrong Every Day,1
This Is the Most controversial Thing You'll See Today,1
Nobody Told You This About career Until Now,1
A Famous Chef Just Broke the Internet With This unexpected Confession,1
17 Things You're Doing Wrong Every Day,1
Is science Ruining Your Life? 17 Warning Signs,1
Scientists Discover an enzyme variant That Could accelerate drug development,0
Here's Why Everyone Is Talking About diet,1
The Truth About science Finally Revealed,1
We Tried this device for 30 Days — Here's What Happened,1
Google Announces Partnership with The FDA on expand access to education,0
Is science Ruining Your Life? 7 Warning Signs,1
This Video Will Make You Rethink Everything About the media,1
We Tried this device for 30 Days — Here's What Happened,1
The FDA Approves New tax legislation Aimed at improve public health,0
The sleep Hack That Has Experts Divided,1
100 Shocking Secrets the government Doesn't Want You to Know,1
The Governor Meets with world leaders to Discuss economic policy,0
New Research Links access to healthcare to lower rates of chronic disease in Large Population Study,0
15 Shocking Secrets your body Doesn't Want You to Know,1
Nobody Told You This About career Until Now,1
The Internet Is Losing Its Mind Over This bizarre career,1
The OECD Calls for International Cooperation on tech regulation,0
The Internet Is Losing Its Mind Over This jaw-dropping health,1
We Asked 3 Experts About your boss — This Is What They Said,1
The EU Calls for International Cooperation on tech regulation — What It Means for You,0
This Is the Most heartwarming Thing You'll See Today,1
Nobody Told You This About productivity Until Now,1
Germany Passes Legislation on education bill After Months of Debate,0
We Asked 7 Experts About medicine — This Is What They Said,1
This Is the Most hilarious Thing You'll See Today,1
Only 100% of People Can Pass This Quiz,1
Study Finds improved sleep quality Linked to sedentary behaviour — What It Means for You,0
We Asked 10 Experts About caffeine — This Is What They Said,1
Here's Why Everyone Is Talking About health,1
Analysis: How the summit Could Reshape bilateral relations Policy,0
This One Weird Trick Will Change Your productivity Forever,1
Scientists Are Baffled by This controversial Discovery,1
Philadelphia Launches New mental health Program for Residents,0
Officials Warn of supply chain disruptions as the policy deadline Approaches — What It Means for You,0
Study Finds better cognitive performance Linked to diet and lifestyle — What It Means for You,0
The United States Passes Legislation on cybersecurity regulation After Months of Debate,0
The UK Reports a sharp 6% rise in exports for Q3 2024 — What It Means for You,0
We Tried this technique for 30 Days — Here's What Happened,1
Nobody Told You This About career Until Now,1
Nobody Told You This About health Until Now,1
You Won't Believe What A Billionaire Did Next!,1
What Happened Next Will Leave You Speechless,1
This This Doctor Just Revealed Something Nobody Expected,1
Here's Why Everyone Is Talking About wardrobe,1
bizarre Photos That Prove your commute Is Real,1
Here's Why Everyone Is Talking About career,1
Officials Warn of currency volatility as the international conference Approaches — What It Means for You,0
The UN Calls for International Cooperation on climate change,0
The diet Hack That Has Experts Divided,1
Here's Why Everyone Is Talking About productivity,1
What Happened Next Will Leave You Speechless,1
The FDA Releases Annual Human Development Report,0
Only 30% of People Can Pass This Quiz,1
Pfizer Announces Partnership with Congress on boost economic growth,0
What Happened Next Will Leave You Speechless,1
Australia Passes Legislation on trade agreement After Months of Debate,0
This One Weird Trick Will Change Your productivity Forever,1
This One Weird Trick Will Change Your finances Forever,1
We Asked 5 Experts About history — This Is What They Said,1
An AI Chatbot Just Broke the Internet With This viral Confession,1
15 Shocking Secrets your brain Doesn't Want You to Know,1
Here's Why Everyone Is Talking About wardrobe,1
Scientists Discover a bacterial strain That Could transform treatment options,0
The Internet Is Losing Its Mind Over This unbelievable productivity,1
You Won't Believe What An AI Chatbot Did Next!,1
Amazon Reports flat growth Revenue in Q1 2024 Earnings,0
Congress Calls for International Cooperation on human rights,0
This Video Will Make You Rethink Everything About caffeine,1
You Won't Believe What A Former Employee Did Next!,1
You Won't Believe What A Former Employee Did Next!,1
21 Things You're Doing Wrong Every Day,1
Here's Why Everyone Is Talking About wardrobe,1
Here's Why Everyone Is Talking About skin,1
We Asked 5 Experts About the government — This Is What They Said,1
21 Shocking Secrets history Doesn't Want You to Know,1
Only 100% of People Can Pass This Quiz,1
The health Hack That Has Experts Divided,1
Here's Why Everyone Is Talking About wardrobe,1
New York Launches New job training Program for Residents,0
We Tried intermittent fasting for 30 Days — Here's What Happened,1
We Asked 21 Experts About social media — This Is What They Said,1
The World Bank Calls for International Cooperation on economic policy — What It Means for You,0
The President Meets with the UN Secretary-General to Discuss climate change,0
7 Things You're Doing Wrong Every Day,1
You Won't Believe What A Famous Chef Did Next!,1
Italy Reports strong recovery in exports for Q4 2022,0
The FDA Calls for International Cooperation on security,0
What Happened Next Will Leave You Speechless,1
Only 30% of People Can Pass This Quiz,1
This An AI Chatbot Just Revealed Something Nobody Expected,1
Germany Passes Legislation on tax legislation After Months of Debate,0
The President Meets with trade officials to Discuss migration — What It Means for You,0
We Tried cold showers for 30 Days — Here's What Happened,1
Nobody Told You This About morning routine Until Now,1
The EU Calls for International Cooperation on trade,0
Japan Reports record highs in productivity for Q3 2023,0
Australia Passes Legislation on social security reform After Months of Debate,0
Is your boss Ruining Your Life? 100 Warning Signs,1
30 Shocking Secrets your body Doesn't Want You to Know,1
Only 7% of People Can Pass This Quiz,1
Market rallies as Investors React to the election — What It Means for You,0
The morning routine Hack That Has Experts Divided,1
Chevron Reports a 3.2% increase Revenue in Q1 2023 Earnings,0
What Happened Next Will Leave You Speechless,1
Here's Why Everyone Is Talking About wardrobe,1
The Truth About caffeine Finally Revealed,1
This Is the Most emotional Thing You'll See Today,1
New Research Links genetic predisposition to lower rates of chronic disease in Large Population Study,0
This Is the Most insane Thing You'll See Today,1
The UN Calls for International Cooperation on bilateral relations,0
The UK Reports strong recovery in inflation for Q3 2024,0
Here's Why Everyone Is Talking About skin,1
A Former Employee Just Broke the Internet With This controversial Confession,1
100 Shocking Secrets your commute Doesn't Want You to Know,1
The Internet Is Losing Its Mind Over This hilarious diet,1
emotional Photos That Prove your brain Is Real,1
Analysis: How the winter season Could Reshape bilateral relations Policy — What It Means for You,0
This Video Will Make You Rethink Everything About social media,1
We Tried this app for 30 Days — Here's What Happened,1
This One Weird Trick Will Change Your finances Forever,1
Analysis: How the international conference Could Reshape security Policy — What It Means for You,0
The Truth About your brain Finally Revealed,1
This Is the Most terrifying Thing You'll See Today,1
This One Weird Trick Will Change Your productivity Forever,1
This Is the Most insane Thing You'll See Today,1
Market drops sharply as Investors React to the policy deadline,0
The Internet Is Losing Its Mind Over This insane productivity,1
Scientists Are Baffled by This disturbing Discovery,1
This One Weird Trick Will Change Your career Forever,1
9 Shocking Secrets the government Doesn't Want You to Know,1
Congress Releases Annual Education Progress Report,0
Only 21% of People Can Pass This Quiz,1
15 Shocking Secrets your boss Doesn't Want You to Know,1
The Internet Is Losing Its Mind Over This controversial life,1
An AI Chatbot Just Broke the Internet With This emotional Confession,1
We Tried journaling for 30 Days — Here's What Happened,1
Scientists Are Baffled by This insane Discovery,1
Philadelphia Launches New mental health Program for Residents,0
Tesla Reports strong recovery Revenue in Q3 2023 Earnings,0
Only 5% of People Can Pass This Quiz,1
What Happened Next Will Leave You Speechless,1
New Research Links access to healthcare to reduced recovery time in Large Population Study,0
Scientists Discover a bacterial strain That Could reduce recovery time,0
Analysis: How the quarterly review Could Reshape tech regulation Policy,0
The Federal Reserve Calls for International Cooperation on security,0
Nobody Told You This About finances Until Now,1
outrageous Photos That Prove this app Is Real,1
New Research Links environmental exposure to increased risk in Large Population Study,0
This Is the Most mind-blowing Thing You'll See Today,1
bizarre Photos That Prove the housing market Is Real,1
Your Favorite Star Just Broke the Internet With This mind-blowing Confession,1
Microsoft Reports unexpected stability Revenue in Q3 2023 Earnings,0
The Truth About the media Finally Revealed,1
Is your body Ruining Your Life? 15 Warning Signs,1
17 Things You're Doing Wrong Every Day,1
Study Finds improved outcomes Linked to sedentary behaviour — What It Means for You,0
You Won't Believe What A Scientist Did Next!,1
Study Finds improved outcomes Linked to genetic predisposition,0
Here's Why Everyone Is Talking About health,1
The Truth About history Finally Revealed,1
The Internet Is Losing Its Mind Over This mind-blowing diet,1
Is social media Ruining Your Life? 5 Warning Signs,1
Officials Warn of currency volatility as the election Approaches,0
This Is the Most mind-blowing Thing You'll See Today,1
New Research Links economic inequality to improved sleep quality in Large Population Study — What It Means for You,0
The African Union Approves New tax legislation Aimed at reduce emissions,0
Market retreats as Investors React to the international conference,0
This Video Will Make You Rethink Everything About medicine,1
Is the government Ruining Your Life? 9 Warning Signs,1
Only 13% of People Can Pass This Quiz,1
A Local Teacher Just Broke the Internet With This heartwarming Confession,1
Nobody Told You This About finances Until Now,1
You May Be Surprised to Learn What Your Favorite Star Did Next,1
Analysis: How the policy deadline Could Reshape tech regulation Policy,0
100 Shocking Secrets your brain Doesn't Want You to Know,1
The FDA Approves New cybersecurity regulation Aimed at reduce emissions,0
Phoenix Launches New affordable housing Program for Residents,0
You Won't Believe What This Doctor Did Next!,1
Boeing Reports a modest 1.5% drop Revenue in Q4 2023 Earnings,0
Analysis: How the summit Could Reshape economic policy Policy — What It Means for You,0
10 Things You're Doing Wrong Every Day,1
What Happened Next Will Leave You Speechless,1
Nobody Told You This About sleep Until Now,1
You May Be Surprised to Learn What A Billionaire Did Next,1
The Prime Minister Meets with G7 partners to Discuss human rights,0
Apple Announces Partnership with The Federal Reserve on boost economic growth,0
The Internet Is Losing Its Mind Over This outrageous life,1
The sleep Hack That Has Experts Divided,1
Scientists Are Baffled by This heartwarming Discovery,1
The Truth About your commute Finally Revealed,1
You May Be Surprised to Learn What An AI Chatbot Did Next,1
You Won't Believe What A Scientist Did Next!,1
Officials Warn of rising inflation as the winter season Approaches,0
Scientists Discover an ancient fossil That Could significantly lower costs,0
100 Things You're Doing Wrong Every Day,1
This Is the Most insane Thing You'll See Today,1
This Is the Most mind-blowing Thing You'll See Today,1
Here's Why Everyone Is Talking About sleep,1
Tesla Reports record highs Revenue in Q3 2024 Earnings — What It Means for You,0
This Video Will Make You Rethink Everything About your diet,1
This Video Will Make You Rethink Everything About history,1
Boeing Reports strong recovery Revenue in Q4 2023 Earnings,0
The Secretary of State Meets with foreign ministers to Discuss human rights,0
The African Union Releases Annual Global Risk Report,0
The President Meets with trade officials to Discuss trade,0
You Won't Believe What A Local Teacher Did Next!,1
The sleep Hack That Has Experts Divided,1
UNICEF Approves New social security reform Aimed at boost economic growth,0
You Won't Believe What A Fitness Guru Did Next!,1
This One Weird Trick Will Change Your morning routine Forever,1
Pfizer Reports record highs Revenue in Q3 2024 Earnings,0
The Internet Is Losing Its Mind Over This unexpected life,1
We Asked 30 Experts About social media — This Is What They Said,1
China Passes Legislation on education bill After Months of Debate — What It Means for You,0
This One Weird Trick Will Change Your career Forever,1
The IMF Approves New data privacy law Aimed at reduce emissions,0
21 Things You're Doing Wrong Every Day,1
Nobody Told You This About relationships Until Now,1
100 Things You're Doing Wrong Every Day,1
Market steadies as Investors React to the election,0
New Research Links social factors to increased risk in Large Population Study — What It Means for You,0
This Video Will Make You Rethink Everything About your diet,1
This Is the Most disturbing Thing You'll See Today,1
Market drops sharply as Investors React to the summit,0
The Truth About social media Finally Revealed,1
Only 7% of People Can Pass This Quiz,1
The relationships Hack That Has Experts Divided,1
A Scientist Just Broke the Internet With This unexpected Confession,1
This Video Will Make You Rethink Everything About history,1
Is history Ruining Your Life? 10 Warning Signs,1
hilarious Photos That Prove your brain Is Real,1
We Tried intermittent fasting for 30 Days — Here's What Happened,1
The Internet Is Losing Its Mind Over This controversial relationships,1
This Is the Most emotional Thing You'll See Today,1
9 Shocking Secrets history Doesn't Want You to Know,1
Nobody Told You This About wardrobe Until Now,1
The Internet Is Losing Its Mind Over This hilarious sleep,1
Nobody Told You This About health Until Now,1
Is medicine Ruining Your Life? 30 Warning Signs,1
We Asked 9 Experts About science — This Is What They Said,1
Officials Warn of currency volatility as the election Approaches — What It Means for You,0
Officials Warn of severe weather as the policy deadline Approaches,0
This One Weird Trick Will Change Your career Forever,1
We Asked 10 Experts About the housing market — This Is What They Said,1
This One Weird Trick Will Change Your diet Forever,1
NASA Releases Annual Education Progress Report,0
This One Weird Trick Will Change Your skin Forever,1
This Is the Most bizarre Thing You'll See Today,1
You Won't Believe What A Former Employee Did Next!,1
Your Favorite Star Just Broke the Internet With This unbelievable Confession,1
30 Things You're Doing Wrong Every Day,1
Pfizer Reports record highs Revenue in Q4 2022 Earnings,0
The Internet Is Losing Its Mind Over This outrageous mindset,1
This One Weird Trick Will Change Your sleep Forever,1
New Research Links air quality to greater longevity in Large Population Study,0
Scientists Discover a novel protein That Could transform treatment options,0
Apple Announces Partnership with The EU on reduce emissions — What It Means for You,0
Scientists Discover a novel protein That Could reduce recovery time,0
Here's Why Everyone Is Talking About sleep,1
You Won't Believe What This Doctor Did Next!,1
The CEO Meets with foreign ministers to Discuss security,0
Scientists Are Baffled by This controversial Discovery,1
The Internet Is Losing Its Mind Over This controversial finances,1
Nobody Told You This About relationships Until Now,1
The productivity Hack That Has Experts Divided,1
Microsoft Reports steady growth Revenue in Q2 2024 Earnings,0
We Tried journaling for 30 Days — Here's What Happened,1
New York Launches New youth development Program for Residents,0
A Billionaire Just Broke the Internet With This bizarre Confession,1
The Supreme Court Approves New cybersecurity regulation Aimed at improve public health,0
10 Shocking Secrets your boss Doesn't Want You to Know,1
Scientists Discover a neural pathway That Could accelerate drug development,0
Officials Warn of cyber threats as the quarterly review Approaches — What It Means for You,0
A Billionaire Just Broke the Internet With This unexpected Confession,1
Officials Warn of rising inflation as the summit Approaches — What It Means for You,0
Nobody Told You This About productivity Until Now,1
The health Hack That Has Experts Divided,1
This Is the Most disturbing Thing You'll See Today,1
This Video Will Make You Rethink Everything About history,1
The OECD Releases Annual Gender Equality Report,0
New Research Links economic inequality to better cognitive performance in Large Population Study,0
The CEO Meets with NATO representatives to Discuss human rights,0
The FDA Releases Annual Cybersecurity Report,0
21 Shocking Secrets medicine Doesn't Want You to Know,1
Los Angeles Launches New community safety Program for Residents — What It Means for You,0
Market steadies as Investors React to the trade negotiations — What It Means for You,0
This Video Will Make You Rethink Everything About your body,1
This Video Will Make You Rethink Everything About your brain,1
Scientists Discover a genetic marker That Could open new avenues for research,0
The President Meets with NATO representatives to Discuss bilateral relations,0
13 Shocking Secrets social media Doesn't Want You to Know,1
This Video Will Make You Rethink Everything About the government,1
New Research Links social factors to higher stress levels in Large Population Study,0
New Research Links air quality to better cognitive performance in Large Population Study — What It Means for You,0
Is social media Ruining Your Life? 21 Warning Signs,1
Market slides lower as Investors React to the summit,0
3 Shocking Secrets history Doesn't Want You to Know,1
Only 7% of People Can Pass This Quiz,1
The diet Hack That Has Experts Divided,1
This One Weird Trick Will Change Your diet Forever,1
This Is the Most stunning Thing You'll See Today,1
You Won't Believe What A Scientist Did Next!,1
30 Things You're Doing Wrong Every Day,1
Officials Warn of public health risks as the winter season Approaches,0
This Video Will Make You Rethink Everything About your diet,1
Tesla Reports unexpected stability Revenue in Q4 2023 Earnings — What It Means for You,0
Only 7% of People Can Pass This Quiz,1
A Random Stranger Just Broke the Internet With This viral Confession,1
Only 10% of People Can Pass This Quiz,1
Boeing Announces Partnership with The WHO on expand access to education,0
Officials Warn of public health risks as the quarterly review Approaches,0
What Happened Next Will Leave You Speechless,1
Nobody Told You This About skin Until Now,1
New Research Links environmental exposure to increased risk in Large Population Study — What It Means for You,0
South Korea Reports flat growth in exports for Q3 2024,0
This Is the Most jaw-dropping Thing You'll See Today,1
A Local Teacher Just Broke the Internet With This stunning Confession,1
Google Announces Partnership with The Federal Reserve on expand access to education,0
Scientists Discover a novel protein That Could open new avenues for research,0
This A Billionaire Just Revealed Something Nobody Expected,1
What Happened Next Will Leave You Speechless,1
This One Weird Trick Will Change Your diet Forever,1
The WHO Releases Annual Education Progress Report,0
The Supreme Court Calls for International Cooperation on tech regulation,0
3 Shocking Secrets the media Doesn't Want You to Know,1
The Truth About social media Finally Revealed,1
Is your brain Ruining Your Life? 7 Warning Signs,1
We Tried journaling for 30 Days — Here's What Happened,1
Chevron Announces Partnership with Congress on boost economic growth,0
The skin Hack That Has Experts Divided,1
5 Shocking Secrets caffeine Doesn't Want You to Know,1
We Asked 9 Experts About this app — This Is What They Said,1
13 Things You're Doing Wrong Every Day,1
This Is the Most jaw-dropping Thing You'll See Today,1
The Secretary of State Meets with NATO representatives to Discuss human rights,0
Officials Warn of energy shortages as the international conference Approaches,0
Here's Why Everyone Is Talking About relationships,1
The Mayor Meets with G7 partners to Discuss bilateral relations,0
New York Launches New digital literacy Program for Residents,0
This Is the Most controversial Thing You'll See Today,1
Is social media Ruining Your Life? 30 Warning Signs,1
Seattle Launches New mental health Program for Residents,0
The African Union Calls for International Cooperation on climate change,0
15 Things You're Doing Wrong Every Day,1
A Random Stranger Just Broke the Internet With This mind-blowing Confession,1
Market slides lower as Investors React to the trade negotiations,0
You Won't Believe What This Politician Did Next!,1
The Truth About medicine Finally Revealed,1
Google Announces Partnership with NASA on reduce emissions — What It Means for You,0
This A Former Employee Just Revealed Something Nobody Expected,1
This Is the Most unexpected Thing You'll See Today,1
We Asked 30 Experts About caffeine — This Is What They Said,1
Analysis: How the international conference Could Reshape trade Policy,0
Market surges as Investors React to the winter season — What It Means for You,0
Is your body Ruining Your Life? 10 Warning Signs,1
25 Things You're Doing Wrong Every Day,1
What Happened Next Will Leave You Speechless,1
We Tried meditation for 30 Days — Here's What Happened,1
100 Shocking Secrets your brain Doesn't Want You to Know,1
Only 7% of People Can Pass This Quiz,1
The Truth About your boss Finally Revealed,1
We Tried this diet for 30 Days — Here's What Happened,1
Officials Warn of geopolitical tensions as the fiscal year end Approaches — What It Means for You,0
Only 7% of People Can Pass This Quiz,1
This Politician Just Broke the Internet With This heartwarming Confession,1
unbelievable Photos That Prove your body Is Real,1
We Tried this diet for 30 Days — Here's What Happened,1
Study Finds improved sleep quality Linked to genetic predisposition,0
25 Shocking Secrets social media Doesn't Want You to Know,1
3 Shocking Secrets social media Doesn't Want You to Know,1
Nobody Told You This About morning routine Until Now,1
Here's Why Everyone Is Talking About career,1
We Asked 21 Experts About your boss — This Is What They Said,1
Here's Why Everyone Is Talking About sleep,1
15 Things You're Doing Wrong Every Day,1
Nobody Told You This About finances Until Now,1
Only 25% of People Can Pass This Quiz,1
We Tried this diet for 30 Days — Here's What Happened,1
Scientists Are Baffled by This unbelievable Discovery,1
Only 9% of People Can Pass This Quiz,1
disturbing Photos That Prove history Is Real,1
What Happened Next Will Leave You Speechless,1
The UN Approves New trade agreement Aimed at expand access to education,0
New Research Links social factors to improved sleep quality in Large Population Study — What It Means for You,0
You Won't Believe What This Doctor Did Next!,1
15 Shocking Secrets the media Doesn't Want You to Know,1
What Happened Next Will Leave You Speechless,1
A Famous Chef Just Broke the Internet With This insane Confession,1
The Truth About history Finally Revealed,1
We Asked 9 Experts About history — This Is What They Said,1
The Director Meets with NATO representatives to Discuss bilateral relations,0
Analysis: How the fiscal year end Could Reshape climate change Policy,0
The Truth About your boss Finally Revealed,1
What Happened Next Will Leave You Speechless,1
Is your diet Ruining Your Life? 10 Warning Signs,1
This A Famous Chef Just Revealed Something Nobody Expected,1
A Random Stranger Just Broke the Internet With This bizarre Confession,1
UNICEF Releases Annual Economic Outlook Report,0
This A Billionaire Just Revealed Something Nobody Expected,1
You May Be Surprised to Learn What A Former Employee Did Next,1
Amazon Announces Partnership with UNICEF on cut deficit spending,0
We Asked 100 Experts About social media — This Is What They Said,1
Only 21% of People Can Pass This Quiz,1
10 Things You're Doing Wrong Every Day,1
The productivity Hack That Has Experts Divided,1
This A Fitness Guru Just Revealed Something Nobody Expected,1
The Director Meets with NATO representatives to Discuss trade,0
Is the government Ruining Your Life? 7 Warning Signs,1
Nobody Told You This About health Until Now,1
Analysis: How the summit Could Reshape bilateral relations Policy — What It Means for You,0
This Video Will Make You Rethink Everything About caffeine,1
Seattle Launches New mental health Program for Residents,0
Study Finds greater longevity Linked to diet and lifestyle,0
The Federal Reserve Approves New data privacy law Aimed at improve public health,0
The Truth About social media Finally Revealed,1
The Truth About history Finally Revealed,1
A Former Employee Just Broke the Internet With This stunning Confession,1
Scientists Are Baffled by This jaw-dropping Discovery,1
The UN Calls for International Cooperation on climate change,0
Analysis: How the trade negotiations Could Reshape migration Policy,0
This An AI Chatbot Just Revealed Something Nobody Expected,1
We Asked 10 Experts About the housing market — This Is What They Said,1
We Asked 9 Experts About your boss — This Is What They Said,1
What Happened Next Will Leave You Speechless,1
This Doctor Just Broke the Internet With This jaw-dropping Confession,1
This Video Will Make You Rethink Everything About the media,1
This One Weird Trick Will Change Your relationships Forever,1
This Video Will Make You Rethink Everything About your brain,1
We Tried cold showers for 30 Days — Here's What Happened,1
This Is the Most stunning Thing You'll See Today,1
This One Weird Trick Will Change Your wardrobe Forever,1
This Video Will Make You Rethink Everything About caffeine,1
Only 17% of People Can Pass This Quiz,1
Here's Why Everyone Is Talking About diet,1
Scientists Are Baffled by This hilarious Discovery,1
Mexico Reports record highs in trade deficit for Q3 2023,0
Amazon Announces Partnership with The UN on improve public health,0
What Happened Next Will Leave You Speechless,1
Here's Why Everyone Is Talking About morning routine,1
The skin Hack That Has Experts Divided,1
The mindset Hack That Has Experts Divided,1
The Supreme Court Releases Annual Financial Stability Report,0
Scientists Are Baffled by This emotional Discovery,1
Here's Why Everyone Is Talking About sleep,1
A Random Stranger Just Broke the Internet With This disturbing Confession,1
Study Finds improved sleep quality Linked to air quality,0
This One Weird Trick Will Change Your career Forever,1
Your Favorite Star Just Broke the Internet With This heartwarming Confession,1
The Internet Is Losing Its Mind Over This viral productivity,1
13 Shocking Secrets your body Doesn't Want You to Know,1
New Research Links access to healthcare to higher stress levels in Large Population Study,0
This Is the Most disturbing Thing You'll See Today,1
Tesla Announces Partnership with The Federal Reserve on strengthen national security,0
Mexico Reports strong recovery in exports for Q3 2023 — What It Means for You,0
We Tried this diet for 30 Days — Here's What Happened,1
Nobody Told You This About wardrobe Until Now,1
unexpected Photos That Prove your commute Is Real,1
Nobody Told You This About mindset Until Now,1
We Asked 100 Experts About social media — This Is What They Said,1
3 Shocking Secrets science Doesn't Want You to Know,1
New Research Links sedentary behaviour to increased risk in Large Population Study,0
We Tried intermittent fasting for 30 Days — Here's What Happened,1
We Asked 25 Experts About the government — This Is What They Said,1
What Happened Next Will Leave You Speechless,1
You May Be Surprised to Learn What A Famous Chef Did Next,1
Here's Why Everyone Is Talking About relationships,1
Scientists Are Baffled by This stunning Discovery,1
This One Weird Trick Will Change Your relationships Forever,1
This Video Will Make You Rethink Everything About your brain,1
Here's Why Everyone Is Talking About skin,1
You Won't Believe What A Local Teacher Did Next!,1
Nobody Told You This About health Until Now,1
UNICEF Approves New climate policy Aimed at strengthen national security,0
The Mayor Meets with trade officials to Discuss security,0
Your Favorite Star Just Broke the Internet With This outrageous Confession,1
7 Shocking Secrets your brain Doesn't Want You to Know,1
Nobody Told You This About sleep Until Now,1
Nobody Told You This About finances Until Now,1
This A Billionaire Just Revealed Something Nobody Expected,1
7 Shocking Secrets science Doesn't Want You to Know,1
Analysis: How the winter season Could Reshape migration Policy,0
Scientists Discover an enzyme variant That Could enable new therapies,0
Germany Reports strong recovery in housing starts for Q3 2024,0
New Research Links access to healthcare to higher stress levels in Large Population Study,0
Is medicine Ruining Your Life? 10 Warning Signs,1
Congress Calls for International Cooperation on trade,0
The Internet Is Losing Its Mind Over This viral relationships,1
This A Fitness Guru Just Revealed Something Nobody Expected,1
India Passes Legislation on tax legislation After Months of Debate,0
Philadelphia Launches New community safety Program for Residents,0
disturbing Photos That Prove caffeine Is Real,1
Boston Launches New digital literacy Program for Residents,0
What Happened Next Will Leave You Speechless,1
This Is the Most jaw-dropping Thing You'll See Today,1
Scientists Are Baffled by This stunning Discovery,1
This Video Will Make You Rethink Everything About medicine,1
China Passes Legislation on climate policy After Months of Debate,0
Is science Ruining Your Life? 3 Warning Signs,1
We Tried yoga for 30 Days — Here's What Happened,1
We Tried this app for 30 Days — Here's What Happened,1
The Federal Reserve Releases Annual Climate Action Report — What It Means for You,0
What Happened Next Will Leave You Speechless,1
The Internet Is Losing Its Mind Over This viral relationships,1
Is the media Ruining Your Life? 5 Warning Signs,1
South Korea Passes Legislation on trade agreement After Months of Debate,0
Phoenix Launches New job training Program for Residents,0
Seattle Launches New affordable housing Program for Residents,0
Analysis: How the quarterly review Could Reshape trade Policy,0
New Research Links air quality to improved sleep quality in Large Population Study — What It Means for You,0
Scientists Are Baffled by This emotional Discovery,1
10 Shocking Secrets medicine Doesn't Want You to Know,1
This One Weird Trick Will Change Your career Forever,1
You Won't Believe What This Doctor Did Next!,1
Philadelphia Launches New youth development Program for Residents — What It Means for You,0
Here's Why Everyone Is Talking About productivity,1
Analysis: How the international conference Could Reshape tech regulation Policy,0
3 Things You're Doing Wrong Every Day,1
This A Billionaire Just Revealed Something Nobody Expected,1
We Tried cold showers for 30 Days — Here's What Happened,1
The Supreme Court Approves New data privacy law Aimed at expand access to education,0
We Tried this diet for 30 Days — Here's What Happened,1
Here's Why Everyone Is Talking About life,1
Meta Announces Partnership with UNICEF on reduce emissions,0
This Video Will Make You Rethink Everything About your body,1
This A Former Employee Just Revealed Something Nobody Expected,1
Is your diet Ruining Your Life? 5 Warning Signs,1
Scientists Are Baffled by This outrageous Discovery,1
Here's Why Everyone Is Talking About life,1
Here's Why Everyone Is Talking About career,1
Australia Reports unexpected stability in housing starts for Q1 2023,0
Officials Warn of geopolitical tensions as the winter season Approaches,0
We Tried this technique for 30 Days — Here's What Happened,1
The Truth About the government Finally Revealed,1
NASA Releases Annual Financial Stability Report,0
This Video Will Make You Rethink Everything About your brain,1
The Truth About the media Finally Revealed,1
This Video Will Make You Rethink Everything About this app,1
New Research Links air quality to increased risk in Large Population Study,0
This Is the Most insane Thing You'll See Today,1
We Tried journaling for 30 Days — Here's What Happened,1
Apple Announces Partnership with The WHO on reduce emissions,0
France Passes Legislation on education bill After Months of Debate,0
Is this app Ruining Your Life? 17 Warning Signs,1
25 Things You're Doing Wrong Every Day,1
Scientists Are Baffled by This hilarious Discovery,1
The Prime Minister Meets with trade officials to Discuss bilateral relations,0
25 Shocking Secrets your brain Doesn't Want You to Know,1
San Antonio Launches New youth development Program for Residents,0
insane Photos That Prove social media Is Real,1
The Truth About history Finally Revealed,1
Goldman Sachs Announces Partnership with The African Union on strengthen national security,0
The Chancellor Meets with trade officials to Discuss migration,0
A Billionaire Just Broke the Internet With This insane Confession,1
This A Fitness Guru Just Revealed Something Nobody Expected,1
Only 7% of People Can Pass This Quiz,1
Tesla Announces Partnership with The African Union on improve public health — What It Means for You,0
The FDA Releases Annual Climate Action Report,0
Scientists Are Baffled by This disturbing Discovery,1
insane Photos That Prove caffeine Is Real,1
We Asked 25 Experts About the housing market — This Is What They Said,1
The Truth About this app Finally Revealed,1
The Internet Is Losing Its Mind Over This controversial diet,1
Officials Warn of currency volatility as the quarterly review Approaches,0
Nobody Told You This About mindset Until Now,1
Only 3% of People Can Pass This Quiz,1
10 Things You're Doing Wrong Every Day,1
This Video Will Make You Rethink Everything About your commute,1
Study Finds reduced recovery time Linked to access to healthcare,0
100 Things You're Doing Wrong Every Day,1
Chevron Reports a significant decline Revenue in Q2 2024 Earnings,0
We Asked 100 Experts About science — This Is What They Said,1
This One Weird Trick Will Change Your mindset Forever,1
Here's Why Everyone Is Talking About wardrobe,1
3 Shocking Secrets this app Doesn't Want You to Know,1
5 Shocking Secrets history Doesn't Want You to Know,1
A Random Stranger Just Broke the Internet With This emotional Confession,1
The EU Approves New healthcare reform Aimed at improve public health,0
Scientists Are Baffled by This mind-blowing Discovery,1
Nobody Told You This About health Until Now,1
The Truth About caffeine Finally Revealed,1
The Chancellor Meets with G7 partners to Discuss migration,0
Is science Ruining Your Life? 9 Warning Signs,1
The Federal Reserve Calls for International Cooperation on migration,0
We Asked 3 Experts About your body — This Is What They Said,1
Scientists Are Baffled by This controversial Discovery,1
What Happened Next Will Leave You Speechless,1
Nobody Told You This About finances Until Now,1
The Internet Is Losing Its Mind Over This hilarious diet,1
Only 5% of People Can Pass This Quiz,1
The Truth About caffeine Finally Revealed,1
heartwarming Photos That Prove your commute Is Real,1
10 Things You're Doing Wrong Every Day,1
Your Favorite Star Just Broke the Internet With This jaw-dropping Confession,1
Market fluctuates as Investors React to the international conference,0
Goldman Sachs Reports a 3.2% increase Revenue in Q3 2023 Earnings,0
A Local Teacher Just Broke the Internet With This hilarious Confession,1
We Asked 13 Experts About your diet — This Is What They Said,1
We Asked 13 Experts About this app — This Is What They Said,1
Denver Launches New early childhood education Program for Residents,0
This Video Will Make You Rethink Everything About the media,1
Scientists Discover an ancient fossil That Could enable new therapies,0
Nobody Told You This About morning routine Until Now,1
New Research Links social factors to better cognitive performance in Large Population Study,0
15 Things You're Doing Wrong Every Day,1
Here's Why Everyone Is Talking About life,1
This This Celebrity Just Revealed Something Nobody Expected,1
You Won't Believe What Your Favorite Star Did Next!,1
Nobody Told You This About finances Until Now,1
Nobody Told You This About wardrobe Until Now,1
France Passes Legislation on data privacy law After Months of Debate,0
Mexico Reports a modest 1.5% drop in exports for Q1 2023,0
13 Things You're Doing Wrong Every Day,1
insane Photos That Prove the government Is Real,1
Is your diet Ruining Your Life? 3 Warning Signs,1
emotional Photos That Prove your body Is Real,1
We Asked 21 Experts About caffeine — This Is What They Said,1
Scientists Are Baffled by This unbelievable Discovery,1
Officials Warn of supply chain disruptions as the summit Approaches,0
The Mayor Meets with trade officials to Discuss migration,0
A Billionaire Just Broke the Internet With This terrifying Confession,1
The Internet Is Losing Its Mind Over This jaw-dropping wardrobe,1
This One Weird Trick Will Change Your skin Forever,1
Chevron Reports record highs Revenue in Q2 2024 Earnings — What It Means for You,0
Officials Warn of supply chain disruptions as the international conference Approaches,0
This Video Will Make You Rethink Everything About your boss,1
You Won't Believe What An AI Chatbot Did Next!,1
Scientists Are Baffled by This heartwarming Discovery,1
Meta Reports a significant decline Revenue in Q4 2022 Earnings,0
This One Weird Trick Will Change Your life Forever,1
The Internet Is Losing Its Mind Over This bizarre productivity,1
Is your brain Ruining Your Life? 5 Warning Signs,1
The United States Reports unexpected stability in housing starts for Q1 2024 — What It Means for You,0
Here's Why Everyone Is Talking About health,1
This Is the Most controversial Thing You'll See Today,1
Only 100% of People Can Pass This Quiz,1
The career Hack That Has Experts Divided,1
Here's Why Everyone Is Talking About career,1
Analysis: How the election Could Reshape tech regulation Policy,0
Only 13% of People Can Pass This Quiz,1
You Won't Believe What This Politician Did Next!,1
13 Things You're Doing Wrong Every Day,1
7 Things You're Doing Wrong Every Day,1
15 Things You're Doing Wrong Every Day,1
New Research Links sedentary behaviour to reduced recovery time in Large Population Study,0
Scientists Are Baffled by This bizarre Discovery,1
The productivity Hack That Has Experts Divided,1
Officials Warn of severe weather as the winter season Approaches — What It Means for You,0
New Research Links environmental exposure to higher stress levels in Large Population Study,0
Amazon Reports steady growth Revenue in Q3 2024 Earnings,0
You Won't Believe What This Celebrity Did Next!,1
The Truth About science Finally Revealed,1
We Tried this device for 30 Days — Here's What Happened,1
Nobody Told You This About life Until Now,1
The WHO Releases Annual Healthcare Access Report,0
San Antonio Launches New digital literacy Program for Residents,0
This Is the Most disturbing Thing You'll See Today,1
A Fitness Guru Just Broke the Internet With This unbelievable Confession,1
This Is the Most heartwarming Thing You'll See Today,1
This This Politician Just Revealed Something Nobody Expected,1
This Video Will Make You Rethink Everything About your brain,1
Only 100% of People Can Pass This Quiz,1
This One Weird Trick Will Change Your wardrobe Forever,1
Italy Reports strong recovery in energy consumption for Q1 2023,0
We Tried intermittent fasting for 30 Days — Here's What Happened,1
Canada Passes Legislation on healthcare reform After Months of Debate,0
Australia Passes Legislation on trade agreement After Months of Debate,0
This Is the Most hilarious Thing You'll See Today,1
The Federal Reserve Calls for International Cooperation on migration,0
This A Billionaire Just Revealed Something Nobody Expected,1
The wardrobe Hack That Has Experts Divided,1
The Secretary of State Meets with G7 partners to Discuss bilateral relations,0
The wardrobe Hack That Has Experts Divided,1
The relationships Hack That Has Experts Divided,1
The OECD Releases Annual Gender Equality Report,0
We Tried this diet for 30 Days — Here's What Happened,1
Seattle Launches New mental health Program for Residents,0
JPMorgan Announces Partnership with The IMF on cut deficit spending,0
This One Weird Trick Will Change Your sleep Forever,1
The Truth About your diet Finally Revealed,1
Here's Why Everyone Is Talking About skin,1
This Is the Most hilarious Thing You'll See Today,1
Analysis: How the election Could Reshape bilateral relations Policy,0
The Truth About this app Finally Revealed,1
Analysis: How the election Could Reshape climate change Policy — What It Means for You,0
JPMorgan Reports record highs Revenue in Q4 2023 Earnings,0
UNICEF Releases Annual Cybersecurity Report,0
New Research Links social factors to improved sleep quality in Large Population Study — What It Means for You,0
Japan Passes Legislation on climate policy After Months of Debate,0
The mindset Hack That Has Experts Divided,1
Phoenix Launches New youth development Program for Residents — What It Means for You,0
30 Shocking Secrets the housing market Doesn't Want You to Know,1
What Happened Next Will Leave You Speechless,1
San Antonio Launches New community safety Program for Residents — What It Means for You,0
The productivity Hack That Has Experts Divided,1
We Asked 25 Experts About science — This Is What They Said,1
The Truth About social media Finally Revealed,1
We Tried intermittent fasting for 30 Days — Here's What Happened,1
Is your brain Ruining Your Life? 10 Warning Signs,1
You May Be Surprised to Learn What Your Favorite Star Did Next,1
Market steadies as Investors React to the fiscal year end,0
Seattle Launches New affordable housing Program for Residents,0
Scientists Are Baffled by This terrifying Discovery,1
The Truth About the housing market Finally Revealed,1
Is social media Ruining Your Life? 100 Warning Signs,1
The relationships Hack That Has Experts Divided,1
Scientists Discover a novel protein That Could open new avenues for research,0
jaw-dropping Photos That Prove caffeine Is Real,1
We Asked 3 Experts About the media — This Is What They Said,1
Meta Reports unexpected stability Revenue in Q3 2023 Earnings,0
17 Shocking Secrets your diet Doesn't Want You to Know,1
This One Weird Trick Will Change Your productivity Forever,1
The Truth About the housing market Finally Revealed,1
This One Weird Trick Will Change Your relationships Forever,1
Germany Reports record highs in energy consumption for Q3 2023,0
Only 3% of People Can Pass This Quiz,1
This Video Will Make You Rethink Everything About your diet,1
Is this app Ruining Your Life? 30 Warning Signs,1
Is social media Ruining Your Life? 5 Warning Signs,1
We Asked 30 Experts About the housing market — This Is What They Said,1
The Truth About the housing market Finally Revealed,1
Japan Reports steady growth in energy consumption for Q1 2023 — What It Means for You,0
Officials Warn of cyber threats as the summit Approaches,0
This One Weird Trick Will Change Your wardrobe Forever,1
The morning routine Hack That Has Experts Divided,1
3 Shocking Secrets your diet Doesn't Want You to Know,1
The Truth About your body Finally Revealed,1
The Truth About the government Finally Revealed,1
Market slides lower as Investors React to the summit,0
Is this app Ruining Your Life? 21 Warning Signs,1
You Won't Believe What A Former Employee Did Next!,1
This Video Will Make You Rethink Everything About the housing market,1
You May Be Surprised to Learn What A Scientist Did Next,1
Only 100% of People Can Pass This Quiz,1
unexpected Photos That Prove science Is Real,1
The Truth About medicine Finally Revealed,1
You Won't Believe What Your Favorite Star Did Next!,1
We Tried journaling for 30 Days — Here's What Happened,1
13 Shocking Secrets the housing market Doesn't Want You to Know,1
What Happened Next Will Leave You Speechless,1
The Supreme Court Releases Annual Global Risk Report,0
We Tried yoga for 30 Days — Here's What Happened,1
You May Be Surprised to Learn What This Doctor Did Next,1
controversial Photos That Prove your diet Is Real,1
10 Things You're Doing Wrong Every Day,1
A Former Employee Just Broke the Internet With This terrifying Confession,1
The Federal Reserve Approves New social security reform Aimed at cut deficit spending,0
France Reports a significant decline in energy consumption for Q2 2024,0
This This Celebrity Just Revealed Something Nobody Expected,1
We Tried intermittent fasting for 30 Days — Here's What Happened,1
This One Weird Trick Will Change Your finances Forever,1
30 Things You're Doing Wrong Every Day,1
You Won't Believe What A Famous Chef Did Next!,1
Phoenix Launches New youth development Program for Residents — What It Means for You,0
The morning routine Hack That Has Experts Divided,1
Analysis: How the fiscal year end Could Reshape human rights Policy,0
13 Things You're Doing Wrong Every Day,1
Goldman Sachs Announces Partnership with The WHO on boost economic growth — What It Means for You,0
21 Things You're Doing Wrong Every Day,1
15 Things You're Doing Wrong Every Day,1
What Happened Next Will Leave You Speechless,1
You Won't Believe What A Random Stranger Did Next!,1
Is caffeine Ruining Your Life? 3 Warning Signs,1
New Research Links air quality to lower rates of chronic disease in Large Population Study,0
The Truth About medicine Finally Revealed,1
What Happened Next Will Leave You Speechless,1
This Video Will Make You Rethink Everything About your brain,1
The FDA Approves New trade agreement Aimed at boost economic growth,0
Officials Warn of severe weather as the policy deadline Approaches — What It Means for You,0
This Is the Most controversial Thing You'll See Today,1
What Happened Next Will Leave You Speechless,1
The World Bank Calls for International Cooperation on trade — What It Means for You,0
21 Things You're Doing Wrong Every Day,1
Is science Ruining Your Life? 15 Warning Signs,1
We Asked 30 Experts About this app — This Is What They Said,1
Here's Why Everyone Is Talking About career,1
You Won't Believe What A Fitness Guru Did Next!,1
Only 7% of People Can Pass This Quiz,1
Is the government Ruining Your Life? 5 Warning Signs,1
You Won't Believe What A Scientist Did Next!,1
This This Celebrity Just Revealed Something Nobody Expected,1
Market edges higher as Investors React to the policy deadline — What It Means for You,0
We Tried this technique for 30 Days — Here's What Happened,1
Here's Why Everyone Is Talking About finances,1
You Won't Believe What A Former Employee Did Next!,1
JPMorgan Reports flat growth Revenue in Q4 2023 Earnings,0
disturbing Photos That Prove social media Is Real,1
outrageous Photos That Prove science Is Real,1
Analysis: How the trade negotiations Could Reshape human rights Policy,0
We Asked 15 Experts About social media — This Is What They Said,1
You Won't Believe What A Billionaire Did Next!,1
The Secretary of State Meets with world leaders to Discuss climate change,0
Is the media Ruining Your Life? 9 Warning Signs,1
Brazil Passes Legislation on cybersecurity regulation After Months of Debate,0
Officials Warn of rising inflation as the summit Approaches,0
9 Things You're Doing Wrong Every Day,1
Scientists Are Baffled by This emotional Discovery,1
Officials Warn of supply chain disruptions as the fiscal year end Approaches — What It Means for You,0
Is your brain Ruining Your Life? 5 Warning Signs,1
The Internet Is Losing Its Mind Over This insane morning routine,1
Only 15% of People Can Pass This Quiz,1
The Truth About your commute Finally Revealed,1
The Internet Is Losing Its Mind Over This emotional mindset,1
Here's Why Everyone Is Talking About finances,1
An AI Chatbot Just Broke the Internet With This mind-blowing Confession,1
17 Things You're Doing Wrong Every Day,1
We Tried this workout for 30 Days — Here's What Happened,1
The Internet Is Losing Its Mind Over This unbelievable wardrobe,1
Scientists Discover a genetic marker That Could open new avenues for research,0
Is medicine Ruining Your Life? 30 Warning Signs,1
This Is the Most viral Thing You'll See Today,1
This A Billionaire Just Revealed Something Nobody Expected,1
This A Scientist Just Revealed Something Nobody Expected,1
An AI Chatbot Just Broke the Internet With This stunning Confession,1
The WHO Calls for International Cooperation on economic policy,0
This This Politician Just Revealed Something Nobody Expected,1
The Truth About your diet Finally Revealed,1
Scientists Discover a gravitational anomaly That Could open new avenues for research,0
South Korea Reports steady growth in healthcare spending for Q4 2022,0
A Random Stranger Just Broke the Internet With This insane Confession,1
insane Photos That Prove your commute Is Real,1
This Video Will Make You Rethink Everything About the housing market,1
100 Shocking Secrets the media Doesn't Want You to Know,1
15 Things You're Doing Wrong Every Day,1
The mindset Hack That Has Experts Divided,1
This Video Will Make You Rethink Everything About medicine,1
The Truth About medicine Finally Revealed,1
Nobody Told You This About productivity Until Now,1
This Video Will Make You Rethink Everything About caffeine,1
This One Weird Trick Will Change Your diet Forever,1
This Video Will Make You Rethink Everything About caffeine,1
The sleep Hack That Has Experts Divided,1
Los Angeles Launches New community safety Program for Residents,0
Here's Why Everyone Is Talking About skin,1
JPMorgan Reports strong recovery Revenue in Q3 2024 Earnings — What It Means for You,0
This Is the Most stunning Thing You'll See Today,1
We Tried this diet for 30 Days — Here's What Happened,1
Market retreats as Investors React to the summit,0
Officials Warn of energy shortages as the quarterly review Approaches — What It Means for You,0
This One Weird Trick Will Change Your finances Forever,1
Boeing Reports a 3.2% increase Revenue in Q3 2023 Earnings — What It Means for You,0
Is history Ruining Your Life? 3 Warning Signs,1
The Chancellor Meets with trade officials to Discuss human rights,0
You Won't Believe What A Billionaire Did Next!,1
Here's Why Everyone Is Talking About life,1
Only 15% of People Can Pass This Quiz,1
This Is the Most outrageous Thing You'll See Today,1
A Scientist Just Broke the Internet With This viral Confession,1
The morning routine Hack That Has Experts Divided,1
Apple Announces Partnership with The African Union on strengthen national security,0
terrifying Photos That Prove your brain Is Real,1
We Tried intermittent fasting for 30 Days — Here's What Happened,1
Scientists Are Baffled by This heartwarming Discovery,1
This One Weird Trick Will Change Your mindset Forever,1
The Truth About history Finally Revealed,1
15 Things You're Doing Wrong Every Day,1
Study Finds reduced recovery time Linked to environmental exposure,0
Is science Ruining Your Life? 3 Warning Signs,1
The Internet Is Losing Its Mind Over This heartwarming productivity,1
Italy Passes Legislation on cybersecurity regulation After Months of Debate,0
We Tried intermittent fasting for 30 Days — Here's What Happened,1
Philadelphia Launches New job training Program for Residents,0
This One Weird Trick Will Change Your career Forever,1
The Director Meets with the UN Secretary-General to Discuss security,0
Only 100% of People Can Pass This Quiz,1
New Research Links access to healthcare to improved sleep quality in Large Population Study,0
This An AI Chatbot Just Revealed Something Nobody Expected,1
Study Finds better cognitive performance Linked to diet and lifestyle,0
This One Weird Trick Will Change Your morning routine Forever,1
What Happened Next Will Leave You Speechless,1
We Asked 100 Experts About social media — This Is What They Said,1
Los Angeles Launches New community safety Program for Residents,0
The morning routine Hack That Has Experts Divided,1
This Video Will Make You Rethink Everything About the government,1
The productivity Hack That Has Experts Divided,1
The UN Releases Annual Financial Stability Report,0
This Video Will Make You Rethink Everything About medicine,1
Scientists Are Baffled by This insane Discovery,1
This A Fitness Guru Just Revealed Something Nobody Expected,1
Market steadies as Investors React to the policy deadline,0
San Antonio Launches New job training Program for Residents,0
You Won't Believe What An AI Chatbot Did Next!,1
Nobody Told You This About morning routine Until Now,1
The life Hack That Has Experts Divided,1
You Won't Believe What A Scientist Did Next!,1
A Local Teacher Just Broke the Internet With This emotional Confession,1
The Truth About your brain Finally Revealed,1
New Research Links air quality to reduced recovery time in Large Population Study,0
hilarious Photos That Prove history Is Real,1
We Tried this technique for 30 Days — Here's What Happened,1
New Research Links economic inequality to better cognitive performance in Large Population Study,0
You Won't Believe What An AI Chatbot Did Next!,1
Nobody Told You This About diet Until Now,1
This One Weird Trick Will Change Your morning routine Forever,1
This Video Will Make You Rethink Everything About this app,1
Goldman Sachs Reports strong recovery Revenue in Q4 2023 Earnings,0
13 Things You're Doing Wrong Every Day,1
Here's Why Everyone Is Talking About mindset,1
Is your body Ruining Your Life? 100 Warning Signs,1
This A Former Employee Just Revealed Something Nobody Expected,1
We Asked 30 Experts About your brain — This Is What They Said,1
This One Weird Trick Will Change Your skin Forever,1
Nobody Told You This About career Until Now,1
Market drops sharply as Investors React to the international conference,0
Only 3% of People Can Pass This Quiz,1
UNICEF Calls for International Cooperation on human rights,0
Boeing Reports record highs Revenue in Q4 2022 Earnings — What It Means for You,0
heartwarming Photos That Prove the government Is Real,1
Scientists Are Baffled by This viral Discovery,1
Only 100% of People Can Pass This Quiz,1
Nobody Told You This About mindset Until Now,1
unbelievable Photos That Prove the media Is Real,1
The Truth About your boss Finally Revealed,1
Nobody Told You This About diet Until Now,1
NASA Releases Annual Cybersecurity Report,0
Scientists Are Baffled by This heartwarming Discovery,1
The Internet Is Losing Its Mind Over This unbelievable wardrobe,1
The Governor Meets with the UN Secretary-General to Discuss climate change — What It Means for You,0
New Research Links environmental exposure to greater longevity in Large Population Study,0
5 Shocking Secrets your diet Doesn't Want You to Know,1
You Won't Believe What A Famous Chef Did Next!,1
What Happened Next Will Leave You Speechless,1
Scientists Are Baffled by This unbelievable Discovery,1
Nobody Told You This About productivity Until Now,1
17 Shocking Secrets your brain Doesn't Want You to Know,1
Is the media Ruining Your Life? 5 Warning Signs,1
5 Shocking Secrets your commute Doesn't Want You to Know,1
The Prime Minister Meets with the UN Secretary-General to Discuss migration,0
This Is the Most viral Thing You'll See Today,1
This Video Will Make You Rethink Everything About social media,1
This One Weird Trick Will Change Your health Forever,1
You Won't Believe What A Billionaire Did Next!,1
Is social media Ruining Your Life? 100 Warning Signs,1
bizarre Photos That Prove the media Is Real,1
Your Favorite Star Just Broke the Internet With This jaw-dropping Confession,1
Study Finds improved sleep quality Linked to diet and lifestyle,0
France Passes Legislation on climate policy After Months of Debate,0
This Is the Most mind-blowing Thing You'll See Today,1
The Internet Is Losing Its Mind Over This unbelievable life,1
The Internet Is Losing Its Mind Over This stunning skin,1
NASA Releases Annual Financial Stability Report,0
The Internet Is Losing Its Mind Over This jaw-dropping diet,1
We Tried journaling for 30 Days — Here's What Happened,1
terrifying Photos That Prove your brain Is Real,1
5 Shocking Secrets caffeine Doesn't Want You to Know,1
Only 3% of People Can Pass This Quiz,1
The Truth About your boss Finally Revealed,1
7 Shocking Secrets medicine Doesn't Want You to Know,1
What Happened Next Will Leave You Speechless,1
You Won't Believe What A Local Teacher Did Next!,1
Congress Approves New healthcare reform Aimed at cut deficit spending,0
This Is the Most disturbing Thing You'll See Today,1
This One Weird Trick Will Change Your morning routine Forever,1
Japan Reports steady growth in healthcare spending for Q2 2024,0
This One Weird Trick Will Change Your health Forever,1
Is your body Ruining Your Life? 21 Warning Signs,1
Only 15% of People Can Pass This Quiz,1
We Asked 25 Experts About your body — This Is What They Said,1
The skin Hack That Has Experts Divided,1
5 Things You're Doing Wrong Every Day,1
This An AI Chatbot Just Revealed Something Nobody Expected,1
Here's Why Everyone Is Talking About sleep,1
What Happened Next Will Leave You Speechless,1
3 Things You're Doing Wrong Every Day,1
You Won't Believe What An AI Chatbot Did Next!,1
This One Weird Trick Will Change Your diet Forever,1
Is this app Ruining Your Life? 13 Warning Signs,1
We Tried this supplement for 30 Days — Here's What Happened,1
This Video Will Make You Rethink Everything About your body,1
Google Announces Partnership with The African Union on cut deficit spending,0
The Internet Is Losing Its Mind Over This hilarious mindset,1
bizarre Photos That Prove the government Is Real,1
The EU Approves New cybersecurity regulation Aimed at expand access to education,0
Philadelphia Launches New youth development Program for Residents,0
We Asked 17 Experts About social media — This Is What They Said,1
What Happened Next Will Leave You Speechless,1
The life Hack That Has Experts Divided,1
Nobody Told You This About diet Until Now,1
The Internet Is Losing Its Mind Over This mind-blowing health,1
The wardrobe Hack That Has Experts Divided,1
Nobody Told You This About life Until Now,1
Scientists Discover an enzyme variant That Could reduce recovery time — What It Means for You,0
The Truth About this app Finally Revealed,1
The United States Reports a sharp 6% rise in housing starts for Q4 2022,0
This Video Will Make You Rethink Everything About your boss,1
The IMF Approves New trade agreement Aimed at modernise transport networks — What It Means for You,0
This Is the Most outrageous Thing You'll See Today,1
This One Weird Trick Will Change Your sleep Forever,1
The wardrobe Hack That Has Experts Divided,1
China Reports a significant decline in inflation for Q4 2022,0
This Video Will Make You Rethink Everything About your commute,1
This Video Will Make You Rethink Everything About the housing market,1
This Your Favorite Star Just Revealed Something Nobody Expected,1
Nobody Told You This About health Until Now,1
Scientists Are Baffled by This jaw-dropping Discovery,1
What Happened Next Will Leave You Speechless,1
This Doctor Just Broke the Internet With This jaw-dropping Confession,1
This This Doctor Just Revealed Something Nobody Expected,1
Market retreats as Investors React to the election,0
Here's Why Everyone Is Talking About skin,1
Is science Ruining Your Life? 21 Warning Signs,1
Analysis: How the international conference Could Reshape human rights Policy,0
JPMorgan Announces Partnership with The FDA on expand access to education,0
21 Things You're Doing Wrong Every Day,1
Brazil Passes Legislation on tax legislation After Months of Debate,0
Brazil Reports unexpected stability in inflation for Q1 2023,0
This Is the Most hilarious Thing You'll See Today,1
Analysis: How the election Could Reshape economic policy Policy,0
disturbing Photos That Prove your commute Is Real,1
What Happened Next Will Leave You Speechless,1
Scientists Discover a neural pathway That Could reduce recovery time,0
The FDA Releases Annual Healthcare Access Report,0
NASA Releases Annual Climate Action Report,0
Scientists Are Baffled by This disturbing Discovery,1
Is history Ruining Your Life? 3 Warning Signs,1
The OECD Releases Annual Human Development Report,0
The Chancellor Meets with G7 partners to Discuss tech regulation,0
The Internet Is Losing Its Mind Over This stunning life,1
This One Weird Trick Will Change Your finances Forever,1
Is medicine Ruining Your Life? 25 Warning Signs,1
You Won't Believe What Your Favorite Star Did Next!,1
Only 15% of People Can Pass This Quiz,1
Germany Passes Legislation on cybersecurity regulation After Months of Debate — What It Means for You,0
A Billionaire Just Broke the Internet With This outrageous Confession,1
Denver Launches New digital literacy Program for Residents,0
Analysis: How the quarterly review Could Reshape tech regulation Policy,0
This Video Will Make You Rethink Everything About the government,1
Market steadies as Investors React to the quarterly review — What It Means for You,0
A Local Teacher Just Broke the Internet With This insane Confession,1
We Tried meditation for 30 Days — Here's What Happened,1
The Internet Is Losing Its Mind Over This terrifying sleep,1
You Won't Believe What A Billionaire Did Next!,1
Brazil Passes Legislation on infrastructure plan After Months of Debate,0
Los Angeles Launches New digital literacy Program for Residents,0
You May Be Surprised to Learn What This Celebrity Did Next,1
Nobody Told You This About diet Until Now,1
This Video Will Make You Rethink Everything About the housing market,1
Amazon Reports unexpected stability Revenue in Q3 2024 Earnings,0
21 Things You're Doing Wrong Every Day,1
Only 10% of People Can Pass This Quiz,1
This Video Will Make You Rethink Everything About your boss,1
Google Announces Partnership with The FDA on improve public health,0
Germany Reports a significant decline in exports for Q4 2022,0
We Tried therapy for 30 Days — Here's What Happened,1
This One Weird Trick Will Change Your morning routine Forever,1
Here's Why Everyone Is Talking About mindset,1
This Is the Most viral Thing You'll See Today,1
This Video Will Make You Rethink Everything About the government,1
The Mayor Meets with world leaders to Discuss trade — What It Means for You,0
The Truth About caffeine Finally Revealed,1
Congress Approves New tax legislation Aimed at cut deficit spending,0
This Video Will Make You Rethink Everything About your body,1
The Federal Reserve Releases Annual Healthcare Access Report,0
We Asked 10 Experts About your boss — This Is What They Said,1
The finances Hack That Has Experts Divided,1
Germany Reports a sharp 6% rise in exports for Q2 2024,0
Pfizer Announces Partnership with The WHO on modernise transport networks — What It Means for You,0
This This Doctor Just Revealed Something Nobody Expected,1
Apple Announces Partnership with The OECD on expand access to education,0
New Research Links genetic predisposition to increased risk in Large Population Study,0
Officials Warn of energy shortages as the international conference Approaches,0
13 Shocking Secrets the housing market Doesn't Want You to Know,1
Scientists Are Baffled by This viral Discovery,1
This A Famous Chef Just Revealed Something Nobody Expected,1
Is your body Ruining Your Life? 9 Warning Signs,1
The mindset Hack That Has Experts Divided,1
13 Shocking Secrets science Doesn't Want You to Know,1
UNICEF Approves New education bill Aimed at boost economic growth,0
Nobody Told You This About skin Until Now,1
What Happened Next Will Leave You Speechless,1
The Director Meets with G7 partners to Discuss bilateral relations,0
Google Announces Partnership with Congress on boost economic growth,0
Scientists Are Baffled by This unbelievable Discovery,1
Is science Ruining Your Life? 30 Warning Signs,1
This One Weird Trick Will Change Your relationships Forever,1
A Scientist Just Broke the Internet With This jaw-dropping Confession,1
Officials Warn of energy shortages as the summit Approaches,0
Scientists Are Baffled by This hilarious Discovery,1
17 Things You're Doing Wrong Every Day,1
This Is the Most emotional Thing You'll See Today,1
Here's Why Everyone Is Talking About mindset,1
Tesla Announces Partnership with The FDA on expand access to education,0
This Is the Most unexpected Thing You'll See Today,1
Apple Reports unexpected stability Revenue in Q4 2023 Earnings,0
Japan Reports a sharp 6% rise in trade deficit for Q4 2022,0
JPMorgan Reports a modest 1.5% drop Revenue in Q3 2023 Earnings,0
This A Famous Chef Just Revealed Something Nobody Expected,1
Officials Warn of supply chain disruptions as the international conference Approaches,0
Officials Warn of energy shortages as the summit Approaches,0
insane Photos That Prove science Is Real,1
The Governor Meets with the UN Secretary-General to Discuss economic policy,0
17 Shocking Secrets science Doesn't Want You to Know,1
heartwarming Photos That Prove history Is Real,1
The EU Approves New climate policy Aimed at expand access to education,0
China Passes Legislation on education bill After Months of Debate,0
The EU Calls for International Cooperation on trade,0
The EU Releases Annual Gender Equality Report,0
mind-blowing Photos That Prove science Is Real,1
This An AI Chatbot Just Revealed Something Nobody Expected,1
Scientists Are Baffled by This terrifying Discovery,1
This One Weird Trick Will Change Your finances Forever,1
This A Fitness Guru Just Revealed Something Nobody Expected,1
This One Weird Trick Will Change Your wardrobe Forever,1
Scientists Are Baffled by This insane Discovery,1
Only 25% of People Can Pass This Quiz,1
Nobody Told You This About relationships Until Now,1
What Happened Next Will Leave You Speechless,1
Scientists Are Baffled by This unbelievable Discovery,1
terrifying Photos That Prove caffeine Is Real,1
The Internet Is Losing Its Mind Over This controversial sleep,1
Is your boss Ruining Your Life? 9 Warning Signs,1
This Is the Most unexpected Thing You'll See Today,1
Only 5% of People Can Pass This Quiz,1
This Is the Most unbelievable Thing You'll See Today,1
Phoenix Launches New green energy Program for Residents,0
Here's Why Everyone Is Talking About relationships,1
The Internet Is Losing Its Mind Over This heartwarming wardrobe,1
This An AI Chatbot Just Revealed Something Nobody Expected,1
Canada Reports a sharp 6% rise in trade deficit for Q4 2023,0
We Asked 9 Experts About caffeine — This Is What They Said,1
The Supreme Court Approves New infrastructure plan Aimed at boost economic growth,0
What Happened Next Will Leave You Speechless,1
Scientists Discover a neural pathway That Could accelerate drug development,0
A Random Stranger Just Broke the Internet With This unbelievable Confession,1
The Truth About this app Finally Revealed,1
You Won't Believe What A Random Stranger Did Next!,1
This Video Will Make You Rethink Everything About your commute,1
Officials Warn of public health risks as the quarterly review Approaches,0
We Tried meditation for 30 Days — Here's What Happened,1
Nobody Told You This About health Until Now,1
Scientists Are Baffled by This emotional Discovery,1
Market fluctuates as Investors React to the election,0
The Truth About science Finally Revealed,1
This One Weird Trick Will Change Your wardrobe Forever,1
The Truth About this app Finally Revealed,1
Is the media Ruining Your Life? 17 Warning Signs,1
We Tried yoga for 30 Days — Here's What Happened,1
Nobody Told You This About health Until Now,1
This Is the Most unexpected Thing You'll See Today,1
Scientists Discover a genetic marker That Could improve early detection — What It Means for You,0
New York Launches New job training Program for Residents — What It Means for You,0
Los Angeles Launches New early childhood education Program for Residents,0
The Internet Is Losing Its Mind Over This stunning productivity,1
Officials Warn of rising inflation as the policy deadline Approaches,0
This One Weird Trick Will Change Your sleep Forever,1
The Internet Is Losing Its Mind Over This controversial finances,1
17 Shocking Secrets this app Doesn't Want You to Know,1
Only 13% of People Can Pass This Quiz,1
What Happened Next Will Leave You Speechless,1
We Tried this diet for 30 Days — Here's What Happened,1
This Is the Most unexpected Thing You'll See Today,1
Here's Why Everyone Is Talking About morning routine,1
This Video Will Make You Rethink Everything About the media,1
This One Weird Trick Will Change Your productivity Forever,1
15 Things You're Doing Wrong Every Day,1
Scientists Discover an ancient fossil That Could reshape our understanding of evolution — What It Means for You,0
A Scientist Just Broke the Internet With This outrageous Confession,1
The Truth About the housing market Finally Revealed,1
You Won't Believe What A Fitness Guru Did Next!,1
Only 25% of People Can Pass This Quiz,1
Scientists Are Baffled by This stunning Discovery,1
You Won't Believe What A Famous Chef Did Next!,1
Here's Why Everyone Is Talking About relationships,1
What Happened Next Will Leave You Speechless,1
Scientists Discover a neural pathway That Could significantly lower costs,0
Officials Warn of cyber threats as the summit Approaches — What It Means for You,0
The Truth About history Finally Revealed,1
7 Shocking Secrets the housing market Doesn't Want You to Know,1
Chicago Launches New job training Program for Residents,0
The Internet Is Losing Its Mind Over This heartwarming morning routine,1
We Asked 10 Experts About your boss — This Is What They Said,1
Is your brain Ruining Your Life? 5 Warning Signs,1
This One Weird Trick Will Change Your morning routine Forever,1
This Video Will Make You Rethink Everything About your commute,1
9 Shocking Secrets this app Doesn't Want You to Know,1
9 Shocking Secrets your commute Doesn't Want You to Know,1
The Internet Is Losing Its Mind Over This unexpected wardrobe,1
The United States Passes Legislation on data privacy law After Months of Debate,0
Amazon Reports record highs Revenue in Q2 2024 Earnings,0
Congress Releases Annual Economic Outlook Report,0
Analysis: How the summit Could Reshape security Policy — What It Means for You,0
JPMorgan Announces Partnership with NASA on improve public health,0
You Won't Believe What A Billionaire Did Next!,1
The OECD Approves New education bill Aimed at boost economic growth,0
Apple Announces Partnership with The World Bank on reduce emissions,0
You Won't Believe What An AI Chatbot Did Next!,1
Only 7% of People Can Pass This Quiz,1
Only 25% of People Can Pass This Quiz,1
5 Shocking Secrets the government Doesn't Want You to Know,1
This Video Will Make You Rethink Everything About your body,1
Here's Why Everyone Is Talking About sleep,1
You Won't Believe What A Former Employee Did Next!,1
This Video Will Make You Rethink Everything About history,1
We Asked 25 Experts About the government — This Is What They Said,1
This Video Will Make You Rethink Everything About this app,1
30 Things You're Doing Wrong Every Day,1
We Asked 30 Experts About medicine — This Is What They Said,1
This Video Will Make You Rethink Everything About your diet,1
This Video Will Make You Rethink Everything About medicine,1
We Tried cold showers for 30 Days — Here's What Happened,1
Here's Why Everyone Is Talking About health,1
This This Politician Just Revealed Something Nobody Expected,1
Analysis: How the winter season Could Reshape trade Policy,0
Is history Ruining Your Life? 13 Warning Signs,1
This Celebrity Just Broke the Internet With This outrageous Confession,1
We Tried this diet for 30 Days — Here's What Happened,1
Scientists Are Baffled by This stunning Discovery,1
New Research Links sedentary behaviour to lower rates of chronic disease in Large Population Study,0
Market rallies as Investors React to the fiscal year end,0
We Tried this device for 30 Days — Here's What Happened,1
We Tried meditation for 30 Days — Here's What Happened,1
Is your brain Ruining Your Life? 13 Warning Signs,1
Scientists Discover a neural pathway That Could transform treatment options,0
The UK Passes Legislation on infrastructure plan After Months of Debate,0
This Is the Most outrageous Thing You'll See Today,1
You Won't Believe What This Doctor Did Next!,1
You Won't Believe What A Billionaire Did Next!,1
This One Weird Trick Will Change Your relationships Forever,1
The Truth About history Finally Revealed,1
France Passes Legislation on trade agreement After Months of Debate — What It Means for You,0
Nobody Told You This About health Until Now,1
We Asked 21 Experts About the housing market — This Is What They Said,1
The Internet Is Losing Its Mind Over This insane sleep,1
17 Things You're Doing Wrong Every Day,1
Analysis: How the quarterly review Could Reshape security Policy,0
Italy Reports flat growth in productivity for Q1 2024,0
stunning Photos That Prove science Is Real,1
Study Finds lower rates of chronic disease Linked to genetic predisposition,0
Denver Launches New affordable housing Program for Residents,0
The OECD Calls for International Cooperation on economic policy,0
13 Shocking Secrets your diet Doesn't Want You to Know,1
The life Hack That Has Experts Divided,1
This One Weird Trick Will Change Your diet Forever,1
Market surges as Investors React to the election,0
Analysis: How the winter season Could Reshape tech regulation Policy,0
The Truth About this app Finally Revealed,1
The United States Passes Legislation on cybersecurity regulation After Months of Debate,0
Scientists Are Baffled by This heartwarming Discovery,1
France Reports a sharp 6% rise in productivity for Q1 2024,0
We Tried intermittent fasting for 30 Days — Here's What Happened,1
This A Random Stranger Just Revealed Something Nobody Expected,1
9 Shocking Secrets your body Doesn't Want You to Know,1
You Won't Believe What A Random Stranger Did Next!,1
This Is the Most emotional Thing You'll See Today,1
What Happened Next Will Leave You Speechless,1
We Asked 5 Experts About caffeine — This Is What They Said,1
We Tried cold showers for 30 Days — Here's What Happened,1
This One Weird Trick Will Change Your mindset Forever,1
What Happened Next Will Leave You Speechless,1
We Asked 9 Experts About the housing market — This Is What They Said,1
JPMorgan Announces Partnership with The IMF on boost economic growth,0
The Truth About social media Finally Revealed,1
This A Fitness Guru Just Revealed Something Nobody Expected,1
Officials Warn of cyber threats as the summit Approaches,0
controversial Photos That Prove your brain Is Real,1
The President Meets with world leaders to Discuss bilateral relations,0
You Won't Believe What A Famous Chef Did Next!,1
A Random Stranger Just Broke the Internet With This insane Confession,1
The World Bank Releases Annual Cybersecurity Report,0
Here's Why Everyone Is Talking About diet,1
Market edges higher as Investors React to the trade negotiations,0
The OECD Calls for International Cooperation on trade,0
The Federal Reserve Calls for International Cooperation on bilateral relations,0
This Is the Most disturbing Thing You'll See Today,1
emotional Photos That Prove this app Is Real,1
The Prime Minister Meets with G20 delegates to Discuss economic policy,0
This Video Will Make You Rethink Everything About science,1
The Supreme Court Releases Annual Education Progress Report,0
Only 9% of People Can Pass This Quiz,1
The FDA Approves New social security reform Aimed at cut deficit spending,0
Analysis: How the fiscal year end Could Reshape tech regulation Policy,0
The diet Hack That Has Experts Divided,1
Nobody Told You This About diet Until Now,1
Houston Launches New community safety Program for Residents,0
Here's Why Everyone Is Talking About skin,1
This A Billionaire Just Revealed Something Nobody Expected,1
Meta Announces Partnership with The UN on reduce emissions — What It Means for You,0
The Truth About your commute Finally Revealed,1
unbelievable Photos That Prove the housing market Is Real,1
Japan Reports a 3.2% increase in trade deficit for Q1 2024,0
Scientists Are Baffled by This emotional Discovery,1
Nobody Told You This About finances Until Now,1
You May Be Surprised to Learn What A Local Teacher Did Next,1
We Asked 21 Experts About history — This Is What They Said,1
You Won't Believe What This Politician Did Next!,1
France Passes Legislation on trade agreement After Months of Debate,0
Is history Ruining Your Life? 17 Warning Signs,1
The OECD Calls for International Cooperation on bilateral relations,0
Nobody Told You This About mindset Until Now,1
What Happened Next Will Leave You Speechless,1
jaw-dropping Photos That Prove the government Is Real,1
You Won't Believe What This Celebrity Did Next!,1
Apple Reports a significant decline Revenue in Q3 2024 Earnings — What It Means for You,0
Is your commute Ruining Your Life? 3 Warning Signs,1
Scientists Are Baffled by This hilarious Discovery,1
A Famous Chef Just Broke the Internet With This unexpected Confession,1
The Truth About medicine Finally Revealed,1
Chevron Announces Partnership with NASA on reduce emissions,0
What Happened Next Will Leave You Speechless,1
Mexico Reports a 3.2% increase in unemployment for Q3 2023,0
Scientists Are Baffled by This insane Discovery,1
The Director Meets with G20 delegates to Discuss human rights,0
100 Things You're Doing Wrong Every Day,1
Nobody Told You This About career Until Now,1
Only 17% of People Can Pass This Quiz,1
17 Things You're Doing Wrong Every Day,1
We Asked 7 Experts About history — This Is What They Said,1
The Truth About your commute Finally Revealed,1
Nobody Told You This About finances Until Now,1
We Tried this technique for 30 Days — Here's What Happened,1
You Won't Believe What Your Favorite Star Did Next!,1
We Asked 15 Experts About your boss — This Is What They Said,1
This Video Will Make You Rethink Everything About science,1
17 Things You're Doing Wrong Every Day,1
This A Famous Chef Just Revealed Something Nobody Expected,1
Italy Reports a modest 1.5% drop in GDP growth for Q4 2022,0
France Passes Legislation on social security reform After Months of Debate,0
We Asked 100 Experts About caffeine — This Is What They Said,1
This One Weird Trick Will Change Your life Forever,1
The Truth About your diet Finally Revealed,1
The Truth About the housing market Finally Revealed,1
5 Things You're Doing Wrong Every Day,1
This One Weird Trick Will Change Your mindset Forever,1
The African Union Releases Annual Climate Action Report,0
Only 10% of People Can Pass This Quiz,1
Analysis: How the policy deadline Could Reshape climate change Policy,0
Is your brain Ruining Your Life? 10 Warning Signs,1
The skin Hack That Has Experts Divided,1
100 Shocking Secrets your body Doesn't Want You to Know,1
10 Shocking Secrets your boss Doesn't Want You to Know,1
Study Finds reduced recovery time Linked to air quality — What It Means for You,0
Only 30% of People Can Pass This Quiz,1
A Scientist Just Broke the Internet With This stunning Confession,1
The mindset Hack That Has Experts Divided,1
A Famous Chef Just Broke the Internet With This mind-blowing Confession,1
This Is the Most controversial Thing You'll See Today,1
Officials Warn of rising inflation as the trade negotiations Approaches — What It Means for You,0
Is your brain Ruining Your Life? 100 Warning Signs,1
This Video Will Make You Rethink Everything About your commute,1
3 Shocking Secrets the housing market Doesn't Want You to Know,1
France Passes Legislation on healthcare reform After Months of Debate — What It Means for You,0
The diet Hack That Has Experts Divided,1
Market drops sharply as Investors React to the quarterly review,0
A Former Employee Just Broke the Internet With This viral Confession,1
Only 5% of People Can Pass This Quiz,1
We Asked 21 Experts About your boss — This Is What They Said,1
Analysis: How the fiscal year end Could Reshape trade Policy,0
The Internet Is Losing Its Mind Over This viral sleep,1
The Internet Is Losing Its Mind Over This hilarious life,1
The Internet Is Losing Its Mind Over This unbelievable wardrobe,1
New Research Links diet and lifestyle to improved sleep quality in Large Population Study,0
What Happened Next Will Leave You Speechless,1
The mindset Hack That Has Experts Divided,1
A Famous Chef Just Broke the Internet With This viral Confession,1
Market surges as Investors React to the election,0
Nobody Told You This About productivity Until Now,1
The Internet Is Losing Its Mind Over This outrageous finances,1
The mindset Hack That Has Experts Divided,1
The United States Passes Legislation on healthcare reform After Months of Debate,0
Nobody Told You This About finances Until Now,1
Only 13% of People Can Pass This Quiz,1
Scientists Discover a new compound That Could significantly lower costs — What It Means for You,0
Only 17% of People Can Pass This Quiz,1
Canada Passes Legislation on cybersecurity regulation After Months of Debate,0
The Truth About your commute Finally Revealed,1
The WHO Calls for International Cooperation on security,0
Nobody Told You This About finances Until Now,1
30 Shocking Secrets your commute Doesn't Want You to Know,1
We Tried yoga for 30 Days — Here's What Happened,1
A Local Teacher Just Broke the Internet With This emotional Confession,1
Mexico Reports strong recovery in trade deficit for Q4 2022,0
Houston Launches New affordable housing Program for Residents,0
Analysis: How the trade negotiations Could Reshape security Policy,0
The Supreme Court Releases Annual Climate Action Report,0
We Asked 5 Experts About your boss — This Is What They Said,1
New Research Links economic inequality to improved outcomes in Large Population Study,0
Analysis: How the winter season Could Reshape climate change Policy — What It Means for You,0
Analysis: How the winter season Could Reshape human rights Policy,0
Here's Why Everyone Is Talking About diet,1
Boeing Reports a modest 1.5% drop Revenue in Q1 2024 Earnings,0
We Tried this device for 30 Days — Here's What Happened,1
Here's Why Everyone Is Talking About wardrobe,1
We Asked 9 Experts About the housing market — This Is What They Said,1
7 Things You're Doing Wrong Every Day,1
New Research Links environmental exposure to higher stress levels in Large Population Study — What It Means for You,0
What Happened Next Will Leave You Speechless,1
Google Reports strong recovery Revenue in Q3 2023 Earnings — What It Means for You,0
Is social media Ruining Your Life? 25 Warning Signs,1
What Happened Next Will Leave You Speechless,1
Is caffeine Ruining Your Life? 17 Warning Signs,1
UNICEF Approves New cybersecurity regulation Aimed at reduce emissions,0
Study Finds lower rates of chronic disease Linked to access to healthcare,0
What Happened Next Will Leave You Speechless,1
The life Hack That Has Experts Divided,1
100 Shocking Secrets this app Doesn't Want You to Know,1
Only 7% of People Can Pass This Quiz,1
This This Politician Just Revealed Something Nobody Expected,1
This Video Will Make You Rethink Everything About science,1
You Won't Believe What A Famous Chef Did Next!,1
This One Weird Trick Will Change Your relationships Forever,1
Nobody Told You This About morning routine Until Now,1
This Video Will Make You Rethink Everything About the government,1
The OECD Releases Annual Human Development Report,0
Analysis: How the quarterly review Could Reshape climate change Policy,0
Canada Reports a significant decline in productivity for Q3 2024,0
The African Union Calls for International Cooperation on climate change,0
Scientists Are Baffled by This heartwarming Discovery,1
We Asked 9 Experts About science — This Is What They Said,1
What Happened Next Will Leave You Speechless,1
This Video Will Make You Rethink Everything About this app,1
We Tried this device for 30 Days — Here's What Happened,1
Meta Announces Partnership with NASA on reduce emissions,0
Is your body Ruining Your Life? 3 Warning Signs,1
This Politician Just Broke the Internet With This bizarre Confession,1
Only 30% of People Can Pass This Quiz,1
What Happened Next Will Leave You Speechless,1
Study Finds lower rates of chronic disease Linked to sedentary behaviour,0
This Video Will Make You Rethink Everything About your diet,1
The Internet Is Losing Its Mind Over This terrifying wardrobe,1
What Happened Next Will Leave You Speechless,1
Is your body Ruining Your Life? 21 Warning Signs,1
10 Things You're Doing Wrong Every Day,1
This Is the Most jaw-dropping Thing You'll See Today,1
A Billionaire Just Broke the Internet With This insane Confession,1
The FDA Approves New healthcare reform Aimed at cut deficit spending,0
Is caffeine Ruining Your Life? 15 Warning Signs,1
viral Photos That Prove caffeine Is Real,1
This Video Will Make You Rethink Everything About science,1
Only 21% of People Can Pass This Quiz,1
A Scientist Just Broke the Internet With This heartwarming Confession,1
Nobody Told You This About career Until Now,1
We Asked 100 Experts About your diet — This Is What They Said,1
Only 5% of People Can Pass This Quiz,1
The health Hack That Has Experts Divided,1
The Internet Is Losing Its Mind Over This hilarious life,1
An AI Chatbot Just Broke the Internet With This mind-blowing Confession,1
What Happened Next Will Leave You Speechless,1
This Video Will Make You Rethink Everything About your diet,1
Nobody Told You This About mindset Until Now,1
unexpected Photos That Prove social media Is Real,1
viral Photos That Prove social media Is Real,1
The health Hack That Has Experts Divided,1
The Chancellor Meets with the UN Secretary-General to Discuss human rights,0
This This Celebrity Just Revealed Something Nobody Expected,1
The morning routine Hack That Has Experts Divided,1
Germany Passes Legislation on data privacy law After Months of Debate,0
What Happened Next Will Leave You Speechless,1
The Truth About social media Finally Revealed,1
100 Things You're Doing Wrong Every Day,1
Study Finds lower rates of chronic disease Linked to access to healthcare,0
The Internet Is Losing Its Mind Over This bizarre morning routine,1
What Happened Next Will Leave You Speechless,1
This Is the Most controversial Thing You'll See Today,1
5 Shocking Secrets the media Doesn't Want You to Know,1
You Won't Believe What Your Favorite Star Did Next!,1
This One Weird Trick Will Change Your finances Forever,1
You Won't Believe What A Local Teacher Did Next!,1
This Is the Most controversial Thing You'll See Today,1
Here's Why Everyone Is Talking About sleep,1
Only 10% of People Can Pass This Quiz,1
Your Favorite Star Just Broke the Internet With This stunning Confession,1
Is your diet Ruining Your Life? 15 Warning Signs,1
Scientists Are Baffled by This emotional Discovery,1
Nobody Told You This About diet Until Now,1
This This Politician Just Revealed Something Nobody Expected,1
Scientists Are Baffled by This jaw-dropping Discovery,1
South Korea Passes Legislation on infrastructure plan After Months of Debate — What It Means for You,0
Only 3% of People Can Pass This Quiz,1
What Happened Next Will Leave You Speechless,1
New Research Links diet and lifestyle to higher stress levels in Large Population Study,0
NASA Calls for International Cooperation on migration,0
This Is the Most outrageous Thing You'll See Today,1
Nobody Told You This About life Until Now,1
This A Scientist Just Revealed Something Nobody Expected,1
New Research Links diet and lifestyle to improved outcomes in Large Population Study,0
The career Hack That Has Experts Divided,1
The FDA Calls for International Cooperation on trade,0
The health Hack That Has Experts Divided,1
Only 7% of People Can Pass This Quiz,1
Only 15% of People Can Pass This Quiz,1
This Video Will Make You Rethink Everything About this app,1
Scientists Are Baffled by This controversial Discovery,1
Nobody Told You This About career Until Now,1
You Won't Believe What A Scientist Did Next!,1
Only 13% of People Can Pass This Quiz,1
Officials Warn of severe weather as the summit Approaches,0
Analysis: How the trade negotiations Could Reshape human rights Policy,0
Germany Passes Legislation on trade agreement After Months of Debate,0
Nobody Told You This About diet Until Now,1
You Won't Believe What This Doctor Did Next!,1
Philadelphia Launches New affordable housing Program for Residents — What It Means for You,0
100 Shocking Secrets history Doesn't Want You to Know,1
Scientists Are Baffled by This unbelievable Discovery,1
This Video Will Make You Rethink Everything About medicine,1
Scientists Discover an ancient fossil That Could improve early detection,0
We Tried intermittent fasting for 30 Days — Here's What Happened,1
Officials Warn of geopolitical tensions as the summit Approaches,0
What Happened Next Will Leave You Speechless,1
Here's Why Everyone Is Talking About diet,1
Only 15% of People Can Pass This Quiz,1
Los Angeles Launches New green energy Program for Residents,0
This Video Will Make You Rethink Everything About the housing market,1
JPMorgan Announces Partnership with NASA on improve public health,0
A Billionaire Just Broke the Internet With This terrifying Confession,1
We Tried this technique for 30 Days — Here's What Happened,1
The Supreme Court Approves New climate policy Aimed at reduce emissions,0
Analysis: How the international conference Could Reshape climate change Policy,0
Amazon Reports a sharp 6% rise Revenue in Q3 2024 Earnings — What It Means for You,0
Canada Passes Legislation on healthcare reform After Months of Debate — What It Means for You,0
Scientists Are Baffled by This controversial Discovery,1
We Asked 17 Experts About caffeine — This Is What They Said,1
New Research Links diet and lifestyle to increased risk in Large Population Study,0
Officials Warn of public health risks as the summit Approaches,0
7 Things You're Doing Wrong Every Day,1
This One Weird Trick Will Change Your diet Forever,1
You Won't Believe What A Random Stranger Did Next!,1
7 Shocking Secrets your diet Doesn't Want You to Know,1
Market rallies as Investors React to the international conference,0
Japan Reports strong recovery in housing starts for Q2 2024,0
The African Union Calls for International Cooperation on tech regulation,0
New Research Links social factors to lower rates of chronic disease in Large Population Study,0
The Truth About your body Finally Revealed,1
UNICEF Approves New social security reform Aimed at reduce emissions — What It Means for You,0
The Chancellor Meets with G7 partners to Discuss bilateral relations,0
21 Shocking Secrets the media Doesn't Want You to Know,1
This One Weird Trick Will Change Your wardrobe Forever,1
This Video Will Make You Rethink Everything About this app,1
Scientists Discover an ancient fossil That Could enable new therapies,0
Market rallies as Investors React to the policy deadline,0
The UK Passes Legislation on data privacy law After Months of Debate,0
The Secretary of State Meets with foreign ministers to Discuss bilateral relations,0
Chicago Launches New community safety Program for Residents,0
10 Shocking Secrets social media Doesn't Want You to Know,1
jaw-dropping Photos That Prove the housing market Is Real,1
hilarious Photos That Prove social media Is Real,1
New York Launches New youth development Program for Residents,0
Is your boss Ruining Your Life? 30 Warning Signs,1
disturbing Photos That Prove your brain Is Real,1
Only 15% of People Can Pass This Quiz,1
This Is the Most outrageous Thing You'll See Today,1
We Asked 17 Experts About science — This Is What They Said,1
We Asked 30 Experts About the housing market — This Is What They Said,1
This One Weird Trick Will Change Your relationships Forever,1
New Research Links access to healthcare to better cognitive performance in Large Population Study,0
Here's Why Everyone Is Talking About wardrobe,1
We Tried yoga for 30 Days — Here's What Happened,1
The Secretary of State Meets with world leaders to Discuss security,0
This Is the Most controversial Thing You'll See Today,1
Here's Why Everyone Is Talking About relationships,1
France Passes Legislation on infrastructure plan After Months of Debate,0
This A Local Teacher Just Revealed Something Nobody Expected,1
mind-blowing Photos That Prove the media Is Real,1
Mexico Passes Legislation on social security reform After Months of Debate,0
The United States Passes Legislation on climate policy After Months of Debate,0
The Prime Minister Meets with world leaders to Discuss tech regulation,0
The mindset Hack That Has Experts Divided,1
What Happened Next Will Leave You Speechless,1
Nobody Told You This About productivity Until Now,1
The Internet Is Losing Its Mind Over This terrifying finances,1
Officials Warn of rising inflation as the winter season Approaches — What It Means for You,0
Google Reports record highs Revenue in Q1 2023 Earnings,0
Study Finds better cognitive performance Linked to sedentary behaviour — What It Means for You,0
Market edges higher as Investors React to the policy deadline,0
This One Weird Trick Will Change Your relationships Forever,1
This Video Will Make You Rethink Everything About science,1
Scientists Discover a gravitational anomaly That Could reshape our understanding of evolution,0
Scientists Discover an ancient fossil That Could significantly lower costs — What It Means for You,0
This Celebrity Just Broke the Internet With This stunning Confession,1
The life Hack That Has Experts Divided,1
Nobody Told You This About life Until Now,1
Analysis: How the policy deadline Could Reshape security Policy,0
Study Finds increased risk Linked to air quality,0
This One Weird Trick Will Change Your relationships Forever,1
Market fluctuates as Investors React to the summit,0
This This Doctor Just Revealed Something Nobody Expected,1
We Tried this app for 30 Days — Here's What Happened,1
The Internet Is Losing Its Mind Over This unbelievable sleep,1
Here's Why Everyone Is Talking About health,1
This Is the Most bizarre Thing You'll See Today,1
Scientists Are Baffled by This emotional Discovery,1
Only 100% of People Can Pass This Quiz,1
Meta Announces Partnership with The Federal Reserve on cut deficit spending,0
Is the media Ruining Your Life? 9 Warning Signs,1
The Internet Is Losing Its Mind Over This insane mindset,1
13 Things You're Doing Wrong Every Day,1
The OECD Calls for International Cooperation on bilateral relations,0
What Happened Next Will Leave You Speechless,1
17 Things You're Doing Wrong Every Day,1
The Internet Is Losing Its Mind Over This viral career,1
bizarre Photos That Prove the media Is Real,1
We Tried this supplement for 30 Days — Here's What Happened,1
Is caffeine Ruining Your Life? 30 Warning Signs,1
The skin Hack That Has Experts Divided,1
Scientists Are Baffled by This bizarre Discovery,1
Scientists Discover a novel protein That Could reshape our understanding of evolution,0
Nobody Told You This About life Until Now,1
This A Fitness Guru Just Revealed Something Nobody Expected,1
This Celebrity Just Broke the Internet With This viral Confession,1
Mexico Reports a modest 1.5% drop in exports for Q3 2024,0
21 Shocking Secrets your diet Doesn't Want You to Know,1
The Internet Is Losing Its Mind Over This terrifying finances,1
We Asked 15 Experts About the media — This Is What They Said,1
Italy Passes Legislation on education bill After Months of Debate,0
We Tried this device for 30 Days — Here's What Happened,1
Market rallies as Investors React to the summit,0
Only 9% of People Can Pass This Quiz,1
9 Things You're Doing Wrong Every Day,1
Analysis: How the winter season Could Reshape tech regulation Policy,0
The Supreme Court Releases Annual Global Risk Report — What It Means for You,0
What Happened Next Will Leave You Speechless,1
Officials Warn of public health risks as the trade negotiations Approaches,0
A Fitness Guru Just Broke the Internet With This jaw-dropping Confession,1
We Tried this device for 30 Days — Here's What Happened,1
Goldman Sachs Reports a modest 1.5% drop Revenue in Q3 2024 Earnings,0
The EU Releases Annual Financial Stability Report,0
This This Doctor Just Revealed Something Nobody Expected,1
13 Things You're Doing Wrong Every Day,1
New Research Links sedentary behaviour to greater longevity in Large Population Study — What It Means for You,0
The productivity Hack That Has Experts Divided,1
This Video Will Make You Rethink Everything About caffeine,1
We Tried cold showers for 30 Days — Here's What Happened,1
Only 30% of People Can Pass This Quiz,1
viral Photos That Prove caffeine Is Real,1
The Governor Meets with G20 delegates to Discuss security,0
The UN Releases Annual Education Progress Report,0
Analysis: How the fiscal year end Could Reshape migration Policy,0
This Is the Most stunning Thing You'll See Today,1
Amazon Announces Partnership with The African Union on modernise transport networks,0
Microsoft Reports record highs Revenue in Q4 2023 Earnings,0
We Asked 30 Experts About history — This Is What They Said,1
Canada Reports strong recovery in exports for Q3 2023,0
This Video Will Make You Rethink Everything About your brain,1
The skin Hack That Has Experts Divided,1
What Happened Next Will Leave You Speechless,1
Scientists Are Baffled by This stunning Discovery,1
This One Weird Trick Will Change Your career Forever,1
Is the housing market Ruining Your Life? 25 Warning Signs,1
The Internet Is Losing Its Mind Over This insane diet,1
What Happened Next Will Leave You Speechless,1
The Supreme Court Calls for International Cooperation on tech regulation,0
You Won't Believe What A Billionaire Did Next!,1
Analysis: How the fiscal year end Could Reshape bilateral relations Policy,0
The Truth About history Finally Revealed,1
The IMF Releases Annual Financial Stability Report — What It Means for You,0
Only 17% of People Can Pass This Quiz,1
The Federal Reserve Releases Annual Human Development Report,0
Analysis: How the policy deadline Could Reshape trade Policy,0
New Research Links social factors to higher stress levels in Large Population Study,0
Market retreats as Investors React to the trade negotiations,0
The Internet Is Losing Its Mind Over This bizarre wardrobe,1
You Won't Believe What A Former Employee Did Next!,1
This Video Will Make You Rethink Everything About social media,1
JPMorgan Announces Partnership with The Federal Reserve on expand access to education,0
Google Announces Partnership with The FDA on modernise transport networks,0
This One Weird Trick Will Change Your career Forever,1
emotional Photos That Prove history Is Real,1
New Research Links air quality to higher stress levels in Large Population Study,0
Is social media Ruining Your Life? 13 Warning Signs,1
This Is the Most viral Thing You'll See Today,1
The Truth About this app Finally Revealed,1
This This Politician Just Revealed Something Nobody Expected,1
Is your brain Ruining Your Life? 13 Warning Signs,1
You May Be Surprised to Learn What A Famous Chef Did Next,1
This Video Will Make You Rethink Everything About social media,1
We Asked 5 Experts About caffeine — This Is What They Said,1
Only 13% of People Can Pass This Quiz,1
Here's Why Everyone Is Talking About morning routine,1
The Prime Minister Meets with world leaders to Discuss climate change,0
This Is the Most controversial Thing You'll See Today,1
The Truth About your diet Finally Revealed,1
We Tried meditation for 30 Days — Here's What Happened,1
We Asked 30 Experts About the media — This Is What They Said,1
Scientists Are Baffled by This insane Discovery,1
Here's Why Everyone Is Talking About relationships,1
9 Shocking Secrets your boss Doesn't Want You to Know,1
You Won't Believe What This Celebrity Did Next!,1
Officials Warn of currency volatility as the trade negotiations Approaches,0
You Won't Believe What This Doctor Did Next!,1
The Prime Minister Meets with the UN Secretary-General to Discuss security,0
This Is the Most unexpected Thing You'll See Today,1
Only 15% of People Can Pass This Quiz,1
Mexico Reports a sharp 6% rise in unemployment for Q3 2023,0
Los Angeles Launches New affordable housing Program for Residents — What It Means for You,0
Pfizer Reports unexpected stability Revenue in Q4 2022 Earnings,0
Only 10% of People Can Pass This Quiz,1
Officials Warn of currency volatility as the trade negotiations Approaches,0
Only 25% of People Can Pass This Quiz,1
Microsoft Announces Partnership with NASA on boost economic growth,0
Scientists Are Baffled by This jaw-dropping Discovery,1
5 Shocking Secrets caffeine Doesn't Want You to Know,1
Officials Warn of energy shortages as the summit Approaches,0
Is your body Ruining Your Life? 7 Warning Signs,1
Only 10% of People Can Pass This Quiz,1
You Won't Believe What A Famous Chef Did Next!,1
We Tried therapy for 30 Days — Here's What Happened,1
This Your Favorite Star Just Revealed Something Nobody Expected,1
Here's Why Everyone Is Talking About health,1
France Reports strong recovery in productivity for Q1 2024,0
We Asked 10 Experts About your body — This Is What They Said,1
The United States Passes Legislation on tax legislation After Months of Debate — What It Means for You,0
The skin Hack That Has Experts Divided,1
The Director Meets with world leaders to Discuss trade,0
Pfizer Announces Partnership with The IMF on reduce emissions,0
This A Local Teacher Just Revealed Something Nobody Expected,1
The health Hack That Has Experts Divided,1
30 Things You're Doing Wrong Every Day,1
We Tried cold showers for 30 Days — Here's What Happened,1
Nobody Told You This About health Until Now,1
New Research Links genetic predisposition to increased risk in Large Population Study,0
What Happened Next Will Leave You Speechless,1
Analysis: How the quarterly review Could Reshape trade Policy,0
We Asked 30 Experts About the media — This Is What They Said,1
Is your brain Ruining Your Life? 30 Warning Signs,1
Chevron Reports record highs Revenue in Q3 2024 Earnings,0
The Internet Is Losing Its Mind Over This outrageous diet,1
This Politician Just Broke the Internet With This emotional Confession,1
The Truth About your boss Finally Revealed,1
We Asked 3 Experts About science — This Is What They Said,1
This Is the Most hilarious Thing You'll See Today,1
The Internet Is Losing Its Mind Over This stunning morning routine,1
Analysis: How the international conference Could Reshape economic policy Policy,0
Nobody Told You This About finances Until Now,1
You Won't Believe What A Famous Chef Did Next!,1
Microsoft Announces Partnership with The Federal Reserve on boost economic growth,0
The Supreme Court Releases Annual Economic Outlook Report,0
Scientists Are Baffled by This disturbing Discovery,1
This Is the Most mind-blowing Thing You'll See Today,1
Scientists Are Baffled by This unbelievable Discovery,1
Market retreats as Investors React to the summit,0
We Tried meditation for 30 Days — Here's What Happened,1
This Video Will Make You Rethink Everything About the housing market,1
What Happened Next Will Leave You Speechless,1
What Happened Next Will Leave You Speechless,1
We Tried therapy for 30 Days — Here's What Happened,1
Scientists Discover a new compound That Could transform treatment options — What It Means for You,0
What Happened Next Will Leave You Speechless,1
Nobody Told You This About diet Until Now,1
Meta Reports unexpected stability Revenue in Q4 2023 Earnings,0
NASA Calls for International Cooperation on economic policy,0
outrageous Photos That Prove your diet Is Real,1
The Director Meets with trade officials to Discuss climate change — What It Means for You,0
The CEO Meets with foreign ministers to Discuss human rights,0
The Internet Is Losing Its Mind Over This outrageous sleep,1
You Won't Believe What A Local Teacher Did Next!,1
Only 5% of People Can Pass This Quiz,1
Meta Reports flat growth Revenue in Q4 2023 Earnings,0
Scientists Are Baffled by This unbelievable Discovery,1
Only 17% of People Can Pass This Quiz,1
UNICEF Calls for International Cooperation on trade,0
An AI Chatbot Just Broke the Internet With This controversial Confession,1
jaw-dropping Photos That Prove the media Is Real,1
The Internet Is Losing Its Mind Over This unbelievable productivity,1
Nobody Told You This About health Until Now,1
Seattle Launches New green energy Program for Residents — What It Means for You,0
This This Doctor Just Revealed Something Nobody Expected,1
Scientists Are Baffled by This mind-blowing Discovery,1
The Internet Is Losing Its Mind Over This controversial skin,1
Is the media Ruining Your Life? 25 Warning Signs,1
We Tried this device for 30 Days — Here's What Happened,1
Mexico Passes Legislation on healthcare reform After Months of Debate,0
Italy Passes Legislation on trade agreement After Months of Debate,0
This One Weird Trick Will Change Your mindset Forever,1
This Is the Most controversial Thing You'll See Today,1
The EU Approves New trade agreement Aimed at improve public health,0
Only 7% of People Can Pass This Quiz,1
We Asked 3 Experts About your body — This Is What They Said,1
Nobody Told You This About morning routine Until Now,1
This One Weird Trick Will Change Your morning routine Forever,1
Boston Launches New affordable housing Program for Residents,0
This Is the Most disturbing Thing You'll See Today,1
9 Shocking Secrets caffeine Doesn't Want You to Know,1
Study Finds reduced recovery time Linked to diet and lifestyle,0
Study Finds greater longevity Linked to sedentary behaviour — What It Means for You,0
9 Shocking Secrets caffeine Doesn't Want You to Know,1
This One Weird Trick Will Change Your diet Forever,1
Scientists Discover a bacterial strain That Could reshape our understanding of evolution,0
Here's Why Everyone Is Talking About mindset,1
The finances Hack That Has Experts Divided,1
The Supreme Court Calls for International Cooperation on human rights,0
You Won't Believe What A Famous Chef Did Next!,1
Officials Warn of energy shortages as the fiscal year end Approaches — What It Means for You,0
What Happened Next Will Leave You Speechless,1
New Research Links sedentary behaviour to improved sleep quality in Large Population Study,0
The wardrobe Hack That Has Experts Divided,1
Congress Releases Annual Education Progress Report,0
What Happened Next Will Leave You Speechless,1
outrageous Photos That Prove science Is Real,1
Is your brain Ruining Your Life? 9 Warning Signs,1
The Internet Is Losing Its Mind Over This jaw-dropping mindset,1
You Won't Believe What An AI Chatbot Did Next!,1
What Happened Next Will Leave You Speechless,1
Analysis: How the fiscal year end Could Reshape climate change Policy,0
The life Hack That Has Experts Divided,1
This Video Will Make You Rethink Everything About your diet,1
Microsoft Announces Partnership with The IMF on reduce emissions — What It Means for You,0
This Video Will Make You Rethink Everything About this app,1
30 Shocking Secrets the housing market Doesn't Want You to Know,1
Italy Passes Legislation on tax legislation After Months of Debate,0
The Prime Minister Meets with foreign ministers to Discuss bilateral relations,0
The Internet Is Losing Its Mind Over This unexpected mindset,1
What Happened Next Will Leave You Speechless,1
The sleep Hack That Has Experts Divided,1
Is your boss Ruining Your Life? 100 Warning Signs,1
The skin Hack That Has Experts Divided,1
New York Launches New green energy Program for Residents,0
7 Things You're Doing Wrong Every Day,1
Canada Passes Legislation on education bill After Months of Debate,0
Nobody Told You This About life Until Now,1
Your Favorite Star Just Broke the Internet With This insane Confession,1
You Won't Believe What A Scientist Did Next!,1
Google Reports unexpected stability Revenue in Q1 2024 Earnings,0
New Research Links economic inequality to better cognitive performance in Large Population Study,0
Here's Why Everyone Is Talking About life,1
The Secretary of State Meets with foreign ministers to Discuss security,0
The Director Meets with G20 delegates to Discuss security,0
Nobody Told You This About relationships Until Now,1
Australia Passes Legislation on infrastructure plan After Months of Debate,0
New York Launches New affordable housing Program for Residents,0
Scientists Are Baffled by This insane Discovery,1
Here's Why Everyone Is Talking About productivity,1
What Happened Next Will Leave You Speechless,1
Analysis: How the fiscal year end Could Reshape trade Policy,0
The sleep Hack That Has Experts Divided,1
Only 15% of People Can Pass This Quiz,1
Only 9% of People Can Pass This Quiz,1
This One Weird Trick Will Change Your health Forever,1
Scientists Are Baffled by This viral Discovery,1
You Won't Believe What This Celebrity Did Next!,1
A Scientist Just Broke the Internet With This bizarre Confession,1
The skin Hack That Has Experts Divided,1
100 Things You're Doing Wrong Every Day,1
The wardrobe Hack That Has Experts Divided,1
The UN Approves New climate policy Aimed at expand access to education,0
You Won't Believe What Your Favorite Star Did Next!,1
A Billionaire Just Broke the Internet With This insane Confession,1
What Happened Next Will Leave You Speechless,1
The Truth About social media Finally Revealed,1
The IMF Approves New social security reform Aimed at expand access to education — What It Means for You,0
What Happened Next Will Leave You Speechless,1
The FDA Calls for International Cooperation on tech regulation,0
Officials Warn of energy shortages as the winter season Approaches,0
We Tried meditation for 30 Days — Here's What Happened,1
21 Shocking Secrets caffeine Doesn't Want You to Know,1
Nobody Told You This About productivity Until Now,1
This One Weird Trick Will Change Your life Forever,1
Scientists Are Baffled by This disturbing Discovery,1
We Tried cold showers for 30 Days — Here's What Happened,1
15 Things You're Doing Wrong Every Day,1
India Reports strong recovery in exports for Q4 2023,0
Is your body Ruining Your Life? 21 Warning Signs,1
Nobody Told You This About life Until Now,1
10 Shocking Secrets medicine Doesn't Want You to Know,1
The Federal Reserve Releases Annual Healthcare Access Report,0
We Asked 15 Experts About the media — This Is What They Said,1
Study Finds better cognitive performance Linked to sedentary behaviour,0
The WHO Releases Annual Healthcare Access Report,0
You Won't Believe What A Scientist Did Next!,1
This One Weird Trick Will Change Your career Forever,1
10 Things You're Doing Wrong Every Day,1
Nobody Told You This About sleep Until Now,1
Only 9% of People Can Pass This Quiz,1
The Truth About the housing market Finally Revealed,1
We Tried this workout for 30 Days — Here's What Happened,1
Here's Why Everyone Is Talking About relationships,1
NASA Calls for International Cooperation on bilateral relations,0
Scientists Discover an enzyme variant That Could transform treatment options,0
Nobody Told You This About health Until Now,1
Scientists Are Baffled by This unexpected Discovery,1
This One Weird Trick Will Change Your health Forever,1
The Director Meets with NATO representatives to Discuss human rights,0
New Research Links sedentary behaviour to higher stress levels in Large Population Study,0
Here's Why Everyone Is Talking About mindset,1
Officials Warn of rising inflation as the fiscal year end Approaches,0
You Won't Believe What This Doctor Did Next!,1
Study Finds higher stress levels Linked to environmental exposure,0
The World Bank Calls for International Cooperation on human rights,0
The Internet Is Losing Its Mind Over This hilarious life,1
The mindset Hack That Has Experts Divided,1
The Internet Is Losing Its Mind Over This hilarious health,1
Japan Reports unexpected stability in public debt for Q4 2022,0
What Happened Next Will Leave You Speechless,1
You May Be Surprised to Learn What A Billionaire Did Next,1
The United States Reports a 3.2% increase in public debt for Q2 2024,0
You Won't Believe What This Celebrity Did Next!,1
17 Shocking Secrets your commute Doesn't Want You to Know,1
Only 9% of People Can Pass This Quiz,1
This One Weird Trick Will Change Your sleep Forever,1
You Won't Believe What An AI Chatbot Did Next!,1
Scientists Are Baffled by This stunning Discovery,1
New Research Links sedentary behaviour to improved sleep quality in Large Population Study,0
Nobody Told You This About mindset Until Now,1
viral Photos That Prove the housing market Is Real,1
The career Hack That Has Experts Divided,1
bizarre Photos That Prove your diet Is Real,1
Only 21% of People Can Pass This Quiz,1
We Tried cold showers for 30 Days — Here's What Happened,1
Is social media Ruining Your Life? 9 Warning Signs,1
Nobody Told You This About finances Until Now,1
What Happened Next Will Leave You Speechless,1
Study Finds greater longevity Linked to economic inequality,0
We Asked 7 Experts About your diet — This Is What They Said,1
The Internet Is Losing Its Mind Over This unexpected mindset,1
This One Weird Trick Will Change Your wardrobe Forever,1
Study Finds reduced recovery time Linked to genetic predisposition,0
A Famous Chef Just Broke the Internet With This disturbing Confession,1
Nobody Told You This About sleep Until Now,1
New Research Links air quality to reduced recovery time in Large Population Study,0
Only 30% of People Can Pass This Quiz,1
The Supreme Court Calls for International Cooperation on security,0
We Tried this diet for 30 Days — Here's What Happened,1
Study Finds reduced recovery time Linked to environmental exposure,0
Analysis: How the election Could Reshape climate change Policy — What It Means for You,0
The Truth About your body Finally Revealed,1
emotional Photos That Prove this app Is Real,1
This A Billionaire Just Revealed Something Nobody Expected,1
7 Shocking Secrets history Doesn't Want You to Know,1
Scientists Are Baffled by This jaw-dropping Discovery,1
Only 10% of People Can Pass This Quiz,1
unexpected Photos That Prove the housing market Is Real,1
The finances Hack That Has Experts Divided,1
The Truth About your commute Finally Revealed,1
This Is the Most mind-blowing Thing You'll See Today,1
100 Things You're Doing Wrong Every Day,1
Market fluctuates as Investors React to the summit,0
We Tried yoga for 30 Days — Here's What Happened,1
You Won't Believe What A Former Employee Did Next!,1
13 Shocking Secrets the government Doesn't Want You to Know,1
We Tried this workout for 30 Days — Here's What Happened,1
Analysis: How the trade negotiations Could Reshape economic policy Policy,0
We Tried this device for 30 Days — Here's What Happened,1
New Research Links economic inequality to better cognitive performance in Large Population Study,0
Microsoft Announces Partnership with The EU on boost economic growth,0
Is this app Ruining Your Life? 10 Warning Signs,1
Analysis: How the quarterly review Could Reshape climate change Policy,0
The Governor Meets with G20 delegates to Discuss migration,0
We Asked 5 Experts About this app — This Is What They Said,1
The Internet Is Losing Its Mind Over This outrageous skin,1
Scientists Discover a neural pathway That Could transform treatment options,0
Your Favorite Star Just Broke the Internet With This unbelievable Confession,1
7 Shocking Secrets caffeine Doesn't Want You to Know,1
This Video Will Make You Rethink Everything About your brain,1
The African Union Calls for International Cooperation on trade,0
The diet Hack That Has Experts Divided,1
bizarre Photos That Prove your boss Is Real,1
mind-blowing Photos That Prove your body Is Real,1
You May Be Surprised to Learn What A Fitness Guru Did Next,1
3 Shocking Secrets medicine Doesn't Want You to Know,1
Pfizer Announces Partnership with The Supreme Court on reduce emissions,0
Nobody Told You This About skin Until Now,1
Nobody Told You This About skin Until Now,1
Officials Warn of public health risks as the winter season Approaches,0
13 Things You're Doing Wrong Every Day,1
Officials Warn of supply chain disruptions as the policy deadline Approaches,0
21 Shocking Secrets your body Doesn't Want You to Know,1
The Internet Is Losing Its Mind Over This unexpected career,1
We Asked 9 Experts About medicine — This Is What They Said,1
Study Finds increased risk Linked to sedentary behaviour,0
This Video Will Make You Rethink Everything About the government,1
What Happened Next Will Leave You Speechless,1
Only 13% of People Can Pass This Quiz,1
Scientists Are Baffled by This controversial Discovery,1
What Happened Next Will Leave You Speechless,1
Meta Reports a significant decline Revenue in Q1 2023 Earnings,0
We Tried yoga for 30 Days — Here's What Happened,1
Nobody Told You This About wardrobe Until Now,1
Only 10% of People Can Pass This Quiz,1
This Video Will Make You Rethink Everything About social media,1
Study Finds increased risk Linked to environmental exposure,0
We Asked 9 Experts About the government — This Is What They Said,1
Is your commute Ruining Your Life? 7 Warning Signs,1
The Truth About history Finally Revealed,1
This Doctor Just Broke the Internet With This insane Confession,1
Market rallies as Investors React to the fiscal year end — What It Means for You,0
A Scientist Just Broke the Internet With This emotional Confession,1
New Research Links diet and lifestyle to increased risk in Large Population Study,0
You Won't Believe What A Former Employee Did Next!,1
Market rallies as Investors React to the quarterly review,0
Scientists Are Baffled by This unexpected Discovery,1
The Truth About the housing market Finally Revealed,1
The Federal Reserve Calls for International Cooperation on security,0
We Asked 100 Experts About history — This Is What They Said,1
This Is the Most outrageous Thing You'll See Today,1
We Tried yoga for 30 Days — Here's What Happened,1
Scientists Are Baffled by This bizarre Discovery,1
17 Shocking Secrets your diet Doesn't Want You to Know,1
Is science Ruining Your Life? 30 Warning Signs,1
New Research Links economic inequality to lower rates of chronic disease in Large Population Study,0
Only 13% of People Can Pass This Quiz,1
We Tried meditation for 30 Days — Here's What Happened,1
This Is the Most controversial Thing You'll See Today,1
You Won't Believe What A Billionaire Did Next!,1
Japan Reports strong recovery in energy consumption for Q1 2023,0
What Happened Next Will Leave You Speechless,1
We Tried this app for 30 Days — Here's What Happened,1
The President Meets with regional heads of state to Discuss climate change — What It Means for You,0
21 Shocking Secrets science Doesn't Want You to Know,1
The Truth About medicine Finally Revealed,1
This A Scientist Just Revealed Something Nobody Expected,1
3 Things You're Doing Wrong Every Day,1
17 Things You're Doing Wrong Every Day,1
We Asked 9 Experts About this app — This Is What They Said,1
Analysis: How the international conference Could Reshape bilateral relations Policy,0
Here's Why Everyone Is Talking About relationships,1
Here's Why Everyone Is Talking About mindset,1
We Asked 21 Experts About the government — This Is What They Said,1
Officials Warn of severe weather as the winter season Approaches,0
Here's Why Everyone Is Talking About productivity,1
Only 30% of People Can Pass This Quiz,1
This One Weird Trick Will Change Your relationships Forever,1
The Mayor Meets with G7 partners to Discuss bilateral relations,0
The World Bank Approves New healthcare reform Aimed at boost economic growth,0
The Internet Is Losing Its Mind Over This controversial finances,1
Only 30% of People Can Pass This Quiz,1
Nobody Told You This About finances Until Now,1
What Happened Next Will Leave You Speechless,1
This Is the Most controversial Thing You'll See Today,1
NASA Approves New education bill Aimed at expand access to education,0
What Happened Next Will Leave You Speechless,1
emotional Photos That Prove your body Is Real,1
This A Former Employee Just Revealed Something Nobody Expected,1
The UN Releases Annual Economic Outlook Report,0
This An AI Chatbot Just Revealed Something Nobody Expected,1
Scientists Are Baffled by This emotional Discovery,1
Only 5% of People Can Pass This Quiz,1
Chevron Reports steady growth Revenue in Q3 2023 Earnings,0
The UN Releases Annual Education Progress Report,0
viral Photos That Prove science Is Real,1
This Video Will Make You Rethink Everything About your boss,1
Nobody Told You This About morning routine Until Now,1
We Asked 5 Experts About your commute — This Is What They Said,1
Officials Warn of geopolitical tensions as the winter season Approaches,0
South Korea Reports steady growth in exports for Q4 2022,0
Analysis: How the election Could Reshape security Policy,0
Here's Why Everyone Is Talking About sleep,1
Your Favorite Star Just Broke the Internet With This bizarre Confession,1
We Tried this workout for 30 Days — Here's What Happened,1
Officials Warn of cyber threats as the international conference Approaches,0
Canada Passes Legislation on cybersecurity regulation After Months of Debate,0
Nobody Told You This About career Until Now,1
The Internet Is Losing Its Mind Over This stunning career,1
We Asked 3 Experts About your brain — This Is What They Said,1
Nobody Told You This About mindset Until Now,1
You Won't Believe What A Fitness Guru Did Next!,1
hilarious Photos That Prove medicine Is Real,1
The Internet Is Losing Its Mind Over This bizarre skin,1
5 Things You're Doing Wrong Every Day,1
The Truth About your commute Finally Revealed,1
3 Shocking Secrets history Doesn't Want You to Know,1
Seattle Launches New mental health Program for Residents,0
The Internet Is Losing Its Mind Over This insane health,1
The Internet Is Losing Its Mind Over This jaw-dropping wardrobe,1
This One Weird Trick Will Change Your career Forever,1
This Is the Most outrageous Thing You'll See Today,1
This One Weird Trick Will Change Your mindset Forever,1
We Tried journaling for 30 Days — Here's What Happened,1
Chicago Launches New affordable housing Program for Residents,0
10 Things You're Doing Wrong Every Day,1
The Truth About the government Finally Revealed,1
This Video Will Make You Rethink Everything About your diet,1
NASA Approves New cybersecurity regulation Aimed at improve public health — What It Means for You,0
The morning routine Hack That Has Experts Divided,1
The World Bank Calls for International Cooperation on tech regulation,0
Is your boss Ruining Your Life? 9 Warning Signs,1
Chicago Launches New mental health Program for Residents,0
Congress Releases Annual Human Development Report,0
Mexico Reports strong recovery in exports for Q1 2024,0
Only 13% of People Can Pass This Quiz,1
Is this app Ruining Your Life? 9 Warning Signs,1
Only 9% of People Can Pass This Quiz,1
We Asked 100 Experts About your commute — This Is What They Said,1
The life Hack That Has Experts Divided,1
Nobody Told You This About skin Until Now,1
Analysis: How the fiscal year end Could Reshape economic policy Policy,0
A Famous Chef Just Broke the Internet With This bizarre Confession,1
Microsoft Announces Partnership with The EU on cut deficit spending — What It Means for You,0
Here's Why Everyone Is Talking About relationships,1
Scientists Discover an enzyme variant That Could improve early detection,0
This Politician Just Broke the Internet With This insane Confession,1
We Asked 21 Experts About the media — This Is What They Said,1
We Asked 25 Experts About your diet — This Is What They Said,1
A Scientist Just Broke the Internet With This unexpected Confession,1
This Celebrity Just Broke the Internet With This viral Confession,1
The Truth About science Finally Revealed,1
A Billionaire Just Broke the Internet With This controversial Confession,1
21 Shocking Secrets this app Doesn't Want You to Know,1
Goldman Sachs Announces Partnership with UNICEF on cut deficit spending — What It Means for You,0
This Is the Most terrifying Thing You'll See Today,1
A Billionaire Just Broke the Internet With This viral Confession,1
The Truth About the government Finally Revealed,1
We Tried yoga for 30 Days — Here's What Happened,1
We Tried this device for 30 Days — Here's What Happened,1
This A Former Employee Just Revealed Something Nobody Expected,1
This Politician Just Broke the Internet With This heartwarming Confession,1
Microsoft Reports a significant decline Revenue in Q3 2024 Earnings,0
stunning Photos That Prove the government Is Real,1
We Tried this device for 30 Days — Here's What Happened,1
This One Weird Trick Will Change Your skin Forever,1
Nobody Told You This About skin Until Now,1
Only 7% of People Can Pass This Quiz,1
Nobody Told You This About health Until Now,1
This Is the Most controversial Thing You'll See Today,1
Only 7% of People Can Pass This Quiz,1
The productivity Hack That Has Experts Divided,1
You Won't Believe What Your Favorite Star Did Next!,1
This This Celebrity Just Revealed Something Nobody Expected,1
Goldman Sachs Announces Partnership with Congress on reduce emissions,0
Scientists Discover a novel protein That Could improve early detection,0
Nobody Told You This About productivity Until Now,1
China Reports a significant decline in trade deficit for Q4 2022,0
The Truth About caffeine Finally Revealed,1
13 Shocking Secrets your commute Doesn't Want You to Know,1
Here's Why Everyone Is Talking About sleep,1
New Research Links social factors to higher stress levels in Large Population Study,0
The Truth About your diet Finally Revealed,1
The Internet Is Losing Its Mind Over This terrifying finances,1
This Is the Most mind-blowing Thing You'll See Today,1
9 Things You're Doing Wrong Every Day,1
We Asked 15 Experts About your commute — This Is What They Said,1
We Asked 15 Experts About your brain — This Is What They Said,1
We Asked 15 Experts About your boss — This Is What They Said,1
Study Finds increased risk Linked to environmental exposure,0
emotional Photos That Prove your body Is Real,1
Canada Passes Legislation on healthcare reform After Months of Debate,0
17 Things You're Doing Wrong Every Day,1
This Is the Most outrageous Thing You'll See Today,1
The Truth About science Finally Revealed,1
This A Billionaire Just Revealed Something Nobody Expected,1
Market steadies as Investors React to the quarterly review — What It Means for You,0
Nobody Told You This About health Until Now,1
This A Former Employee Just Revealed Something Nobody Expected,1
Amazon Announces Partnership with The UN on boost economic growth,0
17 Shocking Secrets your boss Doesn't Want You to Know,1
Is the media Ruining Your Life? 7 Warning Signs,1
The OECD Approves New trade agreement Aimed at boost economic growth,0
Study Finds greater longevity Linked to genetic predisposition,0
Australia Passes Legislation on trade agreement After Months of Debate,0
Here's Why Everyone Is Talking About mindset,1
We Asked 30 Experts About caffeine — This Is What They Said,1
The CEO Meets with regional heads of state to Discuss human rights,0
New Research Links economic inequality to higher stress levels in Large Population Study,0
This Video Will Make You Rethink Everything About your boss,1
The Chancellor Meets with the UN Secretary-General to Discuss migration,0
Germany Reports a 3.2% increase in energy consumption for Q4 2023,0
We Tried meditation for 30 Days — Here's What Happened,1
Canada Reports unexpected stability in inflation for Q4 2022,0
The EU Approves New trade agreement Aimed at expand access to education — What It Means for You,0
This This Doctor Just Revealed Something Nobody Expected,1
Mexico Passes Legislation on cybersecurity regulation After Months of Debate,0
5 Things You're Doing Wrong Every Day,1
Market drops sharply as Investors React to the international conference,0
outrageous Photos That Prove the housing market Is Real,1
What Happened Next Will Leave You Speechless,1
Meta Reports flat growth Revenue in Q3 2024 Earnings,0
Study Finds reduced recovery time Linked to environmental exposure,0
Scientists Are Baffled by This terrifying Discovery,1
This Video Will Make You Rethink Everything About your boss,1
We Asked 15 Experts About caffeine — This Is What They Said,1
Scientists Are Baffled by This bizarre Discovery,1
This Is the Most insane Thing You'll See Today,1
You Won't Believe What A Billionaire Did Next!,1
You Won't Believe What An AI Chatbot Did Next!,1
Microsoft Announces Partnership with The Federal Reserve on cut deficit spending — What It Means for You,0
Nobody Told You This About life Until Now,1
5 Shocking Secrets caffeine Doesn't Want You to Know,1
This Is the Most emotional Thing You'll See Today,1
The Truth About your commute Finally Revealed,1
Meta Announces Partnership with The EU on improve public health,0
A Fitness Guru Just Broke the Internet With This heartwarming Confession,1
The Prime Minister Meets with G20 delegates to Discuss security,0
Nobody Told You This About life Until Now,1
This One Weird Trick Will Change Your diet Forever,1
The President Meets with G20 delegates to Discuss migration,0
Scientists Are Baffled by This disturbing Discovery,1
Is the media Ruining Your Life? 10 Warning Signs,1
What Happened Next Will Leave You Speechless,1
Houston Launches New early childhood education Program for Residents,0
This One Weird Trick Will Change Your morning routine Forever,1
The wardrobe Hack That Has Experts Divided,1
Is caffeine Ruining Your Life? 15 Warning Signs,1
You May Be Surprised to Learn What A Local Teacher Did Next,1
9 Shocking Secrets your commute Doesn't Want You to Know,1
hilarious Photos That Prove the government Is Real,1
hilarious Photos That Prove your brain Is Real,1
This Video Will Make You Rethink Everything About your brain,1
This Is the Most jaw-dropping Thing You'll See Today,1
15 Things You're Doing Wrong Every Day,1
This One Weird Trick Will Change Your diet Forever,1
The mindset Hack That Has Experts Divided,1
Is your body Ruining Your Life? 7 Warning Signs,1
The Truth About your body Finally Revealed,1
We Asked 21 Experts About science — This Is What They Said,1
We Tried cold showers for 30 Days — Here's What Happened,1
Scientists Are Baffled by This hilarious Discovery,1
This Is the Most stunning Thing You'll See Today,1
The Prime Minister Meets with regional heads of state to Discuss trade,0
Japan Passes Legislation on education bill After Months of Debate,0
We Asked 10 Experts About your commute — This Is What They Said,1
We Asked 30 Experts About your commute — This Is What They Said,1
This Video Will Make You Rethink Everything About your brain,1
Only 25% of People Can Pass This Quiz,1
A Fitness Guru Just Broke the Internet With This jaw-dropping Confession,1
17 Things You're Doing Wrong Every Day,1
25 Things You're Doing Wrong Every Day,1
This This Politician Just Revealed Something Nobody Expected,1
The Internet Is Losing Its Mind Over This outrageous diet,1
We Asked 13 Experts About caffeine — This Is What They Said,1
Pfizer Announces Partnership with The OECD on cut deficit spending,0
Tesla Reports strong recovery Revenue in Q1 2024 Earnings — What It Means for You,0
The Truth About science Finally Revealed,1
15 Things You're Doing Wrong Every Day,1
5 Things You're Doing Wrong Every Day,1
This One Weird Trick Will Change Your morning routine Forever,1
Scientists Are Baffled by This terrifying Discovery,1
This A Scientist Just Revealed Something Nobody Expected,1
Analysis: How the quarterly review Could Reshape human rights Policy,0
We Tried journaling for 30 Days — Here's What Happened,1
Market retreats as Investors React to the quarterly review,0
This Is the Most insane Thing You'll See Today,1
7 Shocking Secrets your commute Doesn't Want You to Know,1
What Happened Next Will Leave You Speechless,1
The EU Approves New infrastructure plan Aimed at modernise transport networks,0
New Research Links access to healthcare to reduced recovery time in Large Population Study,0
Microsoft Announces Partnership with The World Bank on boost economic growth,0
Nobody Told You This About mindset Until Now,1
This Video Will Make You Rethink Everything About history,1
Meta Announces Partnership with The Federal Reserve on expand access to education,0
The Truth About your brain Finally Revealed,1
New Research Links genetic predisposition to lower rates of chronic disease in Large Population Study,0
Is the media Ruining Your Life? 10 Warning Signs,1
The Internet Is Losing Its Mind Over This heartwarming health,1
Goldman Sachs Announces Partnership with The UN on boost economic growth,0
Scientists Discover a novel protein That Could reduce recovery time,0
This Video Will Make You Rethink Everything About the government,1
This Is the Most insane Thing You'll See Today,1
What Happened Next Will Leave You Speechless,1
The career Hack That Has Experts Divided,1
Scientists Are Baffled by This viral Discovery,1
Here's Why Everyone Is Talking About skin,1
jaw-dropping Photos That Prove caffeine Is Real,1
Nobody Told You This About finances Until Now,1
We Tried this app for 30 Days — Here's What Happened,1
An AI Chatbot Just Broke the Internet With This terrifying Confession,1
Nobody Told You This About life Until Now,1
disturbing Photos That Prove your commute Is Real,1
What Happened Next Will Leave You Speechless,1
The Internet Is Losing Its Mind Over This hilarious finances,1
The Internet Is Losing Its Mind Over This controversial relationships,1
Scientists Are Baffled by This disturbing Discovery,1
This An AI Chatbot Just Revealed Something Nobody Expected,1
Only 9% of People Can Pass This Quiz,1
Is the government Ruining Your Life? 5 Warning Signs,1
The UN Calls for International Cooperation on climate change,0
Nobody Told You This About mindset Until Now,1
30 Shocking Secrets this app Doesn't Want You to Know,1
You May Be Surprised to Learn What A Scientist Did Next,1
This A Local Teacher Just Revealed Something Nobody Expected,1
What Happened Next Will Leave You Speechless,1
The FDA Approves New tax legislation Aimed at reduce emissions,0
Italy Passes Legislation on data privacy law After Months of Debate,0
The health Hack That Has Experts Divided,1
Scientists Discover a bacterial strain That Could improve early detection,0
A Scientist Just Broke the Internet With This heartwarming Confession,1
The WHO Releases Annual Healthcare Access Report,0
15 Shocking Secrets the government Doesn't Want You to Know,1
Study Finds better cognitive performance Linked to social factors,0
mind-blowing Photos That Prove your brain Is Real,1
The health Hack That Has Experts Divided,1
The Internet Is Losing Its Mind Over This controversial wardrobe,1
You Won't Believe What This Politician Did Next!,1
Goldman Sachs Reports a sharp 6% rise Revenue in Q3 2023 Earnings,0
This One Weird Trick Will Change Your finances Forever,1
The Director Meets with G7 partners to Discuss security,0
The Internet Is Losing Its Mind Over This controversial diet,1
You Won't Believe What A Billionaire Did Next!,1
Officials Warn of currency volatility as the election Approaches,0
Here's Why Everyone Is Talking About diet,1
This Is the Most emotional Thing You'll See Today,1
This Video Will Make You Rethink Everything About social media,1
We Asked 17 Experts About the housing market — This Is What They Said,1
Pfizer Reports flat growth Revenue in Q1 2024 Earnings,0
The Internet Is Losing Its Mind Over This mind-blowing diet,1
Chicago Launches New early childhood education Program for Residents — What It Means for You,0
The Supreme Court Calls for International Cooperation on bilateral relations,0
The World Bank Calls for International Cooperation on tech regulation,0
Pfizer Reports a modest 1.5% drop Revenue in Q2 2024 Earnings,0
The Truth About the media Finally Revealed,1
Is social media Ruining Your Life? 25 Warning Signs,1
This One Weird Trick Will Change Your morning routine Forever,1
What Happened Next Will Leave You Speechless,1
Only 21% of People Can Pass This Quiz,1
We Asked 17 Experts About your boss — This Is What They Said,1
What Happened Next Will Leave You Speechless,1
Scientists Are Baffled by This jaw-dropping Discovery,1
We Tried this app for 30 Days — Here's What Happened,1
Is the government Ruining Your Life? 17 Warning Signs,1
This Doctor Just Broke the Internet With This controversial Confession,1
The Secretary of State Meets with trade officials to Discuss human rights,0
This A Billionaire Just Revealed Something Nobody Expected,1
Scientists Are Baffled by This viral Discovery,1
This Is the Most unbelievable Thing You'll See Today,1
Here's Why Everyone Is Talking About morning routine,1
Scientists Are Baffled by This viral Discovery,1
Officials Warn of energy shortages as the fiscal year end Approaches — What It Means for You,0
The Internet Is Losing Its Mind Over This bizarre diet,1
Only 25% of People Can Pass This Quiz,1
You Won't Believe What This Celebrity Did Next!,1
Boston Launches New early childhood education Program for Residents,0
Is your body Ruining Your Life? 7 Warning Signs,1
Nobody Told You This About career Until Now,1
This One Weird Trick Will Change Your wardrobe Forever,1
Only 9% of People Can Pass This Quiz,1
Here's Why Everyone Is Talking About productivity,1
Market retreats as Investors React to the winter season,0
This An AI Chatbot Just Revealed Something Nobody Expected,1
We Asked 7 Experts About your brain — This Is What They Said,1
Scientists Are Baffled by This hilarious Discovery,1
Is caffeine Ruining Your Life? 5 Warning Signs,1
What Happened Next Will Leave You Speechless,1
A Fitness Guru Just Broke the Internet With This insane Confession,1
Officials Warn of energy shortages as the election Approaches,0
A Billionaire Just Broke the Internet With This bizarre Confession,1
The Federal Reserve Approves New climate policy Aimed at strengthen national security,0
What Happened Next Will Leave You Speechless,1
hilarious Photos That Prove your commute Is Real,1
30 Things You're Doing Wrong Every Day,1
The FDA Calls for International Cooperation on climate change,0
Scientists Discover a new compound That Could reduce recovery time,0
We Asked 9 Experts About history — This Is What They Said,1
What Happened Next Will Leave You Speechless,1
Market edges higher as Investors React to the fiscal year end — What It Means for You,0
Denver Launches New digital literacy Program for Residents,0
The FDA Calls for International Cooperation on trade,0
San Antonio Launches New job training Program for Residents,0
30 Things You're Doing Wrong Every Day,1
Chevron Reports record highs Revenue in Q4 2023 Earnings — What It Means for You,0
Study Finds better cognitive performance Linked to environmental exposure,0
This Video Will Make You Rethink Everything About your boss,1
You Won't Believe What This Celebrity Did Next!,1
The World Bank Approves New healthcare reform Aimed at cut deficit spending,0
The mindset Hack That Has Experts Divided,1
Is caffeine Ruining Your Life? 25 Warning Signs,1
The sleep Hack That Has Experts Divided,1
What Happened Next Will Leave You Speechless,1
We Tried cold showers for 30 Days — Here's What Happened,1
This One Weird Trick Will Change Your life Forever,1
UNICEF Approves New tax legislation Aimed at expand access to education,0
This One Weird Trick Will Change Your career Forever,1
Scientists Are Baffled by This bizarre Discovery,1
This Video Will Make You Rethink Everything About the government,1
What Happened Next Will Leave You Speechless,1
This Is the Most controversial Thing You'll See Today,1
This Video Will Make You Rethink Everything About the media,1
Analysis: How the international conference Could Reshape tech regulation Policy — What It Means for You,0
South Korea Passes Legislation on social security reform After Months of Debate,0
New Research Links genetic predisposition to increased risk in Large Population Study,0
Here's Why Everyone Is Talking About mindset,1
We Tried this supplement for 30 Days — Here's What Happened,1
This One Weird Trick Will Change Your wardrobe Forever,1
This One Weird Trick Will Change Your sleep Forever,1
5 Shocking Secrets science Doesn't Want You to Know,1
This Is the Most disturbing Thing You'll See Today,1
This This Doctor Just Revealed Something Nobody Expected,1
Congress Calls for International Cooperation on economic policy — What It Means for You,0
This Video Will Make You Rethink Everything About the housing market,1
Here's Why Everyone Is Talking About life,1
Only 15% of People Can Pass This Quiz,1
Nobody Told You This About productivity Until Now,1
This Video Will Make You Rethink Everything About science,1
The diet Hack That Has Experts Divided,1
This A Fitness Guru Just Revealed Something Nobody Expected,1
This One Weird Trick Will Change Your health Forever,1
We Tried yoga for 30 Days — Here's What Happened,1
You Won't Believe What A Scientist Did Next!,1
Boston Launches New mental health Program for Residents — What It Means for You,0
This One Weird Trick Will Change Your finances Forever,1
Here's Why Everyone Is Talking About sleep,1
The IMF Approves New cybersecurity regulation Aimed at boost economic growth,0
Scientists Are Baffled by This mind-blowing Discovery,1
25 Things You're Doing Wrong Every Day,1
Italy Passes Legislation on healthcare reform After Months of Debate,0
The Truth About the media Finally Revealed,1
Scientists Are Baffled by This emotional Discovery,1
Boeing Reports unexpected stability Revenue in Q1 2023 Earnings,0
7 Shocking Secrets your boss Doesn't Want You to Know,1
This Is the Most unexpected Thing You'll See Today,1
UNICEF Calls for International Cooperation on security — What It Means for You,0
This One Weird Trick Will Change Your morning routine Forever,1
Only 15% of People Can Pass This Quiz,1
The EU Approves New data privacy law Aimed at improve public health,0
Analysis: How the election Could Reshape security Policy,0
We Asked 3 Experts About the government — This Is What They Said,1
We Tried this diet for 30 Days — Here's What Happened,1
The EU Approves New infrastructure plan Aimed at reduce emissions,0
The OECD Releases Annual Education Progress Report — What It Means for You,0
This One Weird Trick Will Change Your morning routine Forever,1
The OECD Releases Annual Climate Action Report,0
The Truth About this app Finally Revealed,1
Market retreats as Investors React to the international conference,0
7 Shocking Secrets the housing market Doesn't Want You to Know,1
Scientists Are Baffled by This outrageous Discovery,1
We Tried yoga for 30 Days — Here's What Happened,1
We Tried this app for 30 Days — Here's What Happened,1
Analysis: How the international conference Could Reshape trade Policy,0
Scientists Are Baffled by This insane Discovery,1
The CEO Meets with world leaders to Discuss security,0
The Truth About science Finally Revealed,1
Amazon Reports steady growth Revenue in Q3 2024 Earnings — What It Means for You,0
10 Shocking Secrets social media Doesn't Want You to Know,1
This One Weird Trick Will Change Your diet Forever,1
You Won't Believe What Your Favorite Star Did Next!,1
30 Things You're Doing Wrong Every Day,1
The Internet Is Losing Its Mind Over This outrageous health,1
Congress Calls for International Cooperation on migration,0
This One Weird Trick Will Change Your productivity Forever,1
Scientists Are Baffled by This stunning Discovery,1
You Won't Believe What A Random Stranger Did Next!,1
Only 100% of People Can Pass This Quiz,1
New Research Links economic inequality to better cognitive performance in Large Population Study,0
Market drops sharply as Investors React to the international conference,0
This Video Will Make You Rethink Everything About your diet,1
Your Favorite Star Just Broke the Internet With This jaw-dropping Confession,1
This Is the Most hilarious Thing You'll See Today,1
The Internet Is Losing Its Mind Over This insane sleep,1
Market rallies as Investors React to the international conference,0
Italy Reports a 3.2% increase in energy consumption for Q1 2024,0
Officials Warn of geopolitical tensions as the quarterly review Approaches,0
This Is the Most terrifying Thing You'll See Today,1
This A Local Teacher Just Revealed Something Nobody Expected,1
A Famous Chef Just Broke the Internet With This mind-blowing Confession,1
We Tried this technique for 30 Days — Here's What Happened,1
Los Angeles Launches New early childhood education Program for Residents,0
Is this app Ruining Your Life? 25 Warning Signs,1
What Happened Next Will Leave You Speechless,1
Is your brain Ruining Your Life? 21 Warning Signs,1
Only 9% of People Can Pass This Quiz,1
The Internet Is Losing Its Mind Over This mind-blowing sleep,1
Brazil Passes Legislation on tax legislation After Months of Debate,0
Is the media Ruining Your Life? 7 Warning Signs,1
Study Finds reduced recovery time Linked to economic inequality,0
5 Shocking Secrets science Doesn't Want You to Know,1
Study Finds increased risk Linked to diet and lifestyle,0
Only 5% of People Can Pass This Quiz,1
We Asked 5 Experts About science — This Is What They Said,1
7 Shocking Secrets this app Doesn't Want You to Know,1
This Video Will Make You Rethink Everything About your brain,1
7 Shocking Secrets the media Doesn't Want You to Know,1
Denver Launches New affordable housing Program for Residents,0
The sleep Hack That Has Experts Divided,1
Meta Announces Partnership with The Federal Reserve on reduce emissions,0
100 Things You're Doing Wrong Every Day,1
Brazil Passes Legislation on healthcare reform After Months of Debate,0
30 Shocking Secrets your body Doesn't Want You to Know,1
What Happened Next Will Leave You Speechless,1
The FDA Releases Annual Healthcare Access Report,0
This This Politician Just Revealed Something Nobody Expected,1
We Asked 9 Experts About your body — This Is What They Said,1
Only 100% of People Can Pass This Quiz,1
This Video Will Make You Rethink Everything About the government,1
You Won't Believe What This Politician Did Next!,1
This One Weird Trick Will Change Your sleep Forever,1
Officials Warn of cyber threats as the summit Approaches,0
Only 10% of People Can Pass This Quiz,1
The Internet Is Losing Its Mind Over This heartwarming finances,1
Congress Calls for International Cooperation on trade — What It Means for You,0
insane Photos That Prove history Is Real,1
The Chancellor Meets with G20 delegates to Discuss economic policy,0
Only 21% of People Can Pass This Quiz,1
This One Weird Trick Will Change Your sleep Forever,1
Only 30% of People Can Pass This Quiz,1
Your Favorite Star Just Broke the Internet With This disturbing Confession,1
Market drops sharply as Investors React to the international conference,0
The UK Passes Legislation on healthcare reform After Months of Debate,0
This Video Will Make You Rethink Everything About the media,1
This One Weird Trick Will Change Your diet Forever,1
Study Finds higher stress levels Linked to air quality,0
100 Things You're Doing Wrong Every Day,1
You Won't Believe What This Politician Did Next!,1
What Happened Next Will Leave You Speechless,1
The FDA Releases Annual Climate Action Report,0
Congress Calls for International Cooperation on trade,0
We Tried this device for 30 Days — Here's What Happened,1
3 Shocking Secrets your commute Doesn't Want You to Know,1
The Truth About your diet Finally Revealed,1
This This Celebrity Just Revealed Something Nobody Expected,1
New York Launches New affordable housing Program for Residents,0
San Antonio Launches New affordable housing Program for Residents,0
India Reports steady growth in public debt for Q1 2024,0
New Research Links economic inequality to higher stress levels in Large Population Study,0
Congress Calls for International Cooperation on trade,0
The relationships Hack That Has Experts Divided,1
The World Bank Approves New data privacy law Aimed at expand access to education,0
This Video Will Make You Rethink Everything About your diet,1
The mindset Hack That Has Experts Divided,1
The morning routine Hack That Has Experts Divided,1
Denver Launches New job training Program for Residents,0
Nobody Told You This About finances Until Now,1
This One Weird Trick Will Change Your life Forever,1
This Video Will Make You Rethink Everything About this app,1
Scientists Discover a genetic marker That Could open new avenues for research,0
Scientists Are Baffled by This outrageous Discovery,1
insane Photos That Prove the housing market Is Real,1
JPMorgan Announces Partnership with The WHO on strengthen national security,0
The Truth About medicine Finally Revealed,1
What Happened Next Will Leave You Speechless,1
A Fitness Guru Just Broke the Internet With This insane Confession,1
We Tried intermittent fasting for 30 Days — Here's What Happened,1
Study Finds higher stress levels Linked to economic inequality,0
Phoenix Launches New community safety Program for Residents,0
New Research Links diet and lifestyle to reduced recovery time in Large Population Study,0
You May Be Surprised to Learn What This Doctor Did Next,1
What Happened Next Will Leave You Speechless,1
This Is the Most bizarre Thing You'll See Today,1
Here's Why Everyone Is Talking About diet,1
disturbing Photos That Prove caffeine Is Real,1
5 Shocking Secrets your diet Doesn't Want You to Know,1
This Is the Most mind-blowing Thing You'll See Today,1
Analysis: How the international conference Could Reshape human rights Policy,0
The African Union Calls for International Cooperation on human rights,0
25 Things You're Doing Wrong Every Day,1
Meta Announces Partnership with NASA on cut deficit spending — What It Means for You,0
Analysis: How the summit Could Reshape climate change Policy — What It Means for You,0
This A Local Teacher Just Revealed Something Nobody Expected,1
jaw-dropping Photos That Prove social media Is Real,1
disturbing Photos That Prove the housing market Is Real,1
Apple Announces Partnership with The WHO on reduce emissions,0
5 Things You're Doing Wrong Every Day,1
This Video Will Make You Rethink Everything About your diet,1
The OECD Approves New infrastructure plan Aimed at modernise transport networks,0
The UN Approves New trade agreement Aimed at modernise transport networks,0
Scientists Are Baffled by This outrageous Discovery,1
The Truth About your brain Finally Revealed,1
The World Bank Releases Annual Gender Equality Report,0
We Tried this device for 30 Days — Here's What Happened,1
Scientists Are Baffled by This heartwarming Discovery,1
5 Shocking Secrets your commute Doesn't Want You to Know,1
Scientists Are Baffled by This jaw-dropping Discovery,1
Scientists Are Baffled by This stunning Discovery,1
South Korea Passes Legislation on tax legislation After Months of Debate,0
We Tried journaling for 30 Days — Here's What Happened,1
This A Local Teacher Just Revealed Something Nobody Expected,1
The Internet Is Losing Its Mind Over This emotional morning routine,1
Only 9% of People Can Pass This Quiz,1
The Truth About medicine Finally Revealed,1
outrageous Photos That Prove your brain Is Real,1
insane Photos That Prove medicine Is Real,1
The Truth About your commute Finally Revealed,1
Only 7% of People Can Pass This Quiz,1
The Internet Is Losing Its Mind Over This unexpected finances,1
The Internet Is Losing Its Mind Over This heartwarming career,1
3 Shocking Secrets the government Doesn't Want You to Know,1
Officials Warn of rising inflation as the winter season Approaches,0
The Internet Is Losing Its Mind Over This stunning relationships,1
What Happened Next Will Leave You Speechless,1
The Truth About medicine Finally Revealed,1
You Won't Believe What A Scientist Did Next!,1
This An AI Chatbot Just Revealed Something Nobody Expected,1
30 Things You're Doing Wrong Every Day,1
Only 5% of People Can Pass This Quiz,1
The career Hack That Has Experts Divided,1
Denver Launches New youth development Program for Residents — What It Means for You,0
New Research Links social factors to increased risk in Large Population Study,0
The African Union Calls for International Cooperation on human rights,0
This A Local Teacher Just Revealed Something Nobody Expected,1
We Tried journaling for 30 Days — Here's What Happened,1
Scientists Are Baffled by This controversial Discovery,1
This Video Will Make You Rethink Everything About science,1
Nobody Told You This About finances Until Now,1
We Asked 10 Experts About this app — This Is What They Said,1
We Asked 21 Experts About history — This Is What They Said,1
The Supreme Court Releases Annual Global Risk Report,0
Germany Reports a 3.2% increase in healthcare spending for Q3 2023 — What It Means for You,0
This One Weird Trick Will Change Your productivity Forever,1
Is social media Ruining Your Life? 13 Warning Signs,1
Analysis: How the international conference Could Reshape human rights Policy,0
A Local Teacher Just Broke the Internet With This unexpected Confession,1
Study Finds improved sleep quality Linked to environmental exposure,0
Analysis: How the international conference Could Reshape security Policy — What It Means for You,0
Analysis: How the international conference Could Reshape migration Policy,0
This Video Will Make You Rethink Everything About your brain,1
A Billionaire Just Broke the Internet With This terrifying Confession,1
What Happened Next Will Leave You Speechless,1
This Is the Most viral Thing You'll See Today,1
We Tried this app for 30 Days — Here's What Happened,1
The Secretary of State Meets with G20 delegates to Discuss bilateral relations,0
Scientists Are Baffled by This unexpected Discovery,1
Google Reports a modest 1.5% drop Revenue in Q3 2024 Earnings,0
Scientists Discover an ancient fossil That Could accelerate drug development,0
Study Finds better cognitive performance Linked to environmental exposure,0
Market rallies as Investors React to the winter season,0
This Is the Most emotional Thing You'll See Today,1
This This Celebrity Just Revealed Something Nobody Expected,1
Nobody Told You This About skin Until Now,1
This Your Favorite Star Just Revealed Something Nobody Expected,1
The Truth About the media Finally Revealed,1
This One Weird Trick Will Change Your health Forever,1
Officials Warn of public health risks as the international conference Approaches,0
We Asked 15 Experts About your body — This Is What They Said,1
The Truth About your commute Finally Revealed,1
21 Things You're Doing Wrong Every Day,1
9 Shocking Secrets your boss Doesn't Want You to Know,1
This A Scientist Just Revealed Something Nobody Expected,1
Australia Passes Legislation on social security reform After Months of Debate,0
Officials Warn of rising inflation as the summit Approaches — What It Means for You,0
We Asked 17 Experts About medicine — This Is What They Said,1
21 Shocking Secrets science Doesn't Want You to Know,1
25 Things You're Doing Wrong Every Day,1
jaw-dropping Photos That Prove caffeine Is Real,1
The UK Passes Legislation on infrastructure plan After Months of Debate — What It Means for You,0
We Tried this device for 30 Days — Here's What Happened,1
New Research Links air quality to better cognitive performance in Large Population Study,0
San Antonio Launches New mental health Program for Residents,0
Nobody Told You This About sleep Until Now,1
This One Weird Trick Will Change Your morning routine Forever,1
This One Weird Trick Will Change Your mindset Forever,1
This Is the Most insane Thing You'll See Today,1
The FDA Calls for International Cooperation on tech regulation,0
Market steadies as Investors React to the summit,0
Scientists Are Baffled by This disturbing Discovery,1
Your Favorite Star Just Broke the Internet With This hilarious Confession,1
Study Finds improved outcomes Linked to social factors,0
The Internet Is Losing Its Mind Over This bizarre life,1
The Truth About the government Finally Revealed,1
This One Weird Trick Will Change Your diet Forever,1
7 Shocking Secrets history Doesn't Want You to Know,1
Nobody Told You This About finances Until Now,1
We Asked 15 Experts About your body — This Is What They Said,1
The Internet Is Losing Its Mind Over This disturbing morning routine,1
Nobody Told You This About relationships Until Now,1
This Is the Most insane Thing You'll See Today,1
You Won't Believe What A Fitness Guru Did Next!,1
Canada Passes Legislation on social security reform After Months of Debate,0
Scientists Are Baffled by This bizarre Discovery,1
We Tried cold showers for 30 Days — Here's What Happened,1
5 Shocking Secrets your brain Doesn't Want You to Know,1
Boeing Reports steady growth Revenue in Q4 2022 Earnings,0
Microsoft Announces Partnership with UNICEF on expand access to education,0
30 Shocking Secrets your diet Doesn't Want You to Know,1
The President Meets with world leaders to Discuss human rights,0
What Happened Next Will Leave You Speechless,1
This Is the Most viral Thing You'll See Today,1
We Tried meditation for 30 Days — Here's What Happened,1
Meta Announces Partnership with The UN on boost economic growth — What It Means for You,0
You Won't Believe What This Politician Did Next!,1
Scientists Are Baffled by This disturbing Discovery,1
This One Weird Trick Will Change Your health Forever,1
The Supreme Court Calls for International Cooperation on economic policy,0
Boeing Announces Partnership with The EU on cut deficit spending,0
17 Things You're Doing Wrong Every Day,1
Is social media Ruining Your Life? 15 Warning Signs,1
Here's Why Everyone Is Talking About diet,1
The Internet Is Losing Its Mind Over This controversial relationships,1
10 Things You're Doing Wrong Every Day,1
13 Shocking Secrets science Doesn't Want You to Know,1
5 Things You're Doing Wrong Every Day,1
Scientists Discover a gravitational anomaly That Could open new avenues for research,0
The Truth About social media Finally Revealed,1
Meta Announces Partnership with The FDA on boost economic growth,0
This One Weird Trick Will Change Your health Forever,1
Analysis: How the election Could Reshape human rights Policy,0
emotional Photos That Prove your brain Is Real,1
Scientists Are Baffled by This hilarious Discovery,1
Canada Reports a 3.2% increase in consumer prices for Q3 2023,0
The Internet Is Losing Its Mind Over This unbelievable productivity,1
The Truth About social media Finally Revealed,1
An AI Chatbot Just Broke the Internet With This unbelievable Confession,1
Scientists Are Baffled by This bizarre Discovery,1
Study Finds improved sleep quality Linked to environmental exposure,0
Only 13% of People Can Pass This Quiz,1
The WHO Calls for International Cooperation on bilateral relations,0
Analysis: How the international conference Could Reshape trade Policy,0
30 Shocking Secrets your commute Doesn't Want You to Know,1
10 Shocking Secrets science Doesn't Want You to Know,1
This An AI Chatbot Just Revealed Something Nobody Expected,1
China Reports unexpected stability in exports for Q2 2024 — What It Means for You,0
3 Things You're Doing Wrong Every Day,1
What Happened Next Will Leave You Speechless,1
The health Hack That Has Experts Divided,1
We Tried this device for 30 Days — Here's What Happened,1
The Internet Is Losing Its Mind Over This bizarre relationships,1
This One Weird Trick Will Change Your skin Forever,1
We Tried intermittent fasting for 30 Days — Here's What Happened,1
15 Things You're Doing Wrong Every Day,1
hilarious Photos That Prove caffeine Is Real,1
Mexico Reports record highs in GDP growth for Q1 2024,0
Scientists Discover an enzyme variant That Could improve early detection — What It Means for You,0
Is caffeine Ruining Your Life? 7 Warning Signs,1
We Asked 10 Experts About your boss — This Is What They Said,1
Is history Ruining Your Life? 25 Warning Signs,1
The Truth About the government Finally Revealed,1
What Happened Next Will Leave You Speechless,1
Only 3% of People Can Pass This Quiz,1
The Truth About caffeine Finally Revealed,1
Study Finds improved sleep quality Linked to environmental exposure,0
Study Finds higher stress levels Linked to environmental exposure,0
The career Hack That Has Experts Divided,1
We Asked 7 Experts About your boss — This Is What They Said,1
This One Weird Trick Will Change Your diet Forever,1
The United States Passes Legislation on tax legislation After Months of Debate,0
13 Shocking Secrets this app Doesn't Want You to Know,1
Chevron Reports strong recovery Revenue in Q4 2023 Earnings,0
Only 15% of People Can Pass This Quiz,1
This Is the Most emotional Thing You'll See Today,1
UNICEF Calls for International Cooperation on bilateral relations,0
Denver Launches New digital literacy Program for Residents,0
Microsoft Announces Partnership with The FDA on expand access to education,0
The Truth About history Finally Revealed,1
This Video Will Make You Rethink Everything About your commute,1
Meta Reports a significant decline Revenue in Q1 2024 Earnings,0
Pfizer Announces Partnership with The FDA on cut deficit spending,0
New Research Links access to healthcare to increased risk in Large Population Study,0
You May Be Surprised to Learn What An AI Chatbot Did Next,1
You Won't Believe What A Local Teacher Did Next!,1
Market drops sharply as Investors React to the summit,0
This One Weird Trick Will Change Your morning routine Forever,1
We Tried this technique for 30 Days — Here's What Happened,1
The productivity Hack That Has Experts Divided,1
Analysis: How the international conference Could Reshape migration Policy — What It Means for You,0
The Internet Is Losing Its Mind Over This outrageous sleep,1
9 Things You're Doing Wrong Every Day,1
The Truth About caffeine Finally Revealed,1
The life Hack That Has Experts Divided,1
UNICEF Approves New healthcare reform Aimed at modernise transport networks,0
Only 100% of People Can Pass This Quiz,1
The Internet Is Losing Its Mind Over This hilarious career,1
Seattle Launches New green energy Program for Residents,0
Market retreats as Investors React to the winter season,0
This Is the Most controversial Thing You'll See Today,1
Market slides lower as Investors React to the election,0
Here's Why Everyone Is Talking About diet,1
You May Be Surprised to Learn What A Billionaire Did Next,1
The Supreme Court Calls for International Cooperation on tech regulation,0
The Truth About science Finally Revealed,1
The wardrobe Hack That Has Experts Divided,1
The health Hack That Has Experts Divided,1
The Internet Is Losing Its Mind Over This terrifying wardrobe,1
The World Bank Releases Annual Cybersecurity Report,0
Analysis: How the fiscal year end Could Reshape security Policy,0
South Korea Passes Legislation on infrastructure plan After Months of Debate,0
Seattle Launches New community safety Program for Residents,0
Market surges as Investors React to the quarterly review,0
We Asked 10 Experts About science — This Is What They Said,1
Scientists Are Baffled by This jaw-dropping Discovery,1
3 Shocking Secrets this app Doesn't Want You to Know,1
insane Photos That Prove social media Is Real,1
The OECD Releases Annual Financial Stability Report,0
outrageous Photos That Prove your boss Is Real,1
Analysis: How the policy deadline Could Reshape bilateral relations Policy,0
terrifying Photos That Prove your body Is Real,1
emotional Photos That Prove caffeine Is Real,1
Market retreats as Investors React to the quarterly review,0
Here's Why Everyone Is Talking About life,1
Scientists Are Baffled by This jaw-dropping Discovery,1
Scientists Are Baffled by This jaw-dropping Discovery,1
What Happened Next Will Leave You Speechless,1
5 Shocking Secrets your commute Doesn't Want You to Know,1
We Tried cold showers for 30 Days — Here's What Happened,1
A Scientist Just Broke the Internet With This unexpected Confession,1
New Research Links diet and lifestyle to improved outcomes in Large Population Study,0
Congress Approves New infrastructure plan Aimed at boost economic growth,0
A Fitness Guru Just Broke the Internet With This stunning Confession,1
Only 7% of People Can Pass This Quiz,1
Scientists Are Baffled by This jaw-dropping Discovery,1
Here's Why Everyone Is Talking About morning routine,1
What Happened Next Will Leave You Speechless,1
Canada Passes Legislation on education bill After Months of Debate,0
Study Finds increased risk Linked to sedentary behaviour,0
This Celebrity Just Broke the Internet With This jaw-dropping Confession,1
This Is the Most jaw-dropping Thing You'll See Today,1
The Prime Minister Meets with G7 partners to Discuss economic policy,0
21 Things You're Doing Wrong Every Day,1
25 Things You're Doing Wrong Every Day,1
You May Be Surprised to Learn What A Billionaire Did Next,1
You Won't Believe What A Fitness Guru Did Next!,1
The FDA Approves New education bill Aimed at reduce emissions,0
Here's Why Everyone Is Talking About wardrobe,1
Google Announces Partnership with The OECD on boost economic growth,0
The Internet Is Losing Its Mind Over This controversial morning routine,1
21 Things You're Doing Wrong Every Day,1
This Is the Most viral Thing You'll See Today,1
Is science Ruining Your Life? 25 Warning Signs,1
Market rallies as Investors React to the winter season,0
This One Weird Trick Will Change Your skin Forever,1
Only 100% of People Can Pass This Quiz,1
New Research Links air quality to greater longevity in Large Population Study,0
Officials Warn of public health risks as the summit Approaches,0
The relationships Hack That Has Experts Divided,1
The Internet Is Losing Its Mind Over This mind-blowing relationships,1
Scientists Are Baffled by This insane Discovery,1
Here's Why Everyone Is Talking About productivity,1
Officials Warn of cyber threats as the international conference Approaches,0
New Research Links environmental exposure to reduced recovery time in Large Population Study,0
Study Finds lower rates of chronic disease Linked to genetic predisposition,0
terrifying Photos That Prove this app Is Real,1
Microsoft Reports a 3.2% increase Revenue in Q1 2024 Earnings,0
This One Weird Trick Will Change Your career Forever,1
Is science Ruining Your Life? 30 Warning Signs,1
We Tried journaling for 30 Days — Here's What Happened,1
